build-full	Set up job	﻿2026-09-27T20:59:47.0061654Z Current runner version: '2.337.0'
build-full	Set up job	2026-09-27T20:59:47.0087099Z ##[group]Runner Image Provisioner
build-full	Set up job	2026-09-27T20:59:47.0088089Z Hosted Compute Agent
build-full	Set up job	2026-09-27T20:59:47.0088683Z Version: 20260828.587
build-full	Set up job	2026-09-27T20:59:47.0089367Z Commit: abac92662cab4cc7352de4f9f9d2e2419aad9c29
build-full	Set up job	2026-09-27T20:59:47.0090128Z Build Date: 2026-08-28T16:44:25Z
build-full	Set up job	2026-09-27T20:59:47.0090816Z Worker ID: {b08bdf36-bbf1-4e19-a339-83cd52b80df3}
build-full	Set up job	2026-09-27T20:59:47.0091624Z Azure Region: northcentralus
build-full	Set up job	2026-09-27T20:59:47.0092544Z ##[endgroup]
build-full	Set up job	2026-09-27T20:59:47.0095053Z ##[group]Operating System
build-full	Set up job	2026-09-27T20:59:47.0096410Z Ubuntu
build-full	Set up job	2026-09-27T20:59:47.0097309Z 24.04.5
build-full	Set up job	2026-09-27T20:59:47.0098377Z LTS
build-full	Set up job	2026-09-27T20:59:47.0099413Z ##[endgroup]
build-full	Set up job	2026-09-27T20:59:47.0100437Z ##[group]Runner Image
build-full	Set up job	2026-09-27T20:59:47.0101801Z Image: ubuntu-24.04
build-full	Set up job	2026-09-27T20:59:47.0102858Z Version: 20260920.314.1
build-full	Set up job	2026-09-27T20:59:47.0105157Z Included Software: https://github.com/actions/runner-images/blob/ubuntu24/20260920.314/images/ubuntu/Ubuntu2404-Readme.md
build-full	Set up job	2026-09-27T20:59:47.0108126Z Image Release: https://github.com/actions/runner-images/releases/tag/ubuntu24%2F20260920.314
build-full	Set up job	2026-09-27T20:59:47.0109996Z ##[endgroup]
build-full	Set up job	2026-09-27T20:59:47.0111756Z ##[group]GITHUB_TOKEN Permissions
build-full	Set up job	2026-09-27T20:59:47.0114018Z Actions: write
build-full	Set up job	2026-09-27T20:59:47.0114986Z Contents: read
build-full	Set up job	2026-09-27T20:59:47.0115632Z Metadata: read
build-full	Set up job	2026-09-27T20:59:47.0116250Z PullRequests: read
build-full	Set up job	2026-09-27T20:59:47.0116912Z ##[endgroup]
build-full	Set up job	2026-09-27T20:59:47.0119009Z Secret source: Actions
build-full	Set up job	2026-09-27T20:59:47.0119934Z Cache mode: write
build-full	Set up job	2026-09-27T20:59:47.0120712Z Prepare workflow directory
build-full	Set up job	2026-09-27T20:59:47.0850237Z Prepare all required actions
build-full	Set up job	2026-09-27T20:59:47.0923213Z Getting action download info
build-full	Set up job	2026-09-27T20:59:47.3509481Z Download action repository 'actions/checkout@v4' (SHA:11d5960a326750d5838078e36cf38b85af677262)
build-full	Set up job	2026-09-27T20:59:47.4419336Z Download action repository 'actions/cache@v4' (SHA:0057852bfaa89a56745cba8c7296529d2fc39830)
build-full	Set up job	2026-09-27T20:59:47.5477826Z Download action repository 'leanprover/lean-action@v1' (SHA:50fcf42d2e460296f1a34b402e990d1b24f8b596)
build-full	Set up job	2026-09-27T20:59:47.6992726Z Download action repository 'actions/setup-node@v4' (SHA:49933ea5288caeca8642d1e84afbd3f7d6820020)
build-full	Set up job	2026-09-27T20:59:47.7840748Z Download action repository 'actions/upload-artifact@v4' (SHA:ea165f8d65b6e75b540449e92b4886f43607fa02)
build-full	Set up job	2026-09-27T20:59:48.0353538Z Getting action download info
build-full	Set up job	2026-09-27T20:59:48.1230512Z Download action repository 'actions/cache@v5' (SHA:caa296126883cff596d87d8935842f9db880ef25)
build-full	Set up job	2026-09-27T20:59:48.3382724Z Complete job name: build-full
build-full	Run actions/checkout@v4	﻿2026-09-27T20:59:48.4328549Z ##[group]Run actions/checkout@v4
build-full	Run actions/checkout@v4	2026-09-27T20:59:48.4329841Z with:
build-full	Run actions/checkout@v4	2026-09-27T20:59:48.4330574Z   fetch-depth: 0
build-full	Run actions/checkout@v4	2026-09-27T20:59:48.4331386Z   repository: dtumad/sp1-lean
build-full	Run actions/checkout@v4	2026-09-27T20:59:48.4340440Z   token: ***
build-full	Run actions/checkout@v4	2026-09-27T20:59:48.4341213Z   ssh-strict: true
build-full	Run actions/checkout@v4	2026-09-27T20:59:48.4342013Z   ssh-user: git
build-full	Run actions/checkout@v4	2026-09-27T20:59:48.4342812Z   persist-credentials: true
build-full	Run actions/checkout@v4	2026-09-27T20:59:48.4343685Z   clean: true
build-full	Run actions/checkout@v4	2026-09-27T20:59:48.4344643Z   sparse-checkout-cone-mode: true
build-full	Run actions/checkout@v4	2026-09-27T20:59:48.4345593Z   fetch-tags: false
build-full	Run actions/checkout@v4	2026-09-27T20:59:48.4346405Z   show-progress: true
build-full	Run actions/checkout@v4	2026-09-27T20:59:48.4347215Z   lfs: false
build-full	Run actions/checkout@v4	2026-09-27T20:59:48.4347950Z   submodules: false
build-full	Run actions/checkout@v4	2026-09-27T20:59:48.4348769Z   set-safe-directory: true
build-full	Run actions/checkout@v4	2026-09-27T20:59:48.4349707Z   allow-unsafe-pr-checkout: false
build-full	Run actions/checkout@v4	2026-09-27T20:59:48.4350886Z env:
build-full	Run actions/checkout@v4	2026-09-27T20:59:48.4351665Z   SP1_CACHE_VERSION: v2
build-full	Run actions/checkout@v4	2026-09-27T20:59:48.4355262Z   CACHE_PATHS: .lake/build
build-full	Run actions/checkout@v4	.lake/packages/*
build-full	Run actions/checkout@v4	!.lake/packages/mathlib
build-full	Run actions/checkout@v4	!.lake/packages/batteries
build-full	Run actions/checkout@v4	!.lake/packages/aesop
build-full	Run actions/checkout@v4	!.lake/packages/Qq
build-full	Run actions/checkout@v4	!.lake/packages/proofwidgets
build-full	Run actions/checkout@v4	!.lake/packages/importGraph
build-full	Run actions/checkout@v4	!.lake/packages/LeanSearchClient
build-full	Run actions/checkout@v4	!.lake/packages/plausible
build-full	Run actions/checkout@v4	
build-full	Run actions/checkout@v4	2026-09-27T20:59:48.4366748Z   GH_TOKEN: ***
build-full	Run actions/checkout@v4	2026-09-27T20:59:48.4367531Z   LEAN_NUM_THREADS: 3
build-full	Run actions/checkout@v4	2026-09-27T20:59:48.4368323Z ##[endgroup]
build-full	Run actions/checkout@v4	2026-09-27T20:59:48.5380912Z Syncing repository: dtumad/sp1-lean
build-full	Run actions/checkout@v4	2026-09-27T20:59:48.5385043Z ##[group]Getting Git version info
build-full	Run actions/checkout@v4	2026-09-27T20:59:48.5387136Z Working directory is '/home/runner/work/sp1-lean/sp1-lean'
build-full	Run actions/checkout@v4	2026-09-27T20:59:48.5390616Z [command]/usr/bin/git version
build-full	Run actions/checkout@v4	2026-09-27T20:59:48.5438904Z git version 2.55.0
build-full	Run actions/checkout@v4	2026-09-27T20:59:48.5461620Z ##[endgroup]
build-full	Run actions/checkout@v4	2026-09-27T20:59:48.5477667Z Temporarily overriding HOME='/home/runner/work/_temp/881c6cd2-bb00-4ea1-ba18-8509eda672f3' before making global git config changes
build-full	Run actions/checkout@v4	2026-09-27T20:59:48.5482279Z Adding repository directory to the temporary git global config as a safe directory
build-full	Run actions/checkout@v4	2026-09-27T20:59:48.5486657Z [command]/usr/bin/git config --global --add safe.directory /home/runner/work/sp1-lean/sp1-lean
build-full	Run actions/checkout@v4	2026-09-27T20:59:48.5542785Z Deleting the contents of '/home/runner/work/sp1-lean/sp1-lean'
build-full	Run actions/checkout@v4	2026-09-27T20:59:48.5551281Z ##[group]Initializing the repository
build-full	Run actions/checkout@v4	2026-09-27T20:59:48.5553498Z [command]/usr/bin/git init /home/runner/work/sp1-lean/sp1-lean
build-full	Run actions/checkout@v4	2026-09-27T20:59:48.5718230Z hint: Using 'master' as the name for the initial branch. This default branch name
build-full	Run actions/checkout@v4	2026-09-27T20:59:48.5720873Z hint: will change to "main" in Git 3.0. To configure the initial branch name
build-full	Run actions/checkout@v4	2026-09-27T20:59:48.5723958Z hint: to use in all of your new repositories, which will suppress this warning,
build-full	Run actions/checkout@v4	2026-09-27T20:59:48.5727262Z hint: call:
build-full	Run actions/checkout@v4	2026-09-27T20:59:48.5730526Z hint:
build-full	Run actions/checkout@v4	2026-09-27T20:59:48.5732701Z hint: 	git config --global init.defaultBranch <name>
build-full	Run actions/checkout@v4	2026-09-27T20:59:48.5736156Z hint:
build-full	Run actions/checkout@v4	2026-09-27T20:59:48.5738505Z hint: Names commonly chosen instead of 'master' are 'main', 'trunk' and
build-full	Run actions/checkout@v4	2026-09-27T20:59:48.5741893Z hint: 'development'. The just-created branch can be renamed via this command:
build-full	Run actions/checkout@v4	2026-09-27T20:59:48.5745061Z hint:
build-full	Run actions/checkout@v4	2026-09-27T20:59:48.5745921Z hint: 	git branch -m <name>
build-full	Run actions/checkout@v4	2026-09-27T20:59:48.5746799Z hint:
build-full	Run actions/checkout@v4	2026-09-27T20:59:48.5747961Z hint: Disable this message with "git config set advice.defaultBranchName false"
build-full	Run actions/checkout@v4	2026-09-27T20:59:48.5750261Z Initialized empty Git repository in /home/runner/work/sp1-lean/sp1-lean/.git/
build-full	Run actions/checkout@v4	2026-09-27T20:59:48.5755649Z [command]/usr/bin/git remote add origin https://github.com/dtumad/sp1-lean
build-full	Run actions/checkout@v4	2026-09-27T20:59:48.5795439Z ##[endgroup]
build-full	Run actions/checkout@v4	2026-09-27T20:59:48.5797708Z ##[group]Disabling automatic garbage collection
build-full	Run actions/checkout@v4	2026-09-27T20:59:48.5800020Z [command]/usr/bin/git config --local gc.auto 0
build-full	Run actions/checkout@v4	2026-09-27T20:59:48.5833237Z ##[endgroup]
build-full	Run actions/checkout@v4	2026-09-27T20:59:48.5835594Z ##[group]Setting up auth
build-full	Run actions/checkout@v4	2026-09-27T20:59:48.5840529Z [command]/usr/bin/git config --local --name-only --get-regexp core\.sshCommand
build-full	Run actions/checkout@v4	2026-09-27T20:59:48.5876580Z [command]/usr/bin/git submodule foreach --recursive sh -c "git config --local --name-only --get-regexp 'core\.sshCommand' && git config --local --unset-all 'core.sshCommand' || :"
build-full	Run actions/checkout@v4	2026-09-27T20:59:48.6291588Z [command]/usr/bin/git config --local --name-only --get-regexp http\.https\:\/\/github\.com\/\.extraheader
build-full	Run actions/checkout@v4	2026-09-27T20:59:48.6337804Z [command]/usr/bin/git submodule foreach --recursive sh -c "git config --local --name-only --get-regexp 'http\.https\:\/\/github\.com\/\.extraheader' && git config --local --unset-all 'http.https://github.com/.extraheader' || :"
build-full	Run actions/checkout@v4	2026-09-27T20:59:48.6557033Z [command]/usr/bin/git config --local --name-only --get-regexp ^includeIf\.gitdir:
build-full	Run actions/checkout@v4	2026-09-27T20:59:48.6592549Z [command]/usr/bin/git submodule foreach --recursive git config --local --show-origin --name-only --get-regexp remote.origin.url
build-full	Run actions/checkout@v4	2026-09-27T20:59:48.6817556Z [command]/usr/bin/git config --local http.https://github.com/.extraheader AUTHORIZATION: basic ***
build-full	Run actions/checkout@v4	2026-09-27T20:59:48.6858059Z ##[endgroup]
build-full	Run actions/checkout@v4	2026-09-27T20:59:48.6860464Z ##[group]Fetching the repository
build-full	Run actions/checkout@v4	2026-09-27T20:59:48.6872608Z [command]/usr/bin/git -c protocol.version=2 fetch --prune --no-recurse-submodules origin +refs/heads/*:refs/remotes/origin/* +refs/tags/*:refs/tags/* +6d6a6238dc80c7007bff7c498cd64072b3b87b8c:refs/remotes/pull/104/merge
build-full	Run actions/checkout@v4	2026-09-27T20:59:51.8171352Z From https://github.com/dtumad/sp1-lean
build-full	Run actions/checkout@v4	2026-09-27T20:59:51.8173878Z  * [new branch]        codex/air-path-write-permission          -> origin/codex/air-path-write-permission
build-full	Run actions/checkout@v4	2026-09-27T20:59:51.8176073Z  * [new branch]        codex/backend-gadget-conformance         -> origin/codex/backend-gadget-conformance
build-full	Run actions/checkout@v4	2026-09-27T20:59:51.8178243Z  * [new branch]        codex/branch-immediate-width             -> origin/codex/branch-immediate-width
build-full	Run actions/checkout@v4	2026-09-27T20:59:51.8179329Z  * [new branch]        codex/capstone-audit-contract            -> origin/codex/capstone-audit-contract
build-full	Run actions/checkout@v4	2026-09-27T20:59:51.8180267Z  * [new branch]        codex/clean-portability-roadmap          -> origin/codex/clean-portability-roadmap
build-full	Run actions/checkout@v4	2026-09-27T20:59:51.8181245Z  * [new branch]        codex/final-memory-change-coverage       -> origin/codex/final-memory-change-coverage
build-full	Run actions/checkout@v4	2026-09-27T20:59:51.8182257Z  * [new branch]        codex/final-memory-check-assembly        -> origin/codex/final-memory-check-assembly
build-full	Run actions/checkout@v4	2026-09-27T20:59:51.8183306Z  * [new branch]        codex/final-memory-validation            -> origin/codex/final-memory-validation
build-full	Run actions/checkout@v4	2026-09-27T20:59:51.8184541Z  * [new branch]        codex/final-ram-contract                 -> origin/codex/final-ram-contract
build-full	Run actions/checkout@v4	2026-09-27T20:59:51.8185425Z  * [new branch]        codex/host-channel-evidence              -> origin/codex/host-channel-evidence
build-full	Run actions/checkout@v4	2026-09-27T20:59:51.8186244Z  * [new branch]        codex/land-reviewed-final-memory         -> origin/codex/land-reviewed-final-memory
build-full	Run actions/checkout@v4	2026-09-27T20:59:51.8187699Z  * [new branch]        codex/mixed-final-memory-closure         -> origin/codex/mixed-final-memory-closure
build-full	Run actions/checkout@v4	2026-09-27T20:59:51.8189127Z  * [new branch]        codex/mixed-final-memory-install         -> origin/codex/mixed-final-memory-install
build-full	Run actions/checkout@v4	2026-09-27T20:59:51.8190245Z  * [new branch]        codex/native-instruction-alignment       -> origin/codex/native-instruction-alignment
build-full	Run actions/checkout@v4	2026-09-27T20:59:51.8191274Z  * [new branch]        codex/ordinary-halt-path-adapter         -> origin/codex/ordinary-halt-path-adapter
build-full	Run actions/checkout@v4	2026-09-27T20:59:51.8192093Z  * [new branch]        codex/ordinary-observation-consumer      -> origin/codex/ordinary-observation-consumer
build-full	Run actions/checkout@v4	2026-09-27T20:59:51.8192891Z  * [new branch]        codex/ordinary-state-receipts            -> origin/codex/ordinary-state-receipts
build-full	Run actions/checkout@v4	2026-09-27T20:59:51.8193650Z  * [new branch]        codex/ordinary-write-policy              -> origin/codex/ordinary-write-policy
build-full	Run actions/checkout@v4	2026-09-27T20:59:51.8194579Z  * [new branch]        codex/physical-resource-footprint        -> origin/codex/physical-resource-footprint
build-full	Run actions/checkout@v4	2026-09-27T20:59:51.8195427Z  * [new branch]        codex/protected-ordinary-receipts        -> origin/codex/protected-ordinary-receipts
build-full	Run actions/checkout@v4	2026-09-27T20:59:51.8196244Z  * [new branch]        codex/resource-enforcement               -> origin/codex/resource-enforcement
build-full	Run actions/checkout@v4	2026-09-27T20:59:51.8197132Z  * [new branch]        codex/resource-layout                    -> origin/codex/resource-layout
build-full	Run actions/checkout@v4	2026-09-27T20:59:51.8198382Z  * [new branch]        codex/retire-axiom-census                -> origin/codex/retire-axiom-census
build-full	Run actions/checkout@v4	2026-09-27T20:59:51.8199240Z  * [new branch]        codex/rom-execution-policy               -> origin/codex/rom-execution-policy
build-full	Run actions/checkout@v4	2026-09-27T20:59:51.8200115Z  * [new branch]        codex/sail-arithmetic-frame              -> origin/codex/sail-arithmetic-frame
build-full	Run actions/checkout@v4	2026-09-27T20:59:51.8201009Z  * [new branch]        codex/sail-control-flow-frame            -> origin/codex/sail-control-flow-frame
build-full	Run actions/checkout@v4	2026-09-27T20:59:51.8201871Z  * [new branch]        codex/sail-endpoint-frame                -> origin/codex/sail-endpoint-frame
build-full	Run actions/checkout@v4	2026-09-27T20:59:51.8202899Z  * [new branch]        codex/sail-memory-frame                  -> origin/codex/sail-memory-frame
build-full	Run actions/checkout@v4	2026-09-27T20:59:51.8203798Z  * [new branch]        codex/sail-path-rom                      -> origin/codex/sail-path-rom
build-full	Run actions/checkout@v4	2026-09-27T20:59:51.8204983Z  * [new branch]        codex/sail-semantic-foundations          -> origin/codex/sail-semantic-foundations
build-full	Run actions/checkout@v4	2026-09-27T20:59:51.8205908Z  * [new branch]        codex/semantic-access-totality           -> origin/codex/semantic-access-totality
build-full	Run actions/checkout@v4	2026-09-27T20:59:51.8206845Z  * [new branch]        codex/semantic-compiler-validity         -> origin/codex/semantic-compiler-validity
build-full	Run actions/checkout@v4	2026-09-27T20:59:51.8207780Z  * [new branch]        codex/semantic-resource-profile          -> origin/codex/semantic-resource-profile
build-full	Run actions/checkout@v4	2026-09-27T20:59:51.8208863Z  * [new branch]        codex/semantic-write-path                -> origin/codex/semantic-write-path
build-full	Run actions/checkout@v4	2026-09-27T20:59:51.8209724Z  * [new branch]        codex/shared-native-carrier              -> origin/codex/shared-native-carrier
build-full	Run actions/checkout@v4	2026-09-27T20:59:51.8210560Z  * [new branch]        codex/talk-artifacts                     -> origin/codex/talk-artifacts
build-full	Run actions/checkout@v4	2026-09-27T20:59:51.8211398Z  * [new branch]        codex/trust-policy-check                 -> origin/codex/trust-policy-check
build-full	Run actions/checkout@v4	2026-09-27T20:59:51.8212271Z  * [new branch]        codex/typed-table-registration           -> origin/codex/typed-table-registration
build-full	Run actions/checkout@v4	2026-09-27T20:59:51.8213140Z  * [new branch]        dtumad/build-experiment                  -> origin/dtumad/build-experiment
build-full	Run actions/checkout@v4	2026-09-27T20:59:51.8213930Z  * [new branch]        dtumad/cache-gc                          -> origin/dtumad/cache-gc
build-full	Run actions/checkout@v4	2026-09-27T20:59:51.8215161Z  * [new branch]        dtumad/cache-keys                        -> origin/dtumad/cache-keys
build-full	Run actions/checkout@v4	2026-09-27T20:59:51.8216035Z  * [new branch]        dtumad/campaign-closeout                 -> origin/dtumad/campaign-closeout
build-full	Run actions/checkout@v4	2026-09-27T20:59:51.8216941Z  * [new branch]        dtumad/core-verification-capstone        -> origin/dtumad/core-verification-capstone
build-full	Run actions/checkout@v4	2026-09-27T20:59:51.8217815Z  * [new branch]        dtumad/evidence-obtain                   -> origin/dtumad/evidence-obtain
build-full	Run actions/checkout@v4	2026-09-27T20:59:51.8218619Z  * [new branch]        dtumad/exporter-witgen                   -> origin/dtumad/exporter-witgen
build-full	Run actions/checkout@v4	2026-09-27T20:59:51.8219409Z  * [new branch]        dtumad/fold-alignment                    -> origin/dtumad/fold-alignment
build-full	Run actions/checkout@v4	2026-09-27T20:59:51.8220208Z  * [new branch]        dtumad/fork-a1-profile                   -> origin/dtumad/fork-a1-profile
build-full	Run actions/checkout@v4	2026-09-27T20:59:51.8221020Z  * [new branch]        dtumad/fork-a2-build-split               -> origin/dtumad/fork-a2-build-split
build-full	Run actions/checkout@v4	2026-09-27T20:59:51.8221856Z  * [new branch]        dtumad/fork-b2-stale-prose               -> origin/dtumad/fork-b2-stale-prose
build-full	Run actions/checkout@v4	2026-09-27T20:59:51.8222673Z  * [new branch]        dtumad/fork-b6-sail-regen                -> origin/dtumad/fork-b6-sail-regen
build-full	Run actions/checkout@v4	2026-09-27T20:59:51.8223462Z  * [new branch]        dtumad/fork-c-m0                         -> origin/dtumad/fork-c-m0
build-full	Run actions/checkout@v4	2026-09-27T20:59:51.8224544Z  * [new branch]        dtumad/fork-t11-core-tests               -> origin/dtumad/fork-t11-core-tests
build-full	Run actions/checkout@v4	2026-09-27T20:59:51.8225401Z  * [new branch]        dtumad/global-hoist                      -> origin/dtumad/global-hoist
build-full	Run actions/checkout@v4	2026-09-27T20:59:51.8226235Z  * [new branch]        dtumad/global-hoist-nolint               -> origin/dtumad/global-hoist-nolint
build-full	Run actions/checkout@v4	2026-09-27T20:59:51.8227318Z  * [new branch]        dtumad/lean-options                      -> origin/dtumad/lean-options
build-full	Run actions/checkout@v4	2026-09-27T20:59:51.8228108Z  * [new branch]        dtumad/module-tier-1                     -> origin/dtumad/module-tier-1
build-full	Run actions/checkout@v4	2026-09-27T20:59:51.8228944Z  * [new branch]        dtumad/narrow-mathlib-tactic             -> origin/dtumad/narrow-mathlib-tactic
build-full	Run actions/checkout@v4	2026-09-27T20:59:51.8229859Z  * [new branch]        dtumad/pitfalls-docs                     -> origin/dtumad/pitfalls-docs
build-full	Run actions/checkout@v4	2026-09-27T20:59:51.8230662Z  * [new branch]        dtumad/pitfalls-round2                   -> origin/dtumad/pitfalls-round2
build-full	Run actions/checkout@v4	2026-09-27T20:59:51.8231507Z  * [new branch]        dtumad/plugin-points-doc                 -> origin/dtumad/plugin-points-doc
build-full	Run actions/checkout@v4	2026-09-27T20:59:51.8232331Z  * [new branch]        dtumad/register-decide                   -> origin/dtumad/register-decide
build-full	Run actions/checkout@v4	2026-09-27T20:59:51.8233125Z  * [new branch]        dtumad/rtype-views                       -> origin/dtumad/rtype-views
build-full	Run actions/checkout@v4	2026-09-27T20:59:51.8234009Z  * [new branch]        dtumad/rvfidii-legacy-do                 -> origin/dtumad/rvfidii-legacy-do
build-full	Run actions/checkout@v4	2026-09-27T20:59:51.8235126Z  * [new branch]        dtumad/shiftright-omega                  -> origin/dtumad/shiftright-omega
build-full	Run actions/checkout@v4	2026-09-27T20:59:51.8235983Z  * [new branch]        dtumad/struct-eval-rfl                   -> origin/dtumad/struct-eval-rfl
build-full	Run actions/checkout@v4	2026-09-27T20:59:51.8237018Z  * [new branch]        dtumad/syscall-rintro                    -> origin/dtumad/syscall-rintro
build-full	Run actions/checkout@v4	2026-09-27T20:59:51.8237823Z  * [new branch]        dtumad/toolchain-4-33                    -> origin/dtumad/toolchain-4-33
build-full	Run actions/checkout@v4	2026-09-27T20:59:51.8238582Z  * [new branch]        exp/rvfidii-j1                           -> origin/exp/rvfidii-j1
build-full	Run actions/checkout@v4	2026-09-27T20:59:51.8239337Z  * [new branch]        exp/rvfidii-j2                           -> origin/exp/rvfidii-j2
build-full	Run actions/checkout@v4	2026-09-27T20:59:51.8240137Z  * [new branch]        exp/rvfidii-threads                      -> origin/exp/rvfidii-threads
build-full	Run actions/checkout@v4	2026-09-27T20:59:51.8240856Z  * [new branch]        main                                     -> origin/main
build-full	Run actions/checkout@v4	2026-09-27T20:59:51.8241818Z  * [new branch]        spike/lean-4.33.1                        -> origin/spike/lean-4.33.1
build-full	Run actions/checkout@v4	2026-09-27T20:59:51.8242976Z  * [new branch]        spike/s3-clean-main                      -> origin/spike/s3-clean-main
build-full	Run actions/checkout@v4	2026-09-27T20:59:51.8243775Z  * [new ref]           6d6a6238dc80c7007bff7c498cd64072b3b87b8c -> pull/104/merge
build-full	Run actions/checkout@v4	2026-09-27T20:59:51.8245919Z ##[endgroup]
build-full	Run actions/checkout@v4	2026-09-27T20:59:51.8246596Z ##[group]Determining the checkout info
build-full	Run actions/checkout@v4	2026-09-27T20:59:51.8247340Z ##[endgroup]
build-full	Run actions/checkout@v4	2026-09-27T20:59:51.8248068Z [command]/usr/bin/git sparse-checkout disable
build-full	Run actions/checkout@v4	2026-09-27T20:59:51.8249772Z [command]/usr/bin/git config --local --unset-all extensions.worktreeConfig
build-full	Run actions/checkout@v4	2026-09-27T20:59:51.8288762Z ##[group]Checking out the ref
build-full	Run actions/checkout@v4	2026-09-27T20:59:51.8292838Z [command]/usr/bin/git checkout --progress --force refs/remotes/pull/104/merge
build-full	Run actions/checkout@v4	2026-09-27T20:59:52.0919925Z Note: switching to 'refs/remotes/pull/104/merge'.
build-full	Run actions/checkout@v4	2026-09-27T20:59:52.0921117Z 
build-full	Run actions/checkout@v4	2026-09-27T20:59:52.0922156Z You are in 'detached HEAD' state. You can look around, make experimental
build-full	Run actions/checkout@v4	2026-09-27T20:59:52.0923945Z changes and commit them, and you can discard any commits you make in this
build-full	Run actions/checkout@v4	2026-09-27T20:59:52.0926099Z state without impacting any branches by switching back to a branch.
build-full	Run actions/checkout@v4	2026-09-27T20:59:52.0927238Z 
build-full	Run actions/checkout@v4	2026-09-27T20:59:52.0928290Z If you want to create a new branch to retain commits you create, you may
build-full	Run actions/checkout@v4	2026-09-27T20:59:52.0929720Z do so (now or later) by using -c with the switch command. Example:
build-full	Run actions/checkout@v4	2026-09-27T20:59:52.0930619Z 
build-full	Run actions/checkout@v4	2026-09-27T20:59:52.0931245Z   git switch -c <new-branch-name>
build-full	Run actions/checkout@v4	2026-09-27T20:59:52.0931728Z 
build-full	Run actions/checkout@v4	2026-09-27T20:59:52.0932057Z Or undo this operation with:
build-full	Run actions/checkout@v4	2026-09-27T20:59:52.0932352Z 
build-full	Run actions/checkout@v4	2026-09-27T20:59:52.0932531Z   git switch -
build-full	Run actions/checkout@v4	2026-09-27T20:59:52.0932742Z 
build-full	Run actions/checkout@v4	2026-09-27T20:59:52.0933104Z Turn off this advice by setting config variable advice.detachedHead to false
build-full	Run actions/checkout@v4	2026-09-27T20:59:52.0933546Z 
build-full	Run actions/checkout@v4	2026-09-27T20:59:52.0934528Z HEAD is now at 6d6a6238 Merge 698bec03cf75327921a694c55a219d340a77ea47 into 9e383aaa85aec0eaf8ed0856f243ed8806520aef
build-full	Run actions/checkout@v4	2026-09-27T20:59:52.0943162Z ##[endgroup]
build-full	Run actions/checkout@v4	2026-09-27T20:59:52.0990092Z [command]/usr/bin/git log -1 --format=%H
build-full	Run actions/checkout@v4	2026-09-27T20:59:52.1017166Z 6d6a6238dc80c7007bff7c498cd64072b3b87b8c
build-full	Free disk space if the image is short of it	﻿2026-09-27T20:59:52.1238697Z ##[group]Run avail=$(df --output=avail -BG / | tail -1 | tr -dc 0-9)
build-full	Free disk space if the image is short of it	2026-09-27T20:59:52.1239448Z ^[[36;1mavail=$(df --output=avail -BG / | tail -1 | tr -dc 0-9)^[[0m
build-full	Free disk space if the image is short of it	2026-09-27T20:59:52.1239979Z ^[[36;1mif [ "$avail" -lt 25 ]; then^[[0m
build-full	Free disk space if the image is short of it	2026-09-27T20:59:52.1240625Z ^[[36;1m  sudo rm -rf /usr/share/dotnet /usr/local/lib/android /opt/ghc /opt/hostedtoolcache/CodeQL \^[[0m
build-full	Free disk space if the image is short of it	2026-09-27T20:59:52.1241314Z ^[[36;1m    /usr/local/share/boost /usr/local/.ghcup^[[0m
build-full	Free disk space if the image is short of it	2026-09-27T20:59:52.1241763Z ^[[36;1mfi^[[0m
build-full	Free disk space if the image is short of it	2026-09-27T20:59:52.1242110Z ^[[36;1mdf -h /^[[0m
build-full	Free disk space if the image is short of it	2026-09-27T20:59:52.1526245Z shell: /usr/bin/bash -e {0}
build-full	Free disk space if the image is short of it	2026-09-27T20:59:52.1526715Z env:
build-full	Free disk space if the image is short of it	2026-09-27T20:59:52.1527084Z   SP1_CACHE_VERSION: v2
build-full	Free disk space if the image is short of it	2026-09-27T20:59:52.1528357Z   CACHE_PATHS: .lake/build
build-full	Free disk space if the image is short of it	.lake/packages/*
build-full	Free disk space if the image is short of it	!.lake/packages/mathlib
build-full	Free disk space if the image is short of it	!.lake/packages/batteries
build-full	Free disk space if the image is short of it	!.lake/packages/aesop
build-full	Free disk space if the image is short of it	!.lake/packages/Qq
build-full	Free disk space if the image is short of it	!.lake/packages/proofwidgets
build-full	Free disk space if the image is short of it	!.lake/packages/importGraph
build-full	Free disk space if the image is short of it	!.lake/packages/LeanSearchClient
build-full	Free disk space if the image is short of it	!.lake/packages/plausible
build-full	Free disk space if the image is short of it	
build-full	Free disk space if the image is short of it	2026-09-27T20:59:52.1532319Z   GH_TOKEN: ***
build-full	Free disk space if the image is short of it	2026-09-27T20:59:52.1560033Z   LEAN_NUM_THREADS: 3
build-full	Free disk space if the image is short of it	2026-09-27T20:59:52.1560727Z ##[endgroup]
build-full	Free disk space if the image is short of it	2026-09-27T20:59:52.1708893Z Filesystem      Size  Used Avail Use% Mounted on
build-full	Free disk space if the image is short of it	2026-09-27T20:59:52.1709655Z /dev/root       145G   59G   86G  41% /
build-full	Compute cache keys and pick the entry to restore	﻿2026-09-27T20:59:52.1784827Z ##[group]Run prefix="sp1-v2-Linux-1d1af8e4bb8545c94cdccacb2678423a00445d109d914342d3490bbc0d068f1b"
build-full	Compute cache keys and pick the entry to restore	2026-09-27T20:59:52.1785847Z ^[[36;1mprefix="sp1-v2-Linux-1d1af8e4bb8545c94cdccacb2678423a00445d109d914342d3490bbc0d068f1b"^[[0m
build-full	Compute cache keys and pick the entry to restore	2026-09-27T20:59:52.1786538Z ^[[36;1mif [ "pull_request" = "pull_request" ]; then^[[0m
build-full	Compute cache keys and pick the entry to restore	2026-09-27T20:59:52.1787277Z ^[[36;1m  echo "key=${prefix}-align-pr104-698bec03cf75327921a694c55a219d340a77ea47-36349817969-1" >> "$GITHUB_OUTPUT"^[[0m
build-full	Compute cache keys and pick the entry to restore	2026-09-27T20:59:52.1788085Z ^[[36;1m  git rev-list --first-parent -n 30 HEAD^1 > lineage.txt^[[0m
build-full	Compute cache keys and pick the entry to restore	2026-09-27T20:59:52.1788583Z ^[[36;1melse^[[0m
build-full	Compute cache keys and pick the entry to restore	2026-09-27T20:59:52.1789187Z ^[[36;1m  echo "key=${prefix}-align-6d6a6238dc80c7007bff7c498cd64072b3b87b8c-36349817969-1" >> "$GITHUB_OUTPUT"^[[0m
build-full	Compute cache keys and pick the entry to restore	2026-09-27T20:59:52.1789929Z ^[[36;1m  git rev-list --first-parent -n 30 HEAD > lineage.txt^[[0m
build-full	Compute cache keys and pick the entry to restore	2026-09-27T20:59:52.1790424Z ^[[36;1mfi^[[0m
build-full	Compute cache keys and pick the entry to restore	2026-09-27T20:59:52.1790957Z ^[[36;1mpython3 scripts/ci/cache_pick.py --mode align --prefix "$prefix" --lineage lineage.txt \^[[0m
build-full	Compute cache keys and pick the entry to restore	2026-09-27T20:59:52.1792181Z ^[[36;1m  --core-key "sp1-v2-Linux-1d1af8e4bb8545c94cdccacb2678423a00445d109d914342d3490bbc0d068f1b-core-pr104-698bec03cf75327921a694c55a219d340a77ea47-36349817969-1" >> "$GITHUB_OUTPUT"^[[0m
build-full	Compute cache keys and pick the entry to restore	2026-09-27T20:59:52.1793167Z ^[[36;1mcat "$GITHUB_OUTPUT"^[[0m
build-full	Compute cache keys and pick the entry to restore	2026-09-27T20:59:52.1852892Z shell: /usr/bin/bash -e {0}
build-full	Compute cache keys and pick the entry to restore	2026-09-27T20:59:52.1853296Z env:
build-full	Compute cache keys and pick the entry to restore	2026-09-27T20:59:52.1853626Z   SP1_CACHE_VERSION: v2
build-full	Compute cache keys and pick the entry to restore	2026-09-27T20:59:52.1855020Z   CACHE_PATHS: .lake/build
build-full	Compute cache keys and pick the entry to restore	.lake/packages/*
build-full	Compute cache keys and pick the entry to restore	!.lake/packages/mathlib
build-full	Compute cache keys and pick the entry to restore	!.lake/packages/batteries
build-full	Compute cache keys and pick the entry to restore	!.lake/packages/aesop
build-full	Compute cache keys and pick the entry to restore	!.lake/packages/Qq
build-full	Compute cache keys and pick the entry to restore	!.lake/packages/proofwidgets
build-full	Compute cache keys and pick the entry to restore	!.lake/packages/importGraph
build-full	Compute cache keys and pick the entry to restore	!.lake/packages/LeanSearchClient
build-full	Compute cache keys and pick the entry to restore	!.lake/packages/plausible
build-full	Compute cache keys and pick the entry to restore	
build-full	Compute cache keys and pick the entry to restore	2026-09-27T20:59:52.1858615Z   GH_TOKEN: ***
build-full	Compute cache keys and pick the entry to restore	2026-09-27T20:59:52.1858971Z   LEAN_NUM_THREADS: 3
build-full	Compute cache keys and pick the entry to restore	2026-09-27T20:59:52.1859332Z ##[endgroup]
build-full	Compute cache keys and pick the entry to restore	2026-09-27T20:59:52.6978565Z key=sp1-v2-Linux-1d1af8e4bb8545c94cdccacb2678423a00445d109d914342d3490bbc0d068f1b-align-pr104-698bec03cf75327921a694c55a219d340a77ea47-36349817969-1
build-full	Compute cache keys and pick the entry to restore	2026-09-27T20:59:52.6981441Z pick=sp1-v2-Linux-1d1af8e4bb8545c94cdccacb2678423a00445d109d914342d3490bbc0d068f1b-core-pr104-698bec03cf75327921a694c55a219d340a77ea47-36349817969-1
build-full	Compute cache keys and pick the entry to restore	2026-09-27T20:59:52.6983693Z fallback1=sp1-v2-Linux-1d1af8e4bb8545c94cdccacb2678423a00445d109d914342d3490bbc0d068f1b-align-9e383aaa85aec0eaf8ed0856f243ed8806520aef-
build-full	Compute cache keys and pick the entry to restore	2026-09-27T20:59:52.6986022Z fallback2=sp1-v2-Linux-1d1af8e4bb8545c94cdccacb2678423a00445d109d914342d3490bbc0d068f1b-core-9e383aaa85aec0eaf8ed0856f243ed8806520aef-
build-full	Restore the core entry this run saved (else by lineage)	﻿2026-09-27T20:59:52.7084388Z ##[group]Run actions/cache/restore@v4
build-full	Restore the core entry this run saved (else by lineage)	2026-09-27T20:59:52.7084706Z with:
build-full	Restore the core entry this run saved (else by lineage)	2026-09-27T20:59:52.7085597Z   path: .lake/build
build-full	Restore the core entry this run saved (else by lineage)	.lake/packages/*
build-full	Restore the core entry this run saved (else by lineage)	!.lake/packages/mathlib
build-full	Restore the core entry this run saved (else by lineage)	!.lake/packages/batteries
build-full	Restore the core entry this run saved (else by lineage)	!.lake/packages/aesop
build-full	Restore the core entry this run saved (else by lineage)	!.lake/packages/Qq
build-full	Restore the core entry this run saved (else by lineage)	!.lake/packages/proofwidgets
build-full	Restore the core entry this run saved (else by lineage)	!.lake/packages/importGraph
build-full	Restore the core entry this run saved (else by lineage)	!.lake/packages/LeanSearchClient
build-full	Restore the core entry this run saved (else by lineage)	!.lake/packages/plausible
build-full	Restore the core entry this run saved (else by lineage)	
build-full	Restore the core entry this run saved (else by lineage)	2026-09-27T20:59:52.7087037Z   key: sp1-v2-Linux-1d1af8e4bb8545c94cdccacb2678423a00445d109d914342d3490bbc0d068f1b-core-pr104-698bec03cf75327921a694c55a219d340a77ea47-36349817969-1
build-full	Restore the core entry this run saved (else by lineage)	2026-09-27T20:59:52.7088639Z   restore-keys: sp1-v2-Linux-1d1af8e4bb8545c94cdccacb2678423a00445d109d914342d3490bbc0d068f1b-align-9e383aaa85aec0eaf8ed0856f243ed8806520aef-
build-full	Restore the core entry this run saved (else by lineage)	sp1-v2-Linux-1d1af8e4bb8545c94cdccacb2678423a00445d109d914342d3490bbc0d068f1b-core-9e383aaa85aec0eaf8ed0856f243ed8806520aef-
build-full	Restore the core entry this run saved (else by lineage)	
build-full	Restore the core entry this run saved (else by lineage)	2026-09-27T20:59:52.7089822Z   enableCrossOsArchive: false
build-full	Restore the core entry this run saved (else by lineage)	2026-09-27T20:59:52.7090080Z   fail-on-cache-miss: false
build-full	Restore the core entry this run saved (else by lineage)	2026-09-27T20:59:52.7090314Z   lookup-only: false
build-full	Restore the core entry this run saved (else by lineage)	2026-09-27T20:59:52.7090525Z env:
build-full	Restore the core entry this run saved (else by lineage)	2026-09-27T20:59:52.7090737Z   SP1_CACHE_VERSION: v2
build-full	Restore the core entry this run saved (else by lineage)	2026-09-27T20:59:52.7091662Z   CACHE_PATHS: .lake/build
build-full	Restore the core entry this run saved (else by lineage)	.lake/packages/*
build-full	Restore the core entry this run saved (else by lineage)	!.lake/packages/mathlib
build-full	Restore the core entry this run saved (else by lineage)	!.lake/packages/batteries
build-full	Restore the core entry this run saved (else by lineage)	!.lake/packages/aesop
build-full	Restore the core entry this run saved (else by lineage)	!.lake/packages/Qq
build-full	Restore the core entry this run saved (else by lineage)	!.lake/packages/proofwidgets
build-full	Restore the core entry this run saved (else by lineage)	!.lake/packages/importGraph
build-full	Restore the core entry this run saved (else by lineage)	!.lake/packages/LeanSearchClient
build-full	Restore the core entry this run saved (else by lineage)	!.lake/packages/plausible
build-full	Restore the core entry this run saved (else by lineage)	
build-full	Restore the core entry this run saved (else by lineage)	2026-09-27T20:59:52.7095299Z   GH_TOKEN: ***
build-full	Restore the core entry this run saved (else by lineage)	2026-09-27T20:59:52.7095527Z   LEAN_NUM_THREADS: 3
build-full	Restore the core entry this run saved (else by lineage)	2026-09-27T20:59:52.7095749Z ##[endgroup]
build-full	Restore the core entry this run saved (else by lineage)	2026-09-27T20:59:52.8153020Z (node:2287) [DEP0040] DeprecationWarning: The `punycode` module is deprecated. Please use a userland alternative instead.
build-full	Restore the core entry this run saved (else by lineage)	2026-09-27T20:59:52.8153959Z (Use `node --trace-deprecation ...` to show where the warning was created)
build-full	Restore the core entry this run saved (else by lineage)	2026-09-27T20:59:52.9163516Z Cache hit for: sp1-v2-Linux-1d1af8e4bb8545c94cdccacb2678423a00445d109d914342d3490bbc0d068f1b-core-pr104-698bec03cf75327921a694c55a219d340a77ea47-36349817969-1
build-full	Restore the core entry this run saved (else by lineage)	2026-09-27T20:59:52.9301032Z (node:2287) [DEP0169] DeprecationWarning: `url.parse()` behavior is not standardized and prone to errors that have security implications. Use the WHATWG URL API instead. CVEs are not issued for `url.parse()` vulnerabilities.
build-full	Restore the core entry this run saved (else by lineage)	2026-09-27T20:59:54.0306274Z Received 134217728 of 684421441 (19.6%), 127.9 MBs/sec
build-full	Restore the core entry this run saved (else by lineage)	2026-09-27T20:59:55.0355119Z Received 381681664 of 684421441 (55.8%), 181.7 MBs/sec
build-full	Restore the core entry this run saved (else by lineage)	2026-09-27T20:59:56.0325413Z Received 645922816 of 684421441 (94.4%), 205.1 MBs/sec
build-full	Restore the core entry this run saved (else by lineage)	2026-09-27T20:59:56.2755204Z Received 684421441 of 684421441 (100.0%), 201.2 MBs/sec
build-full	Restore the core entry this run saved (else by lineage)	2026-09-27T20:59:56.2756800Z Cache Size: ~653 MB (684421441 B)
build-full	Restore the core entry this run saved (else by lineage)	2026-09-27T20:59:56.2815749Z [command]/usr/bin/tar -xf /home/runner/work/_temp/fc99f7fa-a139-4f4f-830c-44c7499ac153/cache.tzst -P -C /home/runner/work/sp1-lean/sp1-lean --use-compress-program unzstd
build-full	Restore the core entry this run saved (else by lineage)	2026-09-27T21:00:02.6971343Z Cache restored successfully
build-full	Restore the core entry this run saved (else by lineage)	2026-09-27T21:00:02.7369493Z Cache restored from key: sp1-v2-Linux-1d1af8e4bb8545c94cdccacb2678423a00445d109d914342d3490bbc0d068f1b-core-pr104-698bec03cf75327921a694c55a219d340a77ea47-36349817969-1
build-full	Run leanprover/lean-action@v1	﻿2026-09-27T21:00:02.7750637Z ##[group]Run leanprover/lean-action@v1
build-full	Run leanprover/lean-action@v1	2026-09-27T21:00:02.7750985Z with:
build-full	Run leanprover/lean-action@v1	2026-09-27T21:00:02.7751201Z   build: false
build-full	Run leanprover/lean-action@v1	2026-09-27T21:00:02.7751431Z   test: false
build-full	Run leanprover/lean-action@v1	2026-09-27T21:00:02.7751646Z   lint: false
build-full	Run leanprover/lean-action@v1	2026-09-27T21:00:02.7751867Z   use-mathlib-cache: true
build-full	Run leanprover/lean-action@v1	2026-09-27T21:00:02.7752127Z   use-github-cache: false
build-full	Run leanprover/lean-action@v1	2026-09-27T21:00:02.7752415Z   auto-config: true
build-full	Run leanprover/lean-action@v1	2026-09-27T21:00:02.7752652Z   mk_all-check: false
build-full	Run leanprover/lean-action@v1	2026-09-27T21:00:02.7752918Z   check-reservoir-eligibility: false
build-full	Run leanprover/lean-action@v1	2026-09-27T21:00:02.7753209Z   leanchecker: false
build-full	Run leanprover/lean-action@v1	2026-09-27T21:00:02.7753447Z   lean4checker: false
build-full	Run leanprover/lean-action@v1	2026-09-27T21:00:02.7753685Z   nanoda: false
build-full	Run leanprover/lean-action@v1	2026-09-27T21:00:02.7753914Z   nanoda-allow-sorry: true
build-full	Run leanprover/lean-action@v1	2026-09-27T21:00:02.7754455Z   axiom-audit: false
build-full	Run leanprover/lean-action@v1	2026-09-27T21:00:02.7754967Z   axiom-audit-allow: propext,Classical.choice,Quot.sound
build-full	Run leanprover/lean-action@v1	2026-09-27T21:00:02.7755537Z   lake-package-directory: .
build-full	Run leanprover/lean-action@v1	2026-09-27T21:00:02.7755838Z   reinstall-transient-toolchain: false
build-full	Run leanprover/lean-action@v1	2026-09-27T21:00:02.7756124Z env:
build-full	Run leanprover/lean-action@v1	2026-09-27T21:00:02.7756332Z   SP1_CACHE_VERSION: v2
build-full	Run leanprover/lean-action@v1	2026-09-27T21:00:02.7757358Z   CACHE_PATHS: .lake/build
build-full	Run leanprover/lean-action@v1	.lake/packages/*
build-full	Run leanprover/lean-action@v1	!.lake/packages/mathlib
build-full	Run leanprover/lean-action@v1	!.lake/packages/batteries
build-full	Run leanprover/lean-action@v1	!.lake/packages/aesop
build-full	Run leanprover/lean-action@v1	!.lake/packages/Qq
build-full	Run leanprover/lean-action@v1	!.lake/packages/proofwidgets
build-full	Run leanprover/lean-action@v1	!.lake/packages/importGraph
build-full	Run leanprover/lean-action@v1	!.lake/packages/LeanSearchClient
build-full	Run leanprover/lean-action@v1	!.lake/packages/plausible
build-full	Run leanprover/lean-action@v1	
build-full	Run leanprover/lean-action@v1	2026-09-27T21:00:02.7760678Z   GH_TOKEN: ***
build-full	Run leanprover/lean-action@v1	2026-09-27T21:00:02.7760917Z   LEAN_NUM_THREADS: 3
build-full	Run leanprover/lean-action@v1	2026-09-27T21:00:02.7761153Z ##[endgroup]
build-full	Run leanprover/lean-action@v1	2026-09-27T21:00:02.7853629Z ##[start-action display=install elan;id=__leanprover_lean-action.__run]
build-full	Run leanprover/lean-action@v1	2026-09-27T21:00:02.7890520Z ##[group]Run : Install Elan
build-full	Run leanprover/lean-action@v1	2026-09-27T21:00:02.7890991Z ^[[36;1m: Install Elan^[[0m
build-full	Run leanprover/lean-action@v1	2026-09-27T21:00:02.7891492Z ^[[36;1m${GITHUB_ACTION_PATH}/scripts/install_elan.sh^[[0m
build-full	Run leanprover/lean-action@v1	2026-09-27T21:00:02.7961931Z shell: /usr/bin/bash --noprofile --norc -e -o pipefail {0}
build-full	Run leanprover/lean-action@v1	2026-09-27T21:00:02.7962296Z env:
build-full	Run leanprover/lean-action@v1	2026-09-27T21:00:02.7962497Z   SP1_CACHE_VERSION: v2
build-full	Run leanprover/lean-action@v1	2026-09-27T21:00:02.7963456Z   CACHE_PATHS: .lake/build
build-full	Run leanprover/lean-action@v1	.lake/packages/*
build-full	Run leanprover/lean-action@v1	!.lake/packages/mathlib
build-full	Run leanprover/lean-action@v1	!.lake/packages/batteries
build-full	Run leanprover/lean-action@v1	!.lake/packages/aesop
build-full	Run leanprover/lean-action@v1	!.lake/packages/Qq
build-full	Run leanprover/lean-action@v1	!.lake/packages/proofwidgets
build-full	Run leanprover/lean-action@v1	!.lake/packages/importGraph
build-full	Run leanprover/lean-action@v1	!.lake/packages/LeanSearchClient
build-full	Run leanprover/lean-action@v1	!.lake/packages/plausible
build-full	Run leanprover/lean-action@v1	
build-full	Run leanprover/lean-action@v1	2026-09-27T21:00:02.7967051Z   GH_TOKEN: ***
build-full	Run leanprover/lean-action@v1	2026-09-27T21:00:02.7967283Z   LEAN_NUM_THREADS: 3
build-full	Run leanprover/lean-action@v1	2026-09-27T21:00:02.7967505Z ##[endgroup]
build-full	Run leanprover/lean-action@v1	2026-09-27T21:00:02.9201371Z ##[group]Elan Installation Output
build-full	Run leanprover/lean-action@v1	2026-09-27T21:00:03.3156083Z info: downloading installer
build-full	Run leanprover/lean-action@v1	2026-09-27T21:00:04.6640476Z info: downloading https://releases.lean-lang.org/lean4/v4.33.1/lean-4.33.1-linux.tar.zst
build-full	Run leanprover/lean-action@v1	2026-09-27T21:00:07.9180472Z info: installing /home/runner/.elan/toolchains/leanprover--lean4---v4.33.1
build-full	Run leanprover/lean-action@v1	2026-09-27T21:00:14.7152319Z Lean (version 4.33.1, x86_64-unknown-linux-gnu, commit 819816b2e0a3bf405af45ae5c7af2491d8f5bee6, Release)
build-full	Run leanprover/lean-action@v1	2026-09-27T21:00:14.7575866Z Lake version 5.0.0-src+819816b (Lean version 4.33.1)
build-full	Run leanprover/lean-action@v1	2026-09-27T21:00:14.7576824Z ##[endgroup]
build-full	Run leanprover/lean-action@v1	2026-09-27T21:00:14.7579612Z 
build-full	Run leanprover/lean-action@v1	2026-09-27T21:00:14.7596562Z ##[end-action id=__leanprover_lean-action.__run;outcome=success;conclusion=success;duration_ms=11974]
build-full	Run leanprover/lean-action@v1	2026-09-27T21:00:14.7603076Z ##[start-action display=configure `lean-action`;id=__leanprover_lean-action.config]
build-full	Run leanprover/lean-action@v1	2026-09-27T21:00:14.7718638Z ##[group]Run : Configure Lean Action
build-full	Run leanprover/lean-action@v1	2026-09-27T21:00:14.7718956Z ^[[36;1m: Configure Lean Action^[[0m
build-full	Run leanprover/lean-action@v1	2026-09-27T21:00:14.7719248Z ^[[36;1m${GITHUB_ACTION_PATH}/scripts/config.sh^[[0m
build-full	Run leanprover/lean-action@v1	2026-09-27T21:00:14.7793756Z shell: /usr/bin/bash --noprofile --norc -e -o pipefail {0}
build-full	Run leanprover/lean-action@v1	2026-09-27T21:00:14.7794329Z env:
build-full	Run leanprover/lean-action@v1	2026-09-27T21:00:14.7794541Z   SP1_CACHE_VERSION: v2
build-full	Run leanprover/lean-action@v1	2026-09-27T21:00:14.7795509Z   CACHE_PATHS: .lake/build
build-full	Run leanprover/lean-action@v1	.lake/packages/*
build-full	Run leanprover/lean-action@v1	!.lake/packages/mathlib
build-full	Run leanprover/lean-action@v1	!.lake/packages/batteries
build-full	Run leanprover/lean-action@v1	!.lake/packages/aesop
build-full	Run leanprover/lean-action@v1	!.lake/packages/Qq
build-full	Run leanprover/lean-action@v1	!.lake/packages/proofwidgets
build-full	Run leanprover/lean-action@v1	!.lake/packages/importGraph
build-full	Run leanprover/lean-action@v1	!.lake/packages/LeanSearchClient
build-full	Run leanprover/lean-action@v1	!.lake/packages/plausible
build-full	Run leanprover/lean-action@v1	
build-full	Run leanprover/lean-action@v1	2026-09-27T21:00:14.7798792Z   GH_TOKEN: ***
build-full	Run leanprover/lean-action@v1	2026-09-27T21:00:14.7799014Z   LEAN_NUM_THREADS: 3
build-full	Run leanprover/lean-action@v1	2026-09-27T21:00:14.7799245Z   AUTO_CONFIG: true
build-full	Run leanprover/lean-action@v1	2026-09-27T21:00:14.7799452Z   BUILD: false
build-full	Run leanprover/lean-action@v1	2026-09-27T21:00:14.7799890Z   TEST: false
build-full	Run leanprover/lean-action@v1	2026-09-27T21:00:14.7800084Z   LINT: false
build-full	Run leanprover/lean-action@v1	2026-09-27T21:00:14.7800275Z ##[endgroup]
build-full	Run leanprover/lean-action@v1	2026-09-27T21:00:14.8221228Z ##[group]Configure lean-action
build-full	Run leanprover/lean-action@v1	2026-09-27T21:00:14.8247191Z build: false -> will not run lake build
build-full	Run leanprover/lean-action@v1	2026-09-27T21:00:14.8247752Z test: false -> will not run lake test
build-full	Run leanprover/lean-action@v1	2026-09-27T21:00:14.8248261Z lint: false -> will not run lake lint
build-full	Run leanprover/lean-action@v1	2026-09-27T21:00:14.8257685Z ##[end-action id=__leanprover_lean-action.config;outcome=success;conclusion=success;duration_ms=65]
build-full	Run leanprover/lean-action@v1	2026-09-27T21:00:14.8259855Z ##[start-action display=reinstall transient toolchain;id=__leanprover_lean-action.__run_2]
build-full	Run leanprover/lean-action@v1	2026-09-27T21:00:14.8277840Z ##[end-action id=__leanprover_lean-action.__run_2;outcome=skipped;conclusion=skipped;duration_ms=0]
build-full	Run leanprover/lean-action@v1	2026-09-27T21:00:14.8280450Z ##[start-action display=ensure all files are imported;id=__leanprover_lean-action.mk_all]
build-full	Run leanprover/lean-action@v1	2026-09-27T21:00:14.8284678Z ##[end-action id=__leanprover_lean-action.mk_all;outcome=skipped;conclusion=skipped;duration_ms=0]
build-full	Run leanprover/lean-action@v1	2026-09-27T21:00:14.8286734Z ##[start-action display=Run actions/cache/restore@v5;id=__leanprover_lean-action.__actions_cache]
build-full	Run leanprover/lean-action@v1	2026-09-27T21:00:14.8290261Z ##[end-action id=__leanprover_lean-action.__actions_cache;outcome=skipped;conclusion=skipped;duration_ms=0]
build-full	Run leanprover/lean-action@v1	2026-09-27T21:00:14.8292125Z ##[start-action display=detect mathlib;id=__leanprover_lean-action.detect-mathlib]
build-full	Run leanprover/lean-action@v1	2026-09-27T21:00:14.8295919Z ##[end-action id=__leanprover_lean-action.detect-mathlib;outcome=skipped;conclusion=skipped;duration_ms=0]
build-full	Run leanprover/lean-action@v1	2026-09-27T21:00:14.8297797Z ##[start-action display=get mathlib cache;id=__leanprover_lean-action.__run_3]
build-full	Run leanprover/lean-action@v1	2026-09-27T21:00:14.8328947Z ##[group]Run : Get Mathlib Cache
build-full	Run leanprover/lean-action@v1	2026-09-27T21:00:14.8329248Z ^[[36;1m: Get Mathlib Cache^[[0m
build-full	Run leanprover/lean-action@v1	2026-09-27T21:00:14.8329508Z ^[[36;1mecho "::group::Mathlib Cache"^[[0m
build-full	Run leanprover/lean-action@v1	2026-09-27T21:00:14.8329786Z ^[[36;1mlake exe cache get^[[0m
build-full	Run leanprover/lean-action@v1	2026-09-27T21:00:14.8330032Z ^[[36;1mecho "::endgroup::"^[[0m
build-full	Run leanprover/lean-action@v1	2026-09-27T21:00:14.8330270Z ^[[36;1mecho^[[0m
build-full	Run leanprover/lean-action@v1	2026-09-27T21:00:14.8386961Z shell: /usr/bin/bash --noprofile --norc -e -o pipefail {0}
build-full	Run leanprover/lean-action@v1	2026-09-27T21:00:14.8387336Z env:
build-full	Run leanprover/lean-action@v1	2026-09-27T21:00:14.8387568Z   SP1_CACHE_VERSION: v2
build-full	Run leanprover/lean-action@v1	2026-09-27T21:00:14.8388535Z   CACHE_PATHS: .lake/build
build-full	Run leanprover/lean-action@v1	.lake/packages/*
build-full	Run leanprover/lean-action@v1	!.lake/packages/mathlib
build-full	Run leanprover/lean-action@v1	!.lake/packages/batteries
build-full	Run leanprover/lean-action@v1	!.lake/packages/aesop
build-full	Run leanprover/lean-action@v1	!.lake/packages/Qq
build-full	Run leanprover/lean-action@v1	!.lake/packages/proofwidgets
build-full	Run leanprover/lean-action@v1	!.lake/packages/importGraph
build-full	Run leanprover/lean-action@v1	!.lake/packages/LeanSearchClient
build-full	Run leanprover/lean-action@v1	!.lake/packages/plausible
build-full	Run leanprover/lean-action@v1	
build-full	Run leanprover/lean-action@v1	2026-09-27T21:00:14.8391932Z   GH_TOKEN: ***
build-full	Run leanprover/lean-action@v1	2026-09-27T21:00:14.8392159Z   LEAN_NUM_THREADS: 3
build-full	Run leanprover/lean-action@v1	2026-09-27T21:00:14.8392385Z ##[endgroup]
build-full	Run leanprover/lean-action@v1	2026-09-27T21:00:14.8672984Z ##[group]Mathlib Cache
build-full	Run leanprover/lean-action@v1	2026-09-27T21:00:15.5124545Z info: mathlib: cloning https://github.com/leanprover-community/mathlib4
build-full	Run leanprover/lean-action@v1	2026-09-27T21:00:47.6924000Z info: mathlib: checking out revision '0df444a360eaa60ab8c11dca51a86af692955474'
build-full	Run leanprover/lean-action@v1	2026-09-27T21:00:49.7873989Z info: plausible: cloning https://github.com/leanprover-community/plausible
build-full	Run leanprover/lean-action@v1	2026-09-27T21:00:50.0990391Z info: plausible: checking out revision 'b7eb3304aeae834b12dda98993a37f6a41f6f0bb'
build-full	Run leanprover/lean-action@v1	2026-09-27T21:00:50.1112701Z info: LeanSearchClient: cloning https://github.com/leanprover-community/LeanSearchClient
build-full	Run leanprover/lean-action@v1	2026-09-27T21:00:50.4506433Z info: LeanSearchClient: checking out revision '5f4d51b81cbd3f6b32b156bfad9056621a040404'
build-full	Run leanprover/lean-action@v1	2026-09-27T21:00:50.4624758Z info: importGraph: cloning https://github.com/leanprover-community/import-graph
build-full	Run leanprover/lean-action@v1	2026-09-27T21:00:50.8724869Z info: importGraph: checking out revision '16f02aa7642864af59f1ff0e384a015994db9118'
build-full	Run leanprover/lean-action@v1	2026-09-27T21:00:50.8895819Z info: proofwidgets: cloning https://github.com/leanprover-community/ProofWidgets4
build-full	Run leanprover/lean-action@v1	2026-09-27T21:00:51.5262323Z info: proofwidgets: checking out revision '4be2e3d5087eeb272cf5a8853b8f9dd025ef5957'
build-full	Run leanprover/lean-action@v1	2026-09-27T21:00:52.1557986Z info: aesop: cloning https://github.com/leanprover-community/aesop
build-full	Run leanprover/lean-action@v1	2026-09-27T21:00:52.8815764Z info: aesop: checking out revision '3448c0bcc5ce01b2d1546e483ec3620e32df3d0e'
build-full	Run leanprover/lean-action@v1	2026-09-27T21:00:52.8989394Z info: Qq: cloning https://github.com/leanprover-community/quote4
build-full	Run leanprover/lean-action@v1	2026-09-27T21:00:53.2457367Z info: Qq: checking out revision '92c15be17b7caf78c2ad767ec40f89052d908d81'
build-full	Run leanprover/lean-action@v1	2026-09-27T21:00:53.2578266Z info: batteries: cloning https://github.com/leanprover-community/batteries
build-full	Run leanprover/lean-action@v1	2026-09-27T21:00:55.5628881Z info: batteries: checking out revision '4488d40d070b9700d4d5a6aa342f0d40c31b2a2d'
build-full	Run leanprover/lean-action@v1	2026-09-27T21:00:56.0110032Z ✔ [1/5] Built Cache.Cli (388ms)
build-full	Run leanprover/lean-action@v1	2026-09-27T21:00:56.1139631Z ✔ [2/11] Built Cache.Lean (461ms)
build-full	Run leanprover/lean-action@v1	2026-09-27T21:00:56.4137895Z ✔ [6/26] Built Cache.Cli:c.o (195ms)
build-full	Run leanprover/lean-action@v1	2026-09-27T21:00:56.5142379Z ✔ [7/26] Built Cache.Lean:c.o (159ms)
build-full	Run leanprover/lean-action@v1	2026-09-27T21:00:56.7145519Z ✔ [8/26] Built Cache.Infra (526ms)
build-full	Run leanprover/lean-action@v1	2026-09-27T21:00:56.9147840Z ✔ [9/26] Built Cache.Infra:c.o (230ms)
build-full	Run leanprover/lean-action@v1	2026-09-27T21:00:57.2151438Z ✔ [10/26] Built Batteries.Tactic.OpenPrivate (1.0s)
build-full	Run leanprover/lean-action@v1	2026-09-27T21:00:58.6175607Z ✔ [11/26] Built Batteries.Tactic.OpenPrivate:c.o (1.4s)
build-full	Run leanprover/lean-action@v1	2026-09-27T21:00:58.7176498Z ✔ [12/26] Built Cache.IO (1.5s)
build-full	Run leanprover/lean-action@v1	2026-09-27T21:00:59.6177583Z ✔ [13/26] Built Cache.Hashing (883ms)
build-full	Run leanprover/lean-action@v1	2026-09-27T21:01:00.2203658Z ✔ [14/26] Built Cache.Hashing:c.o (662ms)
build-full	Run leanprover/lean-action@v1	2026-09-27T21:01:00.4187895Z ✔ [15/26] Built Cache.IO:c.o (1.7s)
build-full	Run leanprover/lean-action@v1	2026-09-27T21:01:01.7230415Z ✔ [16/26] Built Cache.Requests (2.2s)
build-full	Run leanprover/lean-action@v1	2026-09-27T21:01:02.4231646Z ✔ [17/26] Built Cache.Marker (610ms)
build-full	Run leanprover/lean-action@v1	2026-09-27T21:01:02.5235586Z ✔ [18/26] Built Cache.Marker:c.o (147ms)
build-full	Run leanprover/lean-action@v1	2026-09-27T21:01:03.2255676Z ✔ [19/26] Built Cache.Query (824ms)
build-full	Run leanprover/lean-action@v1	2026-09-27T21:01:03.7250301Z ✔ [20/26] Built Cache.Query:c.o (497ms)
build-full	Run leanprover/lean-action@v1	2026-09-27T21:01:04.1285860Z ✔ [21/26] Built Cache.Warning (919ms)
build-full	Run leanprover/lean-action@v1	2026-09-27T21:01:04.5281611Z ✔ [22/26] Built Cache.Warning:c.o (428ms)
build-full	Run leanprover/lean-action@v1	2026-09-27T21:01:04.9285858Z ✔ [23/26] Built Cache.Requests:c.o (3.2s)
build-full	Run leanprover/lean-action@v1	2026-09-27T21:01:05.4280657Z ✔ [24/26] Built Cache.Main (1.3s)
build-full	Run leanprover/lean-action@v1	2026-09-27T21:01:06.4291535Z ✔ [25/26] Built Cache.Main:c.o (986ms)
build-full	Run leanprover/lean-action@v1	2026-09-27T21:01:07.2300375Z ✔ [26/26] Built cache:exe (726ms)
build-full	Run leanprover/lean-action@v1	2026-09-27T21:01:10.6632552Z Current branch: HEAD
build-full	Run leanprover/lean-action@v1	2026-09-27T21:01:10.6633310Z Using cache from origin: (some leanprover-community/mathlib4)
build-full	Run leanprover/lean-action@v1	2026-09-27T21:01:10.6635062Z Attempting to download 8690 file(s) from leanprover-community/mathlib4 cache at https://lakecache.blob.core.windows.net/mathlib4-master
build-full	Run leanprover/lean-action@v1	2026-09-27T21:01:11.8243593Z 
build-full	Run leanprover/lean-action@v1	2026-09-27T21:01:11.9266615Z Downloaded: 1 file(s) [attempted 1/8690 = 0%, 16 KB/s], Decompressed: 0
build-full	Run leanprover/lean-action@v1	2026-09-27T21:01:12.0275762Z Downloaded: 148 file(s) [attempted 148/8690 = 1%, 566 KB/s], Decompressed: 15
build-full	Run leanprover/lean-action@v1	2026-09-27T21:01:12.1260261Z Downloaded: 312 file(s) [attempted 312/8690 = 3%, 4635 KB/s], Decompressed: 15
build-full	Run leanprover/lean-action@v1	2026-09-27T21:01:12.2247721Z Downloaded: 519 file(s) [attempted 519/8690 = 5%, 7011 KB/s], Decompressed: 80
build-full	Run leanprover/lean-action@v1	2026-09-27T21:01:12.3265574Z Downloaded: 710 file(s) [attempted 710/8690 = 8%, 631 KB/s], Decompressed: 80
build-full	Run leanprover/lean-action@v1	2026-09-27T21:01:12.4445753Z Downloaded: 884 file(s) [attempted 884/8690 = 10%, 3792 KB/s], Decompressed: 80
build-full	Run leanprover/lean-action@v1	2026-09-27T21:01:12.5417579Z Downloaded: 1063 file(s) [attempted 1063/8690 = 12%, 1345 KB/s], Decompressed: 80
build-full	Run leanprover/lean-action@v1	2026-09-27T21:01:12.6474058Z Downloaded: 1261 file(s) [attempted 1261/8690 = 14%, 1307 KB/s], Decompressed: 80
build-full	Run leanprover/lean-action@v1	2026-09-27T21:01:12.7455589Z Downloaded: 1470 file(s) [attempted 1470/8690 = 16%, 1043 KB/s], Decompressed: 80
build-full	Run leanprover/lean-action@v1	2026-09-27T21:01:12.8473136Z Downloaded: 1680 file(s) [attempted 1680/8690 = 19%, 1589 KB/s], Decompressed: 80
build-full	Run leanprover/lean-action@v1	2026-09-27T21:01:12.9510949Z Downloaded: 1869 file(s) [attempted 1869/8690 = 21%, 1725 KB/s], Decompressed: 80
build-full	Run leanprover/lean-action@v1	2026-09-27T21:01:13.0525651Z Downloaded: 2060 file(s) [attempted 2060/8690 = 23%, 3697 KB/s], Decompressed: 80
build-full	Run leanprover/lean-action@v1	2026-09-27T21:01:13.1546063Z Downloaded: 2279 file(s) [attempted 2279/8690 = 26%, 1336 KB/s], Decompressed: 80
build-full	Run leanprover/lean-action@v1	2026-09-27T21:01:13.2526547Z Downloaded: 2428 file(s) [attempted 2428/8690 = 27%, 5253 KB/s], Decompressed: 80
build-full	Run leanprover/lean-action@v1	2026-09-27T21:01:13.3555421Z Downloaded: 2622 file(s) [attempted 2622/8690 = 30%, 7951 KB/s], Decompressed: 80
build-full	Run leanprover/lean-action@v1	2026-09-27T21:01:13.4535451Z Downloaded: 2807 file(s) [attempted 2807/8690 = 32%, 552 KB/s], Decompressed: 80
build-full	Run leanprover/lean-action@v1	2026-09-27T21:01:13.5547685Z Downloaded: 2983 file(s) [attempted 2983/8690 = 34%, 7079 KB/s], Decompressed: 80
build-full	Run leanprover/lean-action@v1	2026-09-27T21:01:13.6608300Z Downloaded: 3159 file(s) [attempted 3159/8690 = 36%, 472 KB/s], Decompressed: 80
build-full	Run leanprover/lean-action@v1	2026-09-27T21:01:13.7653702Z Downloaded: 3323 file(s) [attempted 3323/8690 = 38%, 11117 KB/s], Decompressed: 465
build-full	Run leanprover/lean-action@v1	2026-09-27T21:01:13.8722939Z Downloaded: 3503 file(s) [attempted 3503/8690 = 40%, 560 KB/s], Decompressed: 465
build-full	Run leanprover/lean-action@v1	2026-09-27T21:01:13.9866044Z Downloaded: 3666 file(s) [attempted 3666/8690 = 42%, 836 KB/s], Decompressed: 465
build-full	Run leanprover/lean-action@v1	2026-09-27T21:01:14.0945667Z Downloaded: 3824 file(s) [attempted 3824/8690 = 44%, 2690 KB/s], Decompressed: 465
build-full	Run leanprover/lean-action@v1	2026-09-27T21:01:14.2035259Z Downloaded: 3978 file(s) [attempted 3978/8690 = 45%, 6311 KB/s], Decompressed: 465
build-full	Run leanprover/lean-action@v1	2026-09-27T21:01:14.3066979Z Downloaded: 4176 file(s) [attempted 4176/8690 = 48%, 1211 KB/s], Decompressed: 465
build-full	Run leanprover/lean-action@v1	2026-09-27T21:01:14.4060376Z Downloaded: 4330 file(s) [attempted 4330/8690 = 49%, 3273 KB/s], Decompressed: 465
build-full	Run leanprover/lean-action@v1	2026-09-27T21:01:14.5065409Z Downloaded: 4484 file(s) [attempted 4484/8690 = 51%, 4336 KB/s], Decompressed: 465
build-full	Run leanprover/lean-action@v1	2026-09-27T21:01:14.6140262Z Downloaded: 4639 file(s) [attempted 4639/8690 = 53%, 261 KB/s], Decompressed: 465
build-full	Run leanprover/lean-action@v1	2026-09-27T21:01:14.7175795Z Downloaded: 4792 file(s) [attempted 4792/8690 = 55%, 561 KB/s], Decompressed: 465
build-full	Run leanprover/lean-action@v1	2026-09-27T21:01:14.8245314Z Downloaded: 4990 file(s) [attempted 4990/8690 = 57%, 4261 KB/s], Decompressed: 465
build-full	Run leanprover/lean-action@v1	2026-09-27T21:01:14.9243214Z Downloaded: 5106 file(s) [attempted 5106/8690 = 58%, 440 KB/s], Decompressed: 465
build-full	Run leanprover/lean-action@v1	2026-09-27T21:01:15.0305472Z Downloaded: 5265 file(s) [attempted 5265/8690 = 60%, 932 KB/s], Decompressed: 465
build-full	Run leanprover/lean-action@v1	2026-09-27T21:01:15.1309970Z Downloaded: 5409 file(s) [attempted 5409/8690 = 62%, 634 KB/s], Decompressed: 465
build-full	Run leanprover/lean-action@v1	2026-09-27T21:01:15.2365547Z Downloaded: 5526 file(s) [attempted 5526/8690 = 63%, 1244 KB/s], Decompressed: 465
build-full	Run leanprover/lean-action@v1	2026-09-27T21:01:15.3374336Z Downloaded: 5724 file(s) [attempted 5724/8690 = 65%, 7715 KB/s], Decompressed: 465
build-full	Run leanprover/lean-action@v1	2026-09-27T21:01:15.4380269Z Downloaded: 5957 file(s) [attempted 5957/8690 = 68%, 6570 KB/s], Decompressed: 465
build-full	Run leanprover/lean-action@v1	2026-09-27T21:01:15.5435576Z Downloaded: 6139 file(s) [attempted 6139/8690 = 70%, 5866 KB/s], Decompressed: 465
build-full	Run leanprover/lean-action@v1	2026-09-27T21:01:15.6427712Z Downloaded: 6302 file(s) [attempted 6302/8690 = 72%, 4743 KB/s], Decompressed: 465
build-full	Run leanprover/lean-action@v1	2026-09-27T21:01:15.7435719Z Downloaded: 6495 file(s) [attempted 6495/8690 = 74%, 3561 KB/s], Decompressed: 465
build-full	Run leanprover/lean-action@v1	2026-09-27T21:01:15.8427193Z Downloaded: 6651 file(s) [attempted 6651/8690 = 76%, 2212 KB/s], Decompressed: 465
build-full	Run leanprover/lean-action@v1	2026-09-27T21:01:15.9431405Z Downloaded: 6800 file(s) [attempted 6800/8690 = 78%, 3108 KB/s], Decompressed: 465
build-full	Run leanprover/lean-action@v1	2026-09-27T21:01:16.0459602Z Downloaded: 6957 file(s) [attempted 6957/8690 = 80%, 2419 KB/s], Decompressed: 465
build-full	Run leanprover/lean-action@v1	2026-09-27T21:01:16.1481570Z Downloaded: 7163 file(s) [attempted 7163/8690 = 82%, 412 KB/s], Decompressed: 465
build-full	Run leanprover/lean-action@v1	2026-09-27T21:01:16.2485063Z Downloaded: 7372 file(s) [attempted 7372/8690 = 84%, 1604 KB/s], Decompressed: 465
build-full	Run leanprover/lean-action@v1	2026-09-27T21:01:16.3516036Z Downloaded: 7551 file(s) [attempted 7551/8690 = 86%, 596 KB/s], Decompressed: 465
build-full	Run leanprover/lean-action@v1	2026-09-27T21:01:16.4495359Z Downloaded: 7719 file(s) [attempted 7719/8690 = 88%, 3623 KB/s], Decompressed: 465
build-full	Run leanprover/lean-action@v1	2026-09-27T21:01:16.5525460Z Downloaded: 7912 file(s) [attempted 7912/8690 = 91%, 1266 KB/s], Decompressed: 465
build-full	Run leanprover/lean-action@v1	2026-09-27T21:01:16.6520674Z Downloaded: 7989 file(s) [attempted 7989/8690 = 91%, 3287 KB/s], Decompressed: 465
build-full	Run leanprover/lean-action@v1	2026-09-27T21:01:16.7568903Z Downloaded: 8157 file(s) [attempted 8157/8690 = 93%, 2735 KB/s], Decompressed: 465
build-full	Run leanprover/lean-action@v1	2026-09-27T21:01:16.8555412Z Downloaded: 8350 file(s) [attempted 8350/8690 = 96%, 3666 KB/s], Decompressed: 465
build-full	Run leanprover/lean-action@v1	2026-09-27T21:01:16.9560660Z Downloaded: 8529 file(s) [attempted 8529/8690 = 98%, 5682 KB/s], Decompressed: 465
build-full	Run leanprover/lean-action@v1	2026-09-27T21:01:17.0178452Z Downloaded: 8681 file(s) [attempted 8681/8690 = 99%, 1583 KB/s], Decompressed: 465
build-full	Run leanprover/lean-action@v1	2026-09-27T21:01:17.0180639Z Downloaded: 8690 file(s) [attempted 8690/8690 = 100%, 1583 KB/s], Decompressed: 465
build-full	Run leanprover/lean-action@v1	2026-09-27T21:01:39.2720843Z Decompressed 8690 file(s)
build-full	Run leanprover/lean-action@v1	2026-09-27T21:01:39.2721407Z Already decompressed 8690 file(s)
build-full	Run leanprover/lean-action@v1	2026-09-27T21:01:39.3320126Z ##[endgroup]
build-full	Run leanprover/lean-action@v1	2026-09-27T21:01:39.3320404Z 
build-full	Run leanprover/lean-action@v1	2026-09-27T21:01:39.3329534Z ##[end-action id=__leanprover_lean-action.__run_3;outcome=success;conclusion=success;duration_ms=84503]
build-full	Run leanprover/lean-action@v1	2026-09-27T21:01:39.3343957Z ##[start-action display=build dtumad/sp1-lean;id=__leanprover_lean-action.build]
build-full	Run leanprover/lean-action@v1	2026-09-27T21:01:39.3349127Z ##[end-action id=__leanprover_lean-action.build;outcome=skipped;conclusion=skipped;duration_ms=0]
build-full	Run leanprover/lean-action@v1	2026-09-27T21:01:39.3351152Z ##[start-action display=Run actions/cache/save@v5;id=__leanprover_lean-action.__actions_cache_2]
build-full	Run leanprover/lean-action@v1	2026-09-27T21:01:39.3355127Z ##[end-action id=__leanprover_lean-action.__actions_cache_2;outcome=skipped;conclusion=skipped;duration_ms=0]
build-full	Run leanprover/lean-action@v1	2026-09-27T21:01:39.3359535Z ##[start-action display=test dtumad/sp1-lean;id=__leanprover_lean-action.test]
build-full	Run leanprover/lean-action@v1	2026-09-27T21:01:39.3365871Z ##[end-action id=__leanprover_lean-action.test;outcome=skipped;conclusion=skipped;duration_ms=0]
build-full	Run leanprover/lean-action@v1	2026-09-27T21:01:39.3369576Z ##[start-action display=lint dtumad/sp1-lean;id=__leanprover_lean-action.lint]
build-full	Run leanprover/lean-action@v1	2026-09-27T21:01:39.3376072Z ##[end-action id=__leanprover_lean-action.lint;outcome=skipped;conclusion=skipped;duration_ms=0]
build-full	Run leanprover/lean-action@v1	2026-09-27T21:01:39.3378545Z ##[start-action display=check reservoir eligibility;id=__leanprover_lean-action.__run_4]
build-full	Run leanprover/lean-action@v1	2026-09-27T21:01:39.3381900Z ##[end-action id=__leanprover_lean-action.__run_4;outcome=skipped;conclusion=skipped;duration_ms=0]
build-full	Run leanprover/lean-action@v1	2026-09-27T21:01:39.3384999Z ##[start-action display=check environment with leanchecker;id=__leanprover_lean-action.__run_5]
build-full	Run leanprover/lean-action@v1	2026-09-27T21:01:39.3389737Z ##[end-action id=__leanprover_lean-action.__run_5;outcome=skipped;conclusion=skipped;duration_ms=0]
build-full	Run leanprover/lean-action@v1	2026-09-27T21:01:39.3391932Z ##[start-action display=check environment with nanoda;id=__leanprover_lean-action.nanoda]
build-full	Run leanprover/lean-action@v1	2026-09-27T21:01:39.3395433Z ##[end-action id=__leanprover_lean-action.nanoda;outcome=skipped;conclusion=skipped;duration_ms=0]
build-full	Run leanprover/lean-action@v1	2026-09-27T21:01:39.3397768Z ##[start-action display=audit axioms with axiom-audit;id=__leanprover_lean-action.axiom-audit]
build-full	Run leanprover/lean-action@v1	2026-09-27T21:01:39.3400931Z ##[end-action id=__leanprover_lean-action.axiom-audit;outcome=skipped;conclusion=skipped;duration_ms=0]
build-full	Full build (resumable — a cold cache may need one re-run)	﻿2026-09-27T21:01:39.3461427Z ##[group]Run timeout 5h lake --no-cache build --wfail --iofail SP1Clean ToClean ToMathlib ToPolyFun backendGadgets
build-full	Full build (resumable — a cold cache may need one re-run)	2026-09-27T21:01:39.3462267Z ^[[36;1mtimeout 5h lake --no-cache build --wfail --iofail SP1Clean ToClean ToMathlib ToPolyFun backendGadgets^[[0m
build-full	Full build (resumable — a cold cache may need one re-run)	2026-09-27T21:01:39.3609947Z shell: /usr/bin/bash -e {0}
build-full	Full build (resumable — a cold cache may need one re-run)	2026-09-27T21:01:39.3610378Z env:
build-full	Full build (resumable — a cold cache may need one re-run)	2026-09-27T21:01:39.3610579Z   SP1_CACHE_VERSION: v2
build-full	Full build (resumable — a cold cache may need one re-run)	2026-09-27T21:01:39.3611556Z   CACHE_PATHS: .lake/build
build-full	Full build (resumable — a cold cache may need one re-run)	.lake/packages/*
build-full	Full build (resumable — a cold cache may need one re-run)	!.lake/packages/mathlib
build-full	Full build (resumable — a cold cache may need one re-run)	!.lake/packages/batteries
build-full	Full build (resumable — a cold cache may need one re-run)	!.lake/packages/aesop
build-full	Full build (resumable — a cold cache may need one re-run)	!.lake/packages/Qq
build-full	Full build (resumable — a cold cache may need one re-run)	!.lake/packages/proofwidgets
build-full	Full build (resumable — a cold cache may need one re-run)	!.lake/packages/importGraph
build-full	Full build (resumable — a cold cache may need one re-run)	!.lake/packages/LeanSearchClient
build-full	Full build (resumable — a cold cache may need one re-run)	!.lake/packages/plausible
build-full	Full build (resumable — a cold cache may need one re-run)	
build-full	Full build (resumable — a cold cache may need one re-run)	2026-09-27T21:01:39.3615380Z   GH_TOKEN: ***
build-full	Full build (resumable — a cold cache may need one re-run)	2026-09-27T21:01:39.3615618Z   LEAN_NUM_THREADS: 3
build-full	Full build (resumable — a cold cache may need one re-run)	2026-09-27T21:01:39.3615842Z ##[endgroup]
build-full	Full build (resumable — a cold cache may need one re-run)	2026-09-27T21:01:43.0573010Z ✔ [3085/5195] Built Batteries.CodeAction.Deprecated:c.o (827ms)
build-full	Full build (resumable — a cold cache may need one re-run)	2026-09-27T21:01:43.7589624Z ✔ [3086/5195] Built Clean.Backends.Circom.Ast (1.9s)
build-full	Full build (resumable — a cold cache may need one re-run)	2026-09-27T21:01:43.9596269Z ✔ [3087/5195] Built Batteries.Logic:c.o (132ms)
build-full	Full build (resumable — a cold cache may need one re-run)	2026-09-27T21:01:44.4645628Z ✔ [3088/5195] Built Batteries.Util.LibraryNote:c.o (562ms)
build-full	Full build (resumable — a cold cache may need one re-run)	2026-09-27T21:01:45.8715866Z ✔ [3089/5195] Built Mathlib.Tactic.Linter.DirectoryDependency:c.o (1.4s)
build-full	Full build (resumable — a cold cache may need one re-run)	2026-09-27T21:01:46.0732569Z ✔ [3090/5195] Built CompPoly.Fields.PrattCertificate (4.2s)
build-full	Full build (resumable — a cold cache may need one re-run)	2026-09-27T21:01:46.2723144Z ✔ [3091/5195] Built Mathlib.Lean.Linter:c.o (135ms)
build-full	Full build (resumable — a cold cache may need one re-run)	2026-09-27T21:01:46.7765641Z ✔ [3092/5195] Built Mathlib.Tactic.AdaptationNote:c.o (512ms)
build-full	Full build (resumable — a cold cache may need one re-run)	2026-09-27T21:01:46.8757525Z ✔ [3093/5195] Built Batteries.Tactic.Alias:c.o (3.8s)
build-full	Full build (resumable — a cold cache may need one re-run)	2026-09-27T21:01:46.9740557Z ✔ [3094/5195] Built Mathlib.Tactic.Lemma:c.o (201ms)
build-full	Full build (resumable — a cold cache may need one re-run)	2026-09-27T21:01:47.2744348Z ✔ [3095/5195] Built Mathlib.Tactic.Linter.AuxLemma:c.o (410ms)
build-full	Full build (resumable — a cold cache may need one re-run)	2026-09-27T21:01:47.6744566Z ✔ [3096/5195] Built Mathlib.Tactic.Linter.DocPrime:c.o (379ms)
build-full	Full build (resumable — a cold cache may need one re-run)	2026-09-27T21:01:47.7758328Z ✔ [3097/5195] Built Mathlib.Tactic.Linter.Header:c.o (1.9s)
build-full	Full build (resumable — a cold cache may need one re-run)	2026-09-27T21:01:47.9748045Z ✔ [3098/5195] Built Mathlib.Tactic.Linter.DeprecatedSyntaxLinter:c.o (1.0s)
build-full	Full build (resumable — a cold cache may need one re-run)	2026-09-27T21:01:48.6781041Z ✔ [3099/5195] Built Mathlib.Tactic.Linter.GlobalAttributeIn:c.o (691ms)
build-full	Full build (resumable — a cold cache may need one re-run)	2026-09-27T21:01:48.8787320Z ✔ [3100/5195] Built Mathlib.Tactic.Linter.EmptyLine:c.o (1.1s)
build-full	Full build (resumable — a cold cache may need one re-run)	2026-09-27T21:01:49.2787124Z ✔ [3101/5195] Built Mathlib.Tactic.Linter.DocString:c.o (1.6s)
build-full	Full build (resumable — a cold cache may need one re-run)	2026-09-27T21:01:49.4784772Z ✔ [3102/5195] Built Mathlib.Tactic.Linter.HaveILetI:c.o (619ms)
build-full	Full build (resumable — a cold cache may need one re-run)	2026-09-27T21:01:49.7805861Z ✔ [3103/5195] Built Mathlib.Tactic.Linter.HashCommandLinter:c.o (1.1s)
build-full	Full build (resumable — a cold cache may need one re-run)	2026-09-27T21:01:50.1826158Z ✔ [3104/5195] Built Mathlib.Tactic.Linter.OldObtain:c.o (471ms)
build-full	Full build (resumable — a cold cache may need one re-run)	2026-09-27T21:01:50.4825187Z ✔ [3105/5195] Built Mathlib.Tactic.Linter.Multigoal:c.o (954ms)
build-full	Full build (resumable — a cold cache may need one re-run)	2026-09-27T21:01:50.7828246Z ✔ [3106/5195] Built Mathlib.Lean.Elab.Tactic.Meta:c.o (590ms)
build-full	Full build (resumable — a cold cache may need one re-run)	2026-09-27T21:01:51.0841674Z ✔ [3107/5195] Built Batteries.Lean.Position:c.o (268ms)
build-full	Full build (resumable — a cold cache may need one re-run)	2026-09-27T21:01:51.6847809Z ✔ [3108/5195] Built Mathlib.Lean.ContextInfo:c.o (1.2s)
build-full	Full build (resumable — a cold cache may need one re-run)	2026-09-27T21:01:51.8840944Z ✔ [3109/5195] Built Mathlib.Lean.Environment:c.o (180ms)
build-full	Full build (resumable — a cold cache may need one re-run)	2026-09-27T21:01:51.9848512Z ✔ [3110/5195] Built Mathlib.Tactic.Linter.FlexibleLinter:c.o (2.8s)
build-full	Full build (resumable — a cold cache may need one re-run)	2026-09-27T21:01:52.7888536Z ✔ [3111/5195] Built Batteries.Tactic.Lint.Misc:c.o (778ms)
build-full	Full build (resumable — a cold cache may need one re-run)	2026-09-27T21:01:53.4904449Z ✔ [3112/5195] Built Mathlib.Lean.Expr.Basic:c.o (2.4s)
build-full	Full build (resumable — a cold cache may need one re-run)	2026-09-27T21:01:53.5935975Z ✔ [3113/5195] Built Batteries.Tactic.Lint.Basic:c.o (1.7s)
build-full	Full build (resumable — a cold cache may need one re-run)	2026-09-27T21:01:53.5937608Z ✔ [3114/5195] Built Mathlib.Lean.Elab.InfoTree:c.o (816ms)
build-full	Full build (resumable — a cold cache may need one re-run)	2026-09-27T21:01:53.9929053Z ✔ [3115/5195] Built Mathlib.Tactic.Linter.PrivateModule:c.o (417ms)
build-full	Full build (resumable — a cold cache may need one re-run)	2026-09-27T21:01:54.2948161Z ✔ [3116/5195] Built Mathlib.Tactic.Linter.TacticDocumentation:c.o (280ms)
build-full	Full build (resumable — a cold cache may need one re-run)	2026-09-27T21:01:55.1005666Z ✔ [3117/5195] Built Mathlib.Tactic.Linter.UnusedTacticExtension:c.o (839ms)
build-full	Full build (resumable — a cold cache may need one re-run)	2026-09-27T21:01:55.3995456Z ✔ [3118/5195] Built Mathlib.Tactic.Linter.UnusedInstancesInType:c.o (1.9s)
build-full	Full build (resumable — a cold cache may need one re-run)	2026-09-27T21:01:55.3997230Z ✔ [3119/5195] Built Batteries.Tactic.Unreachable:c.o (253ms)
build-full	Full build (resumable — a cold cache may need one re-run)	2026-09-27T21:01:55.4995425Z ✔ [3120/5195] Built Mathlib.Tactic.DeclarationNames:c.o (159ms)
build-full	Full build (resumable — a cold cache may need one re-run)	2026-09-27T21:01:57.2006750Z ✔ [3121/5195] Built Mathlib.Tactic.Linter.Style:c.o (1.7s)
build-full	Full build (resumable — a cold cache may need one re-run)	2026-09-27T21:01:57.2988571Z ✔ [3122/5195] Built Mathlib.Tactic.Linter.UnusedTactic:c.o (1.9s)
build-full	Full build (resumable — a cold cache may need one re-run)	2026-09-27T21:01:57.9990664Z ✔ [3123/5195] Built Mathlib.Tactic.Linter.OverlappingInstances:c.o (4.4s)
build-full	Full build (resumable — a cold cache may need one re-run)	2026-09-27T21:01:58.6088137Z ✔ [3124/5195] Built Batteries.Lean.Meta.Inaccessible:c.o (609ms)
build-full	Full build (resumable — a cold cache may need one re-run)	2026-09-27T21:01:58.8087832Z ✔ [3125/5195] Built Mathlib.Tactic.Linter.Whitespace:c.o (1.5s)
build-full	Full build (resumable — a cold cache may need one re-run)	2026-09-27T21:01:58.9087317Z ✔ [3126/5195] Built ImportGraph.Imports.Redundant:c.o (175ms)
build-full	Full build (resumable — a cold cache may need one re-run)	2026-09-27T21:01:59.1081374Z ✔ [3127/5195] Built Mathlib.Tactic.TacticAnalysis:c.o (1.9s)
build-full	Full build (resumable — a cold cache may need one re-run)	2026-09-27T21:01:59.1097612Z ✔ [3128/5195] Built ImportGraph.Lean.Environment:c.o (152ms)
build-full	Full build (resumable — a cold cache may need one re-run)	2026-09-27T21:01:59.7115149Z ✔ [3129/5195] Built ImportGraph.Imports.ImportGraph:c.o (1.1s)
build-full	Full build (resumable — a cold cache may need one re-run)	2026-09-27T21:02:00.7112395Z ✔ [3130/5195] Built ImportGraph.Imports.RequiredModules:c.o (1.7s)
build-full	Full build (resumable — a cold cache may need one re-run)	2026-09-27T21:02:00.9116732Z ✔ [3131/5195] Built Mathlib.Util.ParseCommand:c.o (200ms)
build-full	Full build (resumable — a cold cache may need one re-run)	2026-09-27T21:02:02.2145057Z ✔ [3132/5195] Built Mathlib.Tactic.ExtractGoal:c.o (2.5s)
build-full	Full build (resumable — a cold cache may need one re-run)	2026-09-27T21:02:02.5165744Z ✔ [3133/5195] Built Mathlib.Tactic.MinImports:c.o (3.4s)
build-full	Full build (resumable — a cold cache may need one re-run)	2026-09-27T21:02:02.5205550Z ✔ [3134/5195] Built Mathlib.Tactic.TypeStar:c.o (272ms)
build-full	Full build (resumable — a cold cache may need one re-run)	2026-09-27T21:02:02.7158920Z ✔ [3135/5195] Built Batteries.Lean.Syntax:c.o (160ms)
build-full	Full build (resumable — a cold cache may need one re-run)	2026-09-27T21:02:04.3240888Z ✔ [3136/5195] Built Mathlib.Tactic.TacticAnalysis.Declarations:c.o (3.3s)
build-full	Full build (resumable — a cold cache may need one re-run)	2026-09-27T21:02:04.5249229Z ✔ [3137/5195] Built ImportGraph.Graph.TransitiveClosure:c.o (229ms)
build-full	Full build (resumable — a cold cache may need one re-run)	2026-09-27T21:02:04.8248706Z ✔ [3138/5195] Built Batteries.Tactic.HelpCmd:c.o (2.4s)
build-full	Full build (resumable — a cold cache may need one re-run)	2026-09-27T21:02:05.6258276Z ✔ [3139/5195] Built ImportGraph.Tools.ImportDiff:c.o (788ms)
build-full	Full build (resumable — a cold cache may need one re-run)	2026-09-27T21:02:06.0263136Z ✔ [3140/5195] Built ImportGraph.Tools.FindHome:c.o (1.6s)
build-full	Full build (resumable — a cold cache may need one re-run)	2026-09-27T21:02:06.3275732Z ✔ [3141/5195] Built ImportGraph.Tools.MinImports:c.o (652ms)
build-full	Full build (resumable — a cold cache may need one re-run)	2026-09-27T21:02:06.3305798Z ✔ [3142/5195] Built ImportGraph.Tools.RedundantImports:c.o (262ms)
build-full	Full build (resumable — a cold cache may need one re-run)	2026-09-27T21:02:06.4287122Z ✔ [3144/5195] Built ImportGraph.Tools:c.o (143ms)
build-full	Full build (resumable — a cold cache may need one re-run)	2026-09-27T21:02:07.3325755Z ✔ [3145/5195] Built Batteries.Util.ProofWanted:c.o (4.6s)
build-full	Full build (resumable — a cold cache may need one re-run)	2026-09-27T21:02:07.3335053Z ✔ [3146/5195] Built Batteries.Tactic.Lint.TypeClass:c.o (861ms)
build-full	Full build (resumable — a cold cache may need one re-run)	2026-09-27T21:02:07.3335998Z ✔ [3147/5195] Built Batteries.Tactic.Lint:c.o (89ms)
build-full	Full build (resumable — a cold cache may need one re-run)	2026-09-27T21:02:08.1344446Z ✔ [3148/5195] Built Mathlib.Tactic.Linter.Lint:c.o (758ms)
build-full	Full build (resumable — a cold cache may need one re-run)	2026-09-27T21:02:08.4347360Z ✔ [3149/5195] Built Mathlib.Util.CodeActions.BinderPlicity:c.o (267ms)
build-full	Full build (resumable — a cold cache may need one re-run)	2026-09-27T21:02:08.4375127Z ✔ [3150/5195] Built Mathlib.Util.CodeActions:c.o (82ms)
build-full	Full build (resumable — a cold cache may need one re-run)	2026-09-27T21:02:08.6337245Z ✔ [3151/5195] Built Mathlib.Init:c.o (134ms)
build-full	Full build (resumable — a cold cache may need one re-run)	2026-09-27T21:02:08.8333603Z ✔ [3152/5195] Built Batteries.Tactic.Lint.Simp:c.o (2.5s)
build-full	Full build (resumable — a cold cache may need one re-run)	2026-09-27T21:02:09.1336123Z ✔ [3153/5195] Built Batteries.Lean.NameMapAttribute:c.o (543ms)
build-full	Full build (resumable — a cold cache may need one re-run)	2026-09-27T21:02:09.6346910Z ✔ [3154/5195] Built Mathlib.Tactic.Simps.NotationClass:c.o (803ms)
build-full	Full build (resumable — a cold cache may need one re-run)	2026-09-27T21:02:10.4356131Z ✔ [3155/5195] Built Mathlib.Lean.Meta.Simp:c.o (1.3s)
build-full	Full build (resumable — a cold cache may need one re-run)	2026-09-27T21:02:10.5339358Z ✔ [3156/5195] Built Mathlib.Tactic.Eqns:c.o (168ms)
build-full	Full build (resumable — a cold cache may need one re-run)	2026-09-27T21:02:10.6348320Z ✔ [3157/5195] Built Mathlib.Tactic.Translate.Attributes:c.o (109ms)
build-full	Full build (resumable — a cold cache may need one re-run)	2026-09-27T21:02:10.8355753Z ✔ [3158/5195] Built Mathlib.Data.String.Defs:c.o (154ms)
build-full	Full build (resumable — a cold cache may need one re-run)	2026-09-27T21:02:11.5418056Z ✔ [3159/5195] Built Batteries.Tactic.Lint.Frontend:c.o (4.3s)
build-full	Full build (resumable — a cold cache may need one re-run)	2026-09-27T21:02:11.6371400Z ✔ [3160/5195] Built Mathlib.Tactic.Translate.GuessName:c.o (832ms)
build-full	Full build (resumable — a cold cache may need one re-run)	2026-09-27T21:02:13.8466181Z ✔ [3161/5195] Built Mathlib.Tactic.Translate.UnfoldBoundary:c.o (2.2s)
build-full	Full build (resumable — a cold cache may need one re-run)	2026-09-27T21:02:14.5518684Z ✔ [3162/5195] Built Batteries.Tactic.Trans:c.o (4.9s)
build-full	Full build (resumable — a cold cache may need one re-run)	2026-09-27T21:02:14.7495213Z ✔ [3163/5195] Built Mathlib.Tactic.Translate.Reorder:c.o (3.2s)
build-full	Full build (resumable — a cold cache may need one re-run)	2026-09-27T21:02:14.8504639Z ✔ [3164/5195] Built Mathlib.Tactic.ToAdditive:c.o (108ms)
build-full	Full build (resumable — a cold cache may need one re-run)	2026-09-27T21:02:15.1501584Z ✔ [3165/5195] Built Mathlib.Algebra.Notation.Defs:c.o (260ms)
build-full	Full build (resumable — a cold cache may need one re-run)	2026-09-27T21:02:15.2500630Z ✔ [3166/5195] Built Mathlib.Algebra.Regular.Defs:c.o (142ms)
build-full	Full build (resumable — a cold cache may need one re-run)	2026-09-27T21:02:15.3513741Z ✔ [3167/5195] Built Mathlib.Tactic.Translate.ToAdditive:c.o (755ms)
build-full	Full build (resumable — a cold cache may need one re-run)	2026-09-27T21:02:15.3515757Z ✔ [3168/5195] Built Mathlib.Data.Int.Notation:c.o (153ms)
build-full	Full build (resumable — a cold cache may need one re-run)	2026-09-27T21:02:15.4506424Z ✔ [3169/5195] Built Mathlib.Data.Nat.BinaryRec:c.o (152ms)
build-full	Full build (resumable — a cold cache may need one re-run)	2026-09-27T21:02:16.1503759Z ✔ [3170/5195] Built Mathlib.Lean.Name:c.o (635ms)
build-full	Full build (resumable — a cold cache may need one re-run)	2026-09-27T21:02:16.3500193Z ✔ [3171/5195] Built Mathlib.Lean.Meta:c.o (943ms)
build-full	Full build (resumable — a cold cache may need one re-run)	2026-09-27T21:02:16.4514054Z ✔ [3172/5195] Built Mathlib.Tactic.OfNat:c.o (182ms)
build-full	Full build (resumable — a cold cache may need one re-run)	2026-09-27T21:02:16.6501223Z ✔ [3173/5195] Built Mathlib.Data.Nat.Notation:c.o (178ms)
build-full	Full build (resumable — a cold cache may need one re-run)	2026-09-27T21:02:18.3513522Z ✔ [3174/5195] Built Mathlib.Tactic.MkIffOfInductiveProp:c.o (2.2s)
build-full	Full build (resumable — a cold cache may need one re-run)	2026-09-27T21:02:20.4525192Z ✔ [3175/5195] Built Mathlib.Util.AddRelatedDecl:c.o (3.8s)
build-full	Full build (resumable — a cold cache may need one re-run)	2026-09-27T21:02:22.0576308Z ✔ [3176/5195] Built Mathlib.Tactic.CrossRefAttribute:c.o (1.6s)
build-full	Full build (resumable — a cold cache may need one re-run)	2026-09-27T21:02:22.9563007Z ✔ [3177/5195] Built Mathlib.Algebra.Group.Defs:c.o (920ms)
build-full	Full build (resumable — a cold cache may need one re-run)	2026-09-27T21:02:24.6597888Z ✔ [3178/5195] Built Mathlib.Tactic.Push.Attr:c.o (1.7s)
build-full	Full build (resumable — a cold cache may need one re-run)	2026-09-27T21:02:24.7605807Z ✔ [3179/5195] Built Mathlib.Logic.Nontrivial.Defs:c.o (144ms)
build-full	Full build (resumable — a cold cache may need one re-run)	2026-09-27T21:02:25.6600313Z ✔ [3180/5195] Built Mathlib.Tactic.Attr.Register:c.o (871ms)
build-full	Full build (resumable — a cold cache may need one re-run)	2026-09-27T21:02:26.5619660Z ✔ [3181/5195] Built Mathlib.Logic.Basic:c.o (957ms)
build-full	Full build (resumable — a cold cache may need one re-run)	2026-09-27T21:02:26.9627720Z ✔ [3182/5195] Built Mathlib.Tactic.Simps.Basic:c.o (8.6s)
build-full	Full build (resumable — a cold cache may need one re-run)	2026-09-27T21:02:27.0626278Z ✔ [3183/5195] Built Mathlib.Algebra.GroupWithZero.Defs:c.o (132ms)
build-full	Full build (resumable — a cold cache may need one re-run)	2026-09-27T21:02:27.2620650Z ✔ [3184/5195] Built Batteries.Tactic.SeqFocus:c.o (680ms)
build-full	Full build (resumable — a cold cache may need one re-run)	2026-09-27T21:02:27.2636717Z ✔ [3185/5195] Built Batteries.Data.Nat.Basic:c.o (170ms)
build-full	Full build (resumable — a cold cache may need one re-run)	2026-09-27T21:02:27.4626669Z ✔ [3186/5195] Built Batteries.Data.Nat.Lemmas:c.o (252ms)
build-full	Full build (resumable — a cold cache may need one re-run)	2026-09-27T21:02:27.5640052Z ✔ [3187/5195] Built Mathlib.Data.Nat.Init:c.o (261ms)
build-full	Full build (resumable — a cold cache may need one re-run)	2026-09-27T21:02:28.0623502Z ✔ [3188/5195] Built Batteries.Lean.Expr:c.o (559ms)
build-full	Full build (resumable — a cold cache may need one re-run)	2026-09-27T21:02:28.6626324Z ✔ [3189/5195] Built Mathlib.Tactic.Core:c.o (1.2s)
build-full	Full build (resumable — a cold cache may need one re-run)	2026-09-27T21:02:28.8622052Z ✔ [3190/5195] Built Mathlib.Data.Nat.Cast.Defs:c.o (180ms)
build-full	Full build (resumable — a cold cache may need one re-run)	2026-09-27T21:02:29.0642715Z ✔ [3191/5195] Built Mathlib.Data.Int.Cast.Defs:c.o (153ms)
build-full	Full build (resumable — a cold cache may need one re-run)	2026-09-27T21:02:29.4645020Z ✔ [3192/5195] Built Mathlib.Tactic.SplitIfs:c.o (1.5s)
build-full	Full build (resumable — a cold cache may need one re-run)	2026-09-27T21:02:29.6639396Z ✔ [3193/5195] Built Mathlib.Tactic.Translate.Core:c.o (15s)
build-full	Full build (resumable — a cold cache may need one re-run)	2026-09-27T21:02:29.7641650Z ✔ [3194/5195] Built Batteries.Classes.RatCast:c.o (145ms)
build-full	Full build (resumable — a cold cache may need one re-run)	2026-09-27T21:02:29.8659714Z ✔ [3195/5195] Built Mathlib.Tactic.Spread:c.o (805ms)
build-full	Full build (resumable — a cold cache may need one re-run)	2026-09-27T21:02:29.9642969Z ✔ [3196/5195] Built Mathlib.Algebra.Ring.Defs:c.o (497ms)
build-full	Full build (resumable — a cold cache may need one re-run)	2026-09-27T21:02:29.9679459Z ✔ [3197/5195] Built Mathlib.Data.Rat.Init:c.o (175ms)
build-full	Full build (resumable — a cold cache may need one re-run)	2026-09-27T21:02:30.0648420Z ✔ [3198/5195] Built Mathlib.Algebra.Field.Defs:c.o (276ms)
build-full	Full build (resumable — a cold cache may need one re-run)	2026-09-27T21:02:30.0678797Z ✔ [3199/5195] Built Aesop.Script.Tactic:c.o (121ms)
build-full	Full build (resumable — a cold cache may need one re-run)	2026-09-27T21:02:30.1665309Z ✔ [3200/5195] Built Aesop.Script.GoalWithMVars:c.o (143ms)
build-full	Full build (resumable — a cold cache may need one re-run)	2026-09-27T21:02:30.4668424Z ✔ [3201/5195] Built Aesop.Nanos:c.o (264ms)
build-full	Full build (resumable — a cold cache may need one re-run)	2026-09-27T21:02:30.5676384Z ✔ [3202/5195] Built Aesop.Script.TacticState:c.o (496ms)
build-full	Full build (resumable — a cold cache may need one re-run)	2026-09-27T21:02:30.7705942Z ✔ [3203/5195] Built Batteries.Lean.Meta.Basic:c.o (746ms)
build-full	Full build (resumable — a cold cache may need one re-run)	2026-09-27T21:02:30.7707627Z ✔ [3204/5195] Built Batteries.Data.Array.Merge:c.o (363ms)
build-full	Full build (resumable — a cold cache may need one re-run)	2026-09-27T21:02:30.9727695Z ✔ [3205/5195] Built Aesop.Util.UnorderedArraySet:c.o (436ms)
build-full	Full build (resumable — a cold cache may need one re-run)	2026-09-27T21:02:30.9755600Z ✔ [3206/5195] Built Aesop.Index.DiscrTreeConfig:c.o (241ms)
build-full	Full build (resumable — a cold cache may need one re-run)	2026-09-27T21:02:31.2710081Z ✔ [3207/5195] Built Batteries.Tactic.PermuteGoals:c.o (235ms)
build-full	Full build (resumable — a cold cache may need one re-run)	2026-09-27T21:02:31.3709928Z ✔ [3208/5195] Built Batteries.Lean.MonadBacktrack:c.o (101ms)
build-full	Full build (resumable — a cold cache may need one re-run)	2026-09-27T21:02:31.6724522Z ✔ [3209/5195] Built Batteries.Lean.Meta.SavedState:c.o (324ms)
build-full	Full build (resumable — a cold cache may need one re-run)	2026-09-27T21:02:32.9723148Z ✔ [3210/5195] Built Aesop.Tracing:c.o (1.0s)
build-full	Full build (resumable — a cold cache may need one re-run)	2026-09-27T21:02:33.2756281Z ✔ [3211/5195] Built Aesop.Script.Util:c.o (327ms)
build-full	Full build (resumable — a cold cache may need one re-run)	2026-09-27T21:02:33.9763061Z ✔ [3212/5195] Built Aesop.Util.Basic:c.o (3.2s)
build-full	Full build (resumable — a cold cache may need one re-run)	2026-09-27T21:02:34.4796045Z ✔ [3213/5195] Built Aesop.Script.UScript:c.o (496ms)
build-full	Full build (resumable — a cold cache may need one re-run)	2026-09-27T21:02:34.8771733Z ✔ [3214/5195] Built Aesop.Util.EqualUpToIds:c.o (3.2s)
build-full	Full build (resumable — a cold cache may need one re-run)	2026-09-27T21:02:34.8785854Z ✔ [3215/5195] Built Aesop.Check:c.o (384ms)
build-full	Full build (resumable — a cold cache may need one re-run)	2026-09-27T21:02:35.0777066Z ✔ [3216/5195] Built Aesop.Script.Step:c.o (1.8s)
build-full	Full build (resumable — a cold cache may need one re-run)	2026-09-27T21:02:35.2772956Z ✔ [3217/5195] Built Aesop.Script.Check:c.o (418ms)
build-full	Full build (resumable — a cold cache may need one re-run)	2026-09-27T21:02:35.4802204Z ✔ [3218/5195] Built Aesop.Rule.Name:c.o (529ms)
build-full	Full build (resumable — a cold cache may need one re-run)	2026-09-27T21:02:35.4825573Z ✔ [3219/5195] Built Aesop.Options.Public:c.o (396ms)
build-full	Full build (resumable — a cold cache may need one re-run)	2026-09-27T21:02:35.6808272Z ✔ [3220/5195] Built Aesop.Options.Internal:c.o (209ms)
build-full	Full build (resumable — a cold cache may need one re-run)	2026-09-27T21:02:36.0827974Z ✔ [3221/5195] Built Aesop.Script.OptimizeSyntax:c.o (581ms)
build-full	Full build (resumable — a cold cache may need one re-run)	2026-09-27T21:02:36.0829798Z ✔ [3222/5195] Built Aesop.Script.SScript:c.o (430ms)
build-full	Full build (resumable — a cold cache may need one re-run)	2026-09-27T21:02:37.2820133Z ✔ [3223/5195] Built Aesop.Stats.Basic:c.o (2.0s)
build-full	Full build (resumable — a cold cache may need one re-run)	2026-09-27T21:02:37.4837598Z ✔ [3224/5195] Built Aesop.Script.UScriptToSScript:c.o (1.5s)
build-full	Full build (resumable — a cold cache may need one re-run)	2026-09-27T21:02:38.1840259Z ✔ [3225/5195] Built Aesop.Script.Main:c.o (637ms)
build-full	Full build (resumable — a cold cache may need one re-run)	2026-09-27T21:02:38.2848958Z ✔ [3226/5195] Built Aesop.Forward.LevelIndex:c.o (118ms)
build-full	Full build (resumable — a cold cache may need one re-run)	2026-09-27T21:02:38.3857971Z ✔ [3227/5195] Built Aesop.Forward.PremiseIndex:c.o (124ms)
build-full	Full build (resumable — a cold cache may need one re-run)	2026-09-27T21:02:38.7867044Z ✔ [3228/5195] Built Aesop.Script.StructureStatic:c.o (1.5s)
build-full	Full build (resumable — a cold cache may need one re-run)	2026-09-27T21:02:38.8866036Z ✔ [3229/5195] Built Aesop.Script.StructureDynamic:c.o (2.8s)
build-full	Full build (resumable — a cold cache may need one re-run)	2026-09-27T21:02:39.1878817Z ✔ [3230/5195] Built Aesop.Percent:c.o (261ms)
build-full	Full build (resumable — a cold cache may need one re-run)	2026-09-27T21:02:39.2889063Z ✔ [3231/5195] Built Aesop.Forward.Substitution:c.o (843ms)
build-full	Full build (resumable — a cold cache may need one re-run)	2026-09-27T21:02:39.2915588Z ✔ [3232/5195] Built Aesop.Index.Basic:c.o (594ms)
build-full	Full build (resumable — a cold cache may need one re-run)	2026-09-27T21:02:39.2935318Z ✔ [3233/5195] Built Aesop.RulePattern.Cache:c.o (153ms)
build-full	Full build (resumable — a cold cache may need one re-run)	2026-09-27T21:02:39.5881028Z ✔ [3234/5195] Built Aesop.BaseM:c.o (304ms)
build-full	Full build (resumable — a cold cache may need one re-run)	2026-09-27T21:02:39.7886439Z ✔ [3235/5195] Built Aesop.Forward.SlotIndex:c.o (203ms)
build-full	Full build (resumable — a cold cache may need one re-run)	2026-09-27T21:02:39.8884692Z ✔ [3236/5195] Built Aesop.RuleTac.Basic:c.o (556ms)
build-full	Full build (resumable — a cold cache may need one re-run)	2026-09-27T21:02:40.1909534Z ✔ [3237/5195] Built Aesop.Util.UnionFind:c.o (354ms)
build-full	Full build (resumable — a cold cache may need one re-run)	2026-09-27T21:02:41.2906736Z ✔ [3238/5195] Built Aesop.RuleTac.GoalDiff:c.o (2.0s)
build-full	Full build (resumable — a cold cache may need one re-run)	2026-09-27T21:02:41.4896604Z ✔ [3239/5195] Built Batteries.Lean.TagAttribute:c.o (127ms)
build-full	Full build (resumable — a cold cache may need one re-run)	2026-09-27T21:02:41.6926186Z ✔ [3240/5195] Built Batteries.Linter.UnreachableTactic:c.o (1.5s)
build-full	Full build (resumable — a cold cache may need one re-run)	2026-09-27T21:02:41.7915828Z ✔ [3241/5195] Built Batteries.Lean.AttributeExtra:c.o (369ms)
build-full	Full build (resumable — a cold cache may need one re-run)	2026-09-27T21:02:41.9907210Z ✔ [3242/5195] Built Aesop.RulePattern:c.o (2.3s)
build-full	Full build (resumable — a cold cache may need one re-run)	2026-09-27T21:02:41.9945779Z ✔ [3243/5195] Built Batteries.Linter:c.o (143ms)
build-full	Full build (resumable — a cold cache may need one re-run)	2026-09-27T21:02:42.0902099Z ✔ [3244/5195] Built Batteries.Tactic.Basic:c.o (90ms)
build-full	Full build (resumable — a cold cache may need one re-run)	2026-09-27T21:02:42.1908785Z ✔ [3245/5195] Built Batteries.Classes.Order:c.o (99ms)
build-full	Full build (resumable — a cold cache may need one re-run)	2026-09-27T21:02:42.2918472Z ✔ [3246/5195] Built Batteries.Data.UInt:c.o (84ms)
build-full	Full build (resumable — a cold cache may need one re-run)	2026-09-27T21:02:42.7958304Z ✔ [3247/5195] Built Batteries.Tactic.Init:c.o (816ms)
build-full	Full build (resumable — a cold cache may need one re-run)	2026-09-27T21:02:42.8952548Z ✔ [3248/5195] Built Batteries.Linter.UnnecessarySeqFocus:c.o (1.2s)
build-full	Full build (resumable — a cold cache may need one re-run)	2026-09-27T21:02:43.0956119Z ✔ [3249/5195] Built Aesop.RuleTac.RuleTerm:c.o (175ms)
build-full	Full build (resumable — a cold cache may need one re-run)	2026-09-27T21:02:43.2959706Z ✔ [3250/5195] Built Aesop.Rule.Forward:c.o (176ms)
build-full	Full build (resumable — a cold cache may need one re-run)	2026-09-27T21:02:43.3943036Z ✔ [3251/5195] Built Batteries.Data.Array.Basic:c.o (1.1s)
build-full	Full build (resumable — a cold cache may need one re-run)	2026-09-27T21:02:43.6986523Z ✔ [3252/5195] Built Aesop.Forward.Match.Types:c.o (412ms)
build-full	Full build (resumable — a cold cache may need one re-run)	2026-09-27T21:02:43.8987978Z ✔ [3253/5195] Built Aesop.RuleTac.Descr:c.o (235ms)
build-full	Full build (resumable — a cold cache may need one re-run)	2026-09-27T21:02:43.9971190Z ✔ [3254/5195] Built Aesop.Script.CtorNames:c.o (600ms)
build-full	Full build (resumable — a cold cache may need one re-run)	2026-09-27T21:02:44.1984722Z ✔ [3255/5195] Built Aesop.Rule.Basic:c.o (256ms)
build-full	Full build (resumable — a cold cache may need one re-run)	2026-09-27T21:02:44.4009973Z ✔ [3256/5195] Built Aesop.Rule:c.o (440ms)
build-full	Full build (resumable — a cold cache may need one re-run)	2026-09-27T21:02:44.4992135Z ✔ [3257/5195] Built Aesop.ElabM:c.o (356ms)
build-full	Full build (resumable — a cold cache may need one re-run)	2026-09-27T21:02:44.9006797Z ✔ [3258/5195] Built Aesop.Forward.RuleInfo:c.o (2.1s)
build-full	Full build (resumable — a cold cache may need one re-run)	2026-09-27T21:02:44.9989067Z ✔ [3259/5195] Built Aesop.RuleTac.ElabRuleTerm:c.o (649ms)
build-full	Full build (resumable — a cold cache may need one re-run)	2026-09-27T21:02:45.2005602Z ✔ [3260/5195] Built Aesop.Script.ScriptM:c.o (343ms)
build-full	Full build (resumable — a cold cache may need one re-run)	2026-09-27T21:02:45.2006468Z ✔ [3261/5195] Built Aesop.Util.Tactic:c.o (192ms)
build-full	Full build (resumable — a cold cache may need one re-run)	2026-09-27T21:02:45.7016040Z ✔ [3262/5195] Built Aesop.Util.Tactic.Ext:c.o (1.2s)
build-full	Full build (resumable — a cold cache may need one re-run)	2026-09-27T21:02:46.1031144Z ✔ [3263/5195] Built Aesop.Util.Unfold:c.o (829ms)
build-full	Full build (resumable — a cold cache may need one re-run)	2026-09-27T21:02:46.4030229Z ✔ [3264/5195] Built Aesop.Util.Tactic.Unfold:c.o (1.1s)
build-full	Full build (resumable — a cold cache may need one re-run)	2026-09-27T21:02:46.9034930Z ✔ [3265/5195] Built Aesop.RuleTac.Forward.Basic:c.o (895ms)
build-full	Full build (resumable — a cold cache may need one re-run)	2026-09-27T21:02:47.0031950Z ✔ [3266/5195] Built Batteries.Lean.Meta.UnusedNames:c.o (644ms)
build-full	Full build (resumable — a cold cache may need one re-run)	2026-09-27T21:02:47.9139760Z ✔ [3267/5195] Built Aesop.Tree.Data.ForwardRuleMatches:c.o (878ms)
build-full	Full build (resumable — a cold cache may need one re-run)	2026-09-27T21:02:48.0154546Z ✔ [3268/5195] Built Aesop.Constants:c.o (142ms)
build-full	Full build (resumable — a cold cache may need one re-run)	2026-09-27T21:02:48.5189690Z ✔ [3269/5195] Built Aesop.Tree.UnsafeQueue:c.o (563ms)
build-full	Full build (resumable — a cold cache may need one re-run)	2026-09-27T21:02:48.8198913Z ✔ [3270/5195] Built Aesop.Script.SpecificTactics:c.o (3.1s)
build-full	Full build (resumable — a cold cache may need one re-run)	2026-09-27T21:02:50.4253144Z ✔ [3271/5195] Built Aesop.Forward.Match:c.o (3.4s)
build-full	Full build (resumable — a cold cache may need one re-run)	2026-09-27T21:02:50.6252959Z ✔ [3272/5195] Built Aesop.EMap:c.o (2.1s)
build-full	Full build (resumable — a cold cache may need one re-run)	2026-09-27T21:02:50.8253240Z ✔ [3273/5195] Built Aesop.Search.Queue.Class:c.o (157ms)
build-full	Full build (resumable — a cold cache may need one re-run)	2026-09-27T21:02:51.1251137Z ✔ [3274/5195] Built Aesop.Util.OrderedHashSet:c.o (317ms)
build-full	Full build (resumable — a cold cache may need one re-run)	2026-09-27T21:02:51.2257519Z ✔ [3275/5195] Built Batteries.Lean.Meta.Expr:c.o (151ms)
build-full	Full build (resumable — a cold cache may need one re-run)	2026-09-27T21:02:51.5257738Z ✔ [3276/5195] Built Batteries.Lean.PersistentHashMap:c.o (261ms)
build-full	Full build (resumable — a cold cache may need one re-run)	2026-09-27T21:02:51.8257631Z ✔ [3277/5195] Built Batteries.Lean.Meta.DiscrTree:c.o (270ms)
build-full	Full build (resumable — a cold cache may need one re-run)	2026-09-27T21:02:52.2265017Z ✔ [3278/5195] Built Aesop.Tree.Data:c.o (1.9s)
build-full	Full build (resumable — a cold cache may need one re-run)	2026-09-27T21:02:52.6263418Z ✔ [3279/5195] Built Batteries.Lean.Meta.InstantiateMVars:c.o (344ms)
build-full	Full build (resumable — a cold cache may need one re-run)	2026-09-27T21:02:52.9287733Z ✔ [3280/5195] Built Batteries.Lean.PersistentHashSet:c.o (360ms)
build-full	Full build (resumable — a cold cache may need one re-run)	2026-09-27T21:02:53.9289682Z ✔ [3281/5195] Built Aesop.Index.RulePattern:c.o (2.2s)
build-full	Full build (resumable — a cold cache may need one re-run)	2026-09-27T21:02:55.5304958Z ✔ [3282/5195] Built Aesop.Index.Forward:c.o (1.6s)
build-full	Full build (resumable — a cold cache may need one re-run)	2026-09-27T21:02:55.7299868Z ✔ [3283/5195] Built Aesop.RuleSet.Name:c.o (175ms)
build-full	Full build (resumable — a cold cache may need one re-run)	2026-09-27T21:02:55.8308563Z ✔ [3284/5195] Built Aesop.Index:c.o (2.9s)
build-full	Full build (resumable — a cold cache may need one re-run)	2026-09-27T21:02:55.9328586Z ✔ [3285/5195] Built Aesop.RuleSet.Filter:c.o (280ms)
build-full	Full build (resumable — a cold cache may need one re-run)	2026-09-27T21:02:56.1331799Z ✔ [3286/5195] Built Aesop.RuleSet.Member:c.o (292ms)
build-full	Full build (resumable — a cold cache may need one re-run)	2026-09-27T21:02:57.0349059Z ✔ [3287/5195] Built Aesop.Forward.State.Initial:c.o (886ms)
build-full	Full build (resumable — a cold cache may need one re-run)	2026-09-27T21:02:58.1358093Z ✔ [3288/5195] Built Aesop.Tree.TreeM:c.o (1.1s)
build-full	Full build (resumable — a cold cache may need one re-run)	2026-09-27T21:02:58.4350850Z ✔ [3289/5195] Built Aesop.Forward.State:c.o (9.6s)
build-full	Full build (resumable — a cold cache may need one re-run)	2026-09-27T21:02:58.8350448Z ✔ [3290/5195] Built Aesop.Tree.RunMetaM:c.o (438ms)
build-full	Full build (resumable — a cold cache may need one re-run)	2026-09-27T21:02:58.9351752Z ✔ [3291/5195] Built Aesop.Search.SearchM:c.o (788ms)
build-full	Full build (resumable — a cold cache may need one re-run)	2026-09-27T21:02:59.1367440Z ✔ [3292/5195] Built Aesop.Tree.Traversal:c.o (343ms)
build-full	Full build (resumable — a cold cache may need one re-run)	2026-09-27T21:02:59.4386189Z ✔ [3293/5195] Built Batteries.Lean.HashSet:c.o (268ms)
build-full	Full build (resumable — a cold cache may need one re-run)	2026-09-27T21:02:59.9397799Z ✔ [3294/5195] Built Aesop.Tree.State:c.o (1.1s)
build-full	Full build (resumable — a cold cache may need one re-run)	2026-09-27T21:03:00.2399258Z ✔ [3295/5195] Built Aesop.Forward.State.ApplyGoalDiff:c.o (796ms)
build-full	Full build (resumable — a cold cache may need one re-run)	2026-09-27T21:03:00.7407689Z ✔ [3296/5195] Built Aesop.RuleTac.Apply:c.o (796ms)
build-full	Full build (resumable — a cold cache may need one re-run)	2026-09-27T21:03:01.4402895Z ✔ [3297/5195] Built Aesop.RuleTac.Cases:c.o (1.2s)
build-full	Full build (resumable — a cold cache may need one re-run)	2026-09-27T21:03:01.6407817Z ✔ [3298/5195] Built Aesop.RuleTac.Preprocess:c.o (236ms)
build-full	Full build (resumable — a cold cache may need one re-run)	2026-09-27T21:03:02.7410556Z ✔ [3299/5195] Built Aesop.RuleTac.Tactic:c.o (1.1s)
build-full	Full build (resumable — a cold cache may need one re-run)	2026-09-27T21:03:02.9448382Z ✔ [3300/5195] Built Aesop.RuleTac:c.o (210ms)
build-full	Full build (resumable — a cold cache may need one re-run)	2026-09-27T21:03:03.3431507Z ✔ [3301/5195] Built Aesop.Search.Expansion.Basic:c.o (375ms)
build-full	Full build (resumable — a cold cache may need one re-run)	2026-09-27T21:03:03.5436781Z ✔ [3302/5195] Built Aesop.RuleSet:c.o (7.6s)
build-full	Full build (resumable — a cold cache may need one re-run)	2026-09-27T21:03:04.0437693Z ✔ [3303/5195] Built Aesop.RuleTac.Forward:c.o (3.2s)
build-full	Full build (resumable — a cold cache may need one re-run)	2026-09-27T21:03:04.2433193Z ✔ [3304/5195] Built Aesop.Search.Expansion.Simp:c.o (942ms)
build-full	Full build (resumable — a cold cache may need one re-run)	2026-09-27T21:03:04.3432064Z ✔ [3305/5195] Built Aesop.Search.RuleSelection:c.o (782ms)
build-full	Full build (resumable — a cold cache may need one re-run)	2026-09-27T21:03:04.8445831Z ✔ [3306/5195] Built Aesop.Forward.State.UpdateGoal:c.o (478ms)
build-full	Full build (resumable — a cold cache may need one re-run)	2026-09-27T21:03:07.7487307Z ✔ [3307/5195] Built Aesop.Tree.AddRapp:c.o (3.6s)
build-full	Full build (resumable — a cold cache may need one re-run)	2026-09-27T21:03:08.0471243Z ✔ [3308/5195] Built Aesop.Exception:c.o (242ms)
build-full	Full build (resumable — a cold cache may need one re-run)	2026-09-27T21:03:08.1478843Z ✔ [3309/5195] Built Aesop.Search.Expansion.Norm:c.o (4.2s)
build-full	Full build (resumable — a cold cache may need one re-run)	2026-09-27T21:03:08.7545956Z ✔ [3310/5195] Built Aesop.Search.ExpandSafePrefix:c.o (735ms)
build-full	Full build (resumable — a cold cache may need one re-run)	2026-09-27T21:03:08.8566209Z ✔ [3311/5195] Built Aesop.Search.Expansion:c.o (4.1s)
build-full	Full build (resumable — a cold cache may need one re-run)	2026-09-27T21:03:10.4581913Z ✔ [3312/5195] Built Aesop.Tree.ExtractProof:c.o (1.7s)
build-full	Full build (resumable — a cold cache may need one re-run)	2026-09-27T21:03:10.7583865Z ✔ [3313/5195] Built Aesop.Tree.Check:c.o (2.6s)
build-full	Full build (resumable — a cold cache may need one re-run)	2026-09-27T21:03:10.8607050Z ✔ [3314/5195] Built Aesop.Tree.ExtractScript:c.o (1.0s)
build-full	Full build (resumable — a cold cache may need one re-run)	2026-09-27T21:03:10.8608150Z ✔ [3315/5195] Built Aesop.Frontend.Extension.Init:c.o (165ms)
build-full	Full build (resumable — a cold cache may need one re-run)	2026-09-27T21:03:11.1609061Z ✔ [3316/5195] Built Batteries.Control.ForInStep.Basic:c.o (230ms)
build-full	Full build (resumable — a cold cache may need one re-run)	2026-09-27T21:03:11.7648656Z ✔ [3317/5195] Built Aesop.Frontend.Extension:c.o (918ms)
build-full	Full build (resumable — a cold cache may need one re-run)	2026-09-27T21:03:11.9653550Z ✔ [3318/5195] Built Aesop.Search.Queue:c.o (228ms)
build-full	Full build (resumable — a cold cache may need one re-run)	2026-09-27T21:03:12.1648323Z ✔ [3319/5195] Built Aesop.Tree.Free:c.o (225ms)
build-full	Full build (resumable — a cold cache may need one re-run)	2026-09-27T21:03:12.5664762Z ✔ [3320/5195] Built Aesop.Tree.Stats:c.o (362ms)
build-full	Full build (resumable — a cold cache may need one re-run)	2026-09-27T21:03:12.6663308Z ✔ [3321/5195] Built Batteries.Data.BinomialHeap.Basic:c.o (1.6s)
build-full	Full build (resumable — a cold cache may need one re-run)	2026-09-27T21:03:13.0684501Z ✔ [3322/5195] Built Aesop.Builder.Basic:c.o (398ms)
build-full	Full build (resumable — a cold cache may need one re-run)	2026-09-27T21:03:13.6718361Z ✔ [3323/5195] Built Aesop.Builder.Cases:c.o (541ms)
build-full	Full build (resumable — a cold cache may need one re-run)	2026-09-27T21:03:13.8719276Z ✔ [3324/5195] Built Aesop.Tree.Tracing:c.o (3.4s)
build-full	Full build (resumable — a cold cache may need one re-run)	2026-09-27T21:03:14.0728876Z ✔ [3325/5195] Built Aesop.Builder.Constructors:c.o (417ms)
build-full	Full build (resumable — a cold cache may need one re-run)	2026-09-27T21:03:14.4768571Z ✔ [3326/5195] Built Aesop.Builder.Tactic:c.o (412ms)
build-full	Full build (resumable — a cold cache may need one re-run)	2026-09-27T21:03:14.5786199Z ✔ [3327/5195] Built Aesop.Builder.NormSimp:c.o (720ms)
build-full	Full build (resumable — a cold cache may need one re-run)	2026-09-27T21:03:14.9778150Z ✔ [3328/5195] Built Aesop.Builder.Apply:c.o (509ms)
build-full	Full build (resumable — a cold cache may need one re-run)	2026-09-27T21:03:14.9807782Z ✔ [3329/5195] Built Aesop.Builder.Default:c.o (463ms)
build-full	Full build (resumable — a cold cache may need one re-run)	2026-09-27T21:03:15.6795277Z ✔ [3330/5195] Built Aesop.Builder.Unfold:c.o (668ms)
build-full	Full build (resumable — a cold cache may need one re-run)	2026-09-27T21:03:15.9806081Z ✔ [3331/5195] Built Aesop.Search.Main:c.o (3.4s)
build-full	Full build (resumable — a cold cache may need one re-run)	2026-09-27T21:03:17.0803250Z ✔ [3332/5195] Built Aesop.Builder.Forward:c.o (2.1s)
build-full	Full build (resumable — a cold cache may need one re-run)	2026-09-27T21:03:17.3816049Z ✔ [3333/5195] Built Aesop.Frontend.Tactic:c.o (1.4s)
build-full	Full build (resumable — a cold cache may need one re-run)	2026-09-27T21:03:17.3817545Z ✔ [3334/5195] Built Aesop.Stats.Extension:c.o (328ms)
build-full	Full build (resumable — a cold cache may need one re-run)	2026-09-27T21:03:17.5806268Z ✔ [3335/5195] Built Aesop.Stats.File:c.o (262ms)
build-full	Full build (resumable — a cold cache may need one re-run)	2026-09-27T21:03:18.4806612Z ✔ [3336/5195] Built Aesop.Frontend.Attribute:c.o (900ms)
build-full	Full build (resumable — a cold cache may need one re-run)	2026-09-27T21:03:18.5805275Z ✔ [3337/5195] Built Aesop.Frontend.Basic:c.o (107ms)
build-full	Full build (resumable — a cold cache may need one re-run)	2026-09-27T21:03:18.8825704Z ✔ [3338/5195] Built Aesop.Main:c.o (1.5s)
build-full	Full build (resumable — a cold cache may need one re-run)	2026-09-27T21:03:19.4830609Z ✔ [3339/5195] Built Aesop.Stats.Report:c.o (917ms)
build-full	Full build (resumable — a cold cache may need one re-run)	2026-09-27T21:03:19.7865705Z ✔ [3340/5195] Built Aesop.Frontend.RuleExpr:c.o (4.1s)
build-full	Full build (resumable — a cold cache may need one re-run)	2026-09-27T21:03:21.3931534Z ✔ [3341/5195] Built Aesop.Frontend.Saturate:c.o (1.6s)
build-full	Full build (resumable — a cold cache may need one re-run)	2026-09-27T21:03:21.4924754Z ✔ [3342/5195] Built Aesop.Frontend:c.o (151ms)
build-full	Full build (resumable — a cold cache may need one re-run)	2026-09-27T21:03:21.8921701Z ✔ [3343/5195] Built Aesop.Frontend.Command:c.o (3.0s)
build-full	Full build (resumable — a cold cache may need one re-run)	2026-09-27T21:03:22.3926401Z ✔ [3344/5195] Built Aesop.BuiltinRules.ApplyHyps:c.o (514ms)
build-full	Full build (resumable — a cold cache may need one re-run)	2026-09-27T21:03:23.0922577Z ✔ [3345/5195] Built Aesop.BuiltinRules.Assumption:c.o (1.6s)
build-full	Full build (resumable — a cold cache may need one re-run)	2026-09-27T21:03:23.0937520Z ✔ [3346/5195] Built Aesop.BuiltinRules.DestructProducts:c.o (702ms)
build-full	Full build (resumable — a cold cache may need one re-run)	2026-09-27T21:03:23.5925864Z ✔ [3347/5195] Built Aesop.BuiltinRules.Intros:c.o (465ms)
build-full	Full build (resumable — a cold cache may need one re-run)	2026-09-27T21:03:23.6922829Z ✔ [3348/5195] Built Aesop.BuiltinRules.Ext:c.o (603ms)
build-full	Full build (resumable — a cold cache may need one re-run)	2026-09-27T21:03:23.6938631Z ✔ [3349/5195] Built Aesop.BuiltinRules.Rfl:c.o (152ms)
build-full	Full build (resumable — a cold cache may need one re-run)	2026-09-27T21:03:24.1937461Z ✔ [3350/5195] Built Aesop.BuiltinRules.Split:c.o (530ms)
build-full	Full build (resumable — a cold cache may need one re-run)	2026-09-27T21:03:24.2935375Z ✔ [3351/5195] Built Aesop.BuiltinRules.Subst:c.o (571ms)
build-full	Full build (resumable — a cold cache may need one re-run)	2026-09-27T21:03:24.3933364Z ✔ [3352/5195] Built Aesop.BuiltinRules:c.o (157ms)
build-full	Full build (resumable — a cold cache may need one re-run)	2026-09-27T21:03:24.3948239Z ✔ [3353/5195] Built Aesop:c.o (86ms)
build-full	Full build (resumable — a cold cache may need one re-run)	2026-09-27T21:03:24.5955952Z ✔ [3354/5195] Built Aesop.Saturate:c.o (5.1s)
build-full	Full build (resumable — a cold cache may need one re-run)	2026-09-27T21:03:24.6941407Z ✔ [3355/5195] Built Mathlib.Data.Int.Init:c.o (309ms)
build-full	Full build (resumable — a cold cache may need one re-run)	2026-09-27T21:03:25.0938041Z ✔ [3356/5195] Built Batteries.Util.ExtendedBinder:c.o (598ms)
build-full	Full build (resumable — a cold cache may need one re-run)	2026-09-27T21:03:25.3939685Z ✔ [3357/5195] Built Mathlib.Lean.PrettyPrinter.Delaborator:c.o (753ms)
build-full	Full build (resumable — a cold cache may need one re-run)	2026-09-27T21:03:26.2968491Z ✔ [3358/5195] Built Mathlib.Tactic.Translate.TagUnfoldBoundary:c.o (908ms)
build-full	Full build (resumable — a cold cache may need one re-run)	2026-09-27T21:03:26.8964802Z ✔ [3359/5195] Built Mathlib.Tactic.Translate.ToDual:c.o (570ms)
build-full	Full build (resumable — a cold cache may need one re-run)	2026-09-27T21:03:26.9967369Z ✔ [3360/5195] Built Mathlib.Tactic.ToDual:c.o (87ms)
build-full	Full build (resumable — a cold cache may need one re-run)	2026-09-27T21:03:27.3982914Z ✔ [3361/5195] Built Mathlib.Data.Set.Defs:c.o (442ms)
build-full	Full build (resumable — a cold cache may need one re-run)	2026-09-27T21:03:27.5000361Z ✔ [3362/5195] Built Mathlib.Tactic.SetNotationForOrder:c.o (2.3s)
build-full	Full build (resumable — a cold cache may need one re-run)	2026-09-27T21:03:27.5993020Z ✔ [3363/5195] Built Mathlib.Logic.Function.Defs:c.o (219ms)
build-full	Full build (resumable — a cold cache may need one re-run)	2026-09-27T21:03:27.6990193Z ✔ [3364/5195] Built Mathlib.Logic.Nonempty:c.o (89ms)
build-full	Full build (resumable — a cold cache may need one re-run)	2026-09-27T21:03:27.9017472Z ✔ [3365/5195] Built Mathlib.Logic.ExistsUnique:c.o (436ms)
build-full	Full build (resumable — a cold cache may need one re-run)	2026-09-27T21:03:28.0023878Z ✔ [3366/5195] Built Mathlib.Tactic.ExtendDoc:c.o (320ms)
build-full	Full build (resumable — a cold cache may need one re-run)	2026-09-27T21:03:28.1015555Z ✔ [3367/5195] Built Mathlib.Order.Defs.Unbundled:c.o (173ms)
build-full	Full build (resumable — a cold cache may need one re-run)	2026-09-27T21:03:28.2002766Z ✔ [3368/5195] Built Mathlib.Logic.Function.Conjugate:c.o (85ms)
build-full	Full build (resumable — a cold cache may need one re-run)	2026-09-27T21:03:28.3000998Z ✔ [3369/5195] Built Mathlib.Logic.Function.Basic:c.o (257ms)
build-full	Full build (resumable — a cold cache may need one re-run)	2026-09-27T21:03:28.3016277Z ✔ [3370/5195] Built Mathlib.Logic.Function.Iterate:c.o (144ms)
build-full	Full build (resumable — a cold cache may need one re-run)	2026-09-27T21:03:28.3999409Z ✔ [3371/5195] Built Mathlib.Algebra.Group.Basic:c.o (119ms)
build-full	Full build (resumable — a cold cache may need one re-run)	2026-09-27T21:03:28.5005810Z ✔ [3372/5195] Built Mathlib.Data.Ordering.Basic:c.o (103ms)
build-full	Full build (resumable — a cold cache may need one re-run)	2026-09-27T21:03:28.6999930Z ✔ [3373/5195] Built Mathlib.Order.Defs.PartialOrder:c.o (203ms)
build-full	Full build (resumable — a cold cache may need one re-run)	2026-09-27T21:03:28.9015813Z ✔ [3374/5195] Built Mathlib.Order.Defs.LinearOrder:c.o (207ms)
build-full	Full build (resumable — a cold cache may need one re-run)	2026-09-27T21:03:29.1040976Z ✔ [3375/5195] Built Mathlib.Tactic.SimpRw:c.o (822ms)
build-full	Full build (resumable — a cold cache may need one re-run)	2026-09-27T21:03:29.1042330Z ✔ [3376/5195] Built Batteries.Lean.Except:c.o (150ms)
build-full	Full build (resumable — a cold cache may need one re-run)	2026-09-27T21:03:29.4073339Z ✔ [3377/5195] Built Batteries.Tactic.Exact:c.o (370ms)
build-full	Full build (resumable — a cold cache may need one re-run)	2026-09-27T21:03:29.4105560Z ✔ [3378/5195] Built Mathlib.Tactic.GCongr.ForwardAttr:c.o (336ms)
build-full	Full build (resumable — a cold cache may need one re-run)	2026-09-27T21:03:29.6064823Z ✔ [3379/5195] Built Mathlib.Data.Nat.Basic:c.o (169ms)
build-full	Full build (resumable — a cold cache may need one re-run)	2026-09-27T21:03:29.8059258Z ✔ [3380/5195] Built Mathlib.Data.Int.Cast.Basic:c.o (146ms)
build-full	Full build (resumable — a cold cache may need one re-run)	2026-09-27T21:03:30.0062440Z ✔ [3381/5195] Built Mathlib.Algebra.Ring.GrindInstances:c.o (231ms)
build-full	Full build (resumable — a cold cache may need one re-run)	2026-09-27T21:03:30.1085899Z ✔ [3382/5195] Built Mathlib.Algebra.Group.Semiconj.Defs:c.o (151ms)
build-full	Full build (resumable — a cold cache may need one re-run)	2026-09-27T21:03:30.3072711Z ✔ [3383/5195] Built Mathlib.Algebra.Ring.Semiconj:c.o (136ms)
build-full	Full build (resumable — a cold cache may need one re-run)	2026-09-27T21:03:30.4066801Z ✔ [3384/5195] Built Mathlib.Logic.IsEmpty.Defs:c.o (142ms)
build-full	Full build (resumable — a cold cache may need one re-run)	2026-09-27T21:03:30.8063567Z ✔ [3385/5195] Built Mathlib.Tactic.Inhabit:c.o (379ms)
build-full	Full build (resumable — a cold cache may need one re-run)	2026-09-27T21:03:31.0085608Z ✔ [3386/5195] Built Mathlib.Logic.Unique:c.o (230ms)
build-full	Full build (resumable — a cold cache may need one re-run)	2026-09-27T21:03:32.0079069Z ✔ [3387/5195] Built Mathlib.Tactic.DepRewrite:c.o (7.7s)
build-full	Full build (resumable — a cold cache may need one re-run)	2026-09-27T21:03:32.1085793Z ✔ [3388/5195] Built Mathlib.Data.FunLike.Basic:c.o (102ms)
build-full	Full build (resumable — a cold cache may need one re-run)	2026-09-27T21:03:32.2082749Z ✔ [3389/5195] Built Mathlib.Data.FunLike.Embedding:c.o (91ms)
build-full	Full build (resumable — a cold cache may need one re-run)	2026-09-27T21:03:32.3081301Z ✔ [3390/5195] Built Mathlib.Data.FunLike.Equiv:c.o (95ms)
build-full	Full build (resumable — a cold cache may need one re-run)	2026-09-27T21:03:32.4085567Z ✔ [3391/5195] Built Mathlib.Logic.Relator:c.o (122ms)
build-full	Full build (resumable — a cold cache may need one re-run)	2026-09-27T21:03:34.0107821Z ✔ [3392/5195] Built Mathlib.Tactic.Use:c.o (1.6s)
build-full	Full build (resumable — a cold cache may need one re-run)	2026-09-27T21:03:34.1093752Z ✔ [3393/5195] Built Mathlib.Order.Defs.Prop:c.o (93ms)
build-full	Full build (resumable — a cold cache may need one re-run)	2026-09-27T21:03:34.3098180Z ✔ [3394/5195] Built Mathlib.Logic.Relation:c.o (157ms)
build-full	Full build (resumable — a cold cache may need one re-run)	2026-09-27T21:03:34.4119302Z ✔ [3395/5195] Built Mathlib.Lean.Elab.Term:c.o (148ms)
build-full	Full build (resumable — a cold cache may need one re-run)	2026-09-27T21:03:34.6100008Z ✔ [3396/5195] Built Mathlib.Util.WithWeakNamespace:c.o (195ms)
build-full	Full build (resumable — a cold cache may need one re-run)	2026-09-27T21:03:34.8113818Z ✔ [3397/5195] Built Mathlib.Util.CompileInductive:c.o (3.8s)
build-full	Full build (resumable — a cold cache may need one re-run)	2026-09-27T21:03:35.7130917Z ✔ [3398/5195] Built Mathlib.Tactic.ScopedNS:c.o (1.1s)
build-full	Full build (resumable — a cold cache may need one re-run)	2026-09-27T21:03:36.1129849Z ✔ [3399/5195] Built Mathlib.Data.Quot:c.o (368ms)
build-full	Full build (resumable — a cold cache may need one re-run)	2026-09-27T21:03:36.2138344Z ✔ [3400/5195] Built Mathlib.Data.Subtype:c.o (93ms)
build-full	Full build (resumable — a cold cache may need one re-run)	2026-09-27T21:03:36.4156299Z ✔ [3401/5195] Built Mathlib.Tactic.Substs:c.o (254ms)
build-full	Full build (resumable — a cold cache may need one re-run)	2026-09-27T21:03:36.9168605Z ✔ [3402/5195] Built Mathlib.Logic.Equiv.Defs:c.o (525ms)
build-full	Full build (resumable — a cold cache may need one re-run)	2026-09-27T21:03:37.2165859Z ✔ [3403/5195] Built Mathlib.Algebra.Opposites:c.o (282ms)
build-full	Full build (resumable — a cold cache may need one re-run)	2026-09-27T21:03:37.6220582Z ✔ [3404/5195] Built Mathlib.Tactic.GCongr.Core:c.o (8.1s)
build-full	Full build (resumable — a cold cache may need one re-run)	2026-09-27T21:03:37.7221298Z ✔ [3405/5195] Built Mathlib.Algebra.Group.InjSurj:c.o (505ms)
build-full	Full build (resumable — a cold cache may need one re-run)	2026-09-27T21:03:37.7235802Z ✔ [3406/5195] Built Mathlib.Algebra.NeZero:c.o (144ms)
build-full	Full build (resumable — a cold cache may need one re-run)	2026-09-27T21:03:37.8237699Z ✔ [3407/5195] Built Mathlib.Algebra.GroupWithZero.NeZero:c.o (149ms)
build-full	Full build (resumable — a cold cache may need one re-run)	2026-09-27T21:03:38.0268209Z ✔ [3408/5195] Built Mathlib.Algebra.GroupWithZero.InjSurj:c.o (243ms)
build-full	Full build (resumable — a cold cache may need one re-run)	2026-09-27T21:03:38.1315441Z ✔ [3409/5195] Built Mathlib.Algebra.Notation.Pi.Defs:c.o (203ms)
build-full	Full build (resumable — a cold cache may need one re-run)	2026-09-27T21:03:38.4311368Z ✔ [3410/5195] Built Mathlib.Algebra.Ring.InjSurj:c.o (565ms)
build-full	Full build (resumable — a cold cache may need one re-run)	2026-09-27T21:03:38.7321474Z ✔ [3411/5195] Built Mathlib.Algebra.Group.Equiv.Defs:c.o (311ms)
build-full	Full build (resumable — a cold cache may need one re-run)	2026-09-27T21:03:39.0322331Z ✔ [3412/5195] Built Mathlib.Algebra.Group.Hom.Defs:c.o (852ms)
build-full	Full build (resumable — a cold cache may need one re-run)	2026-09-27T21:03:39.0345601Z ✔ [3413/5195] Built Mathlib.Algebra.Group.Hom.Basic:c.o (291ms)
build-full	Full build (resumable — a cold cache may need one re-run)	2026-09-27T21:03:39.1328042Z ✔ [3414/5195] Built Mathlib.Algebra.Group.Commute.Defs:c.o (129ms)
build-full	Full build (resumable — a cold cache may need one re-run)	2026-09-27T21:03:39.5335965Z ✔ [3415/5195] Built Mathlib.Algebra.Group.Units.Defs:c.o (514ms)
build-full	Full build (resumable — a cold cache may need one re-run)	2026-09-27T21:03:40.5340151Z ✔ [3416/5195] Built Mathlib.Tactic.Lift:c.o (1.4s)
build-full	Full build (resumable — a cold cache may need one re-run)	2026-09-27T21:03:40.6347132Z ✔ [3417/5195] Built Mathlib.Tactic.Attr.Core:c.o (144ms)
build-full	Full build (resumable — a cold cache may need one re-run)	2026-09-27T21:03:40.8340864Z ✔ [3418/5195] Built Mathlib.Algebra.Group.Units.Basic:c.o (168ms)
build-full	Full build (resumable — a cold cache may need one re-run)	2026-09-27T21:03:40.9347270Z ✔ [3419/5195] Built Mathlib.Tactic.Subsingleton:c.o (1.4s)
build-full	Full build (resumable — a cold cache may need one re-run)	2026-09-27T21:03:41.0428419Z ✔ [3420/5195] Built Mathlib.Algebra.Group.Units.Hom:c.o (255ms)
build-full	Full build (resumable — a cold cache may need one re-run)	2026-09-27T21:03:41.2391354Z ✔ [3421/5195] Built Mathlib.Algebra.GroupWithZero.Basic:c.o (158ms)
build-full	Full build (resumable — a cold cache may need one re-run)	2026-09-27T21:03:41.5398727Z ✔ [3422/5195] Built Mathlib.Algebra.GroupWithZero.Hom:c.o (304ms)
build-full	Full build (resumable — a cold cache may need one re-run)	2026-09-27T21:03:41.7407643Z ✔ [3423/5195] Built Mathlib.Algebra.Notation.Pi.Basic:c.o (161ms)
build-full	Full build (resumable — a cold cache may need one re-run)	2026-09-27T21:03:41.8405190Z ✔ [3424/5195] Built Mathlib.Tactic.Conv:c.o (899ms)
build-full	Full build (resumable — a cold cache may need one re-run)	2026-09-27T21:03:41.8419564Z ✔ [3425/5195] Built Mathlib.Data.Sum.Basic:c.o (165ms)
build-full	Full build (resumable — a cold cache may need one re-run)	2026-09-27T21:03:42.1418562Z ✔ [3426/5195] Built Mathlib.Algebra.Group.Pi.Basic:c.o (293ms)
build-full	Full build (resumable — a cold cache may need one re-run)	2026-09-27T21:03:42.5411216Z ✔ [3427/5195] Built Mathlib.Algebra.Group.Hom.Instances:c.o (363ms)
build-full	Full build (resumable — a cold cache may need one re-run)	2026-09-27T21:03:43.0425547Z ✔ [3428/5195] Built Qq.ForLean.ReduceEval:c.o (492ms)
build-full	Full build (resumable — a cold cache may need one re-run)	2026-09-27T21:03:43.3425326Z ✔ [3429/5195] Built Qq.ForLean.ToExpr:c.o (310ms)
build-full	Full build (resumable — a cold cache may need one re-run)	2026-09-27T21:03:43.5428558Z ✔ [3430/5195] Built Qq.Typ:c.o (250ms)
build-full	Full build (resumable — a cold cache may need one re-run)	2026-09-27T21:03:45.5462192Z ✔ [3431/5195] Built Mathlib.Util.Notation3:c.o (10s)
build-full	Full build (resumable — a cold cache may need one re-run)	2026-09-27T21:03:45.8474004Z ✔ [3432/5195] Built Mathlib.Tactic.FastInstance:c.o (3.0s)
build-full	Full build (resumable — a cold cache may need one re-run)	2026-09-27T21:03:46.4468117Z ✔ [3433/5195] Built Qq.MetaM:c.o (621ms)
build-full	Full build (resumable — a cold cache may need one re-run)	2026-09-27T21:03:46.6472318Z ✔ [3434/5195] Built Qq.Simp:c.o (221ms)
build-full	Full build (resumable — a cold cache may need one re-run)	2026-09-27T21:03:47.0535290Z ✔ [3435/5195] Built Qq.Delab:c.o (1.4s)
build-full	Full build (resumable — a cold cache may need one re-run)	2026-09-27T21:03:47.0548924Z ✔ [3436/5195] Built Qq.ForLean.Do:c.o (395ms)
build-full	Full build (resumable — a cold cache may need one re-run)	2026-09-27T21:03:47.3544003Z ✔ [3437/5195] Built Qq.SortLocalDecls:c.o (395ms)
build-full	Full build (resumable — a cold cache may need one re-run)	2026-09-27T21:03:47.3556329Z ✔ [3438/5195] Built Qq.MatchImpl:c.o (310ms)
build-full	Full build (resumable — a cold cache may need one re-run)	2026-09-27T21:03:49.0578441Z ✔ [3439/5195] Built Qq.AssertInstancesCommute:c.o (1.7s)
build-full	Full build (resumable — a cold cache may need one re-run)	2026-09-27T21:03:50.4634881Z ✔ [3440/5195] Built Qq.Commands:c.o (1.4s)
build-full	Full build (resumable — a cold cache may need one re-run)	2026-09-27T21:03:50.5629480Z ✔ [3441/5195] Built Qq:c.o (157ms)
build-full	Full build (resumable — a cold cache may need one re-run)	2026-09-27T21:03:51.0640067Z ✔ [3442/5195] Built Mathlib.Util.AtomM:c.o (434ms)
build-full	Full build (resumable — a cold cache may need one re-run)	2026-09-27T21:03:52.4735722Z ✔ [3443/5195] Built Qq.Match:c.o (5.1s)
build-full	Full build (resumable — a cold cache may need one re-run)	2026-09-27T21:03:52.5760657Z ✔ [3444/5195] Built Qq.Macro:c.o (9.1s)
build-full	Full build (resumable — a cold cache may need one re-run)	2026-09-27T21:03:52.5785189Z ✔ [3445/5195] Built Mathlib.Data.List.TFAE:c.o (174ms)
build-full	Full build (resumable — a cold cache may need one re-run)	2026-09-27T21:03:52.7768709Z ✔ [3446/5195] Built Mathlib.Algebra.Ring.Basic:c.o (214ms)
build-full	Full build (resumable — a cold cache may need one re-run)	2026-09-27T21:03:53.2797970Z ✔ [3447/5195] Built Mathlib.Algebra.Ring.Hom.Defs:c.o (475ms)
build-full	Full build (resumable — a cold cache may need one re-run)	2026-09-27T21:03:53.4799215Z ✔ [3448/5195] Built Mathlib.Algebra.Ring.Units:c.o (160ms)
build-full	Full build (resumable — a cold cache may need one re-run)	2026-09-27T21:03:53.6799924Z ✔ [3449/5195] Built Mathlib.Data.Bracket:c.o (207ms)
build-full	Full build (resumable — a cold cache may need one re-run)	2026-09-27T21:03:53.7807016Z ✔ [3450/5195] Built Mathlib.Algebra.Ring.Commute:c.o (159ms)
build-full	Full build (resumable — a cold cache may need one re-run)	2026-09-27T21:03:53.9800830Z ✔ [3451/5195] Built Mathlib.Algebra.Group.Semiconj.Units:c.o (138ms)
build-full	Full build (resumable — a cold cache may need one re-run)	2026-09-27T21:03:54.0808271Z ✔ [3452/5195] Built Batteries.Data.List.Basic:c.o (3.1s)
build-full	Full build (resumable — a cold cache may need one re-run)	2026-09-27T21:03:54.1837590Z ✔ [3453/5195] Built Mathlib.Algebra.Group.Commute.Units:c.o (233ms)
build-full	Full build (resumable — a cold cache may need one re-run)	2026-09-27T21:03:54.2818411Z ✔ [3454/5195] Built Mathlib.Algebra.Group.Invertible.Defs:c.o (222ms)
build-full	Full build (resumable — a cold cache may need one re-run)	2026-09-27T21:03:54.4828697Z ✔ [3455/5195] Built Mathlib.Algebra.Group.Invertible.Basic:c.o (345ms)
build-full	Full build (resumable — a cold cache may need one re-run)	2026-09-27T21:03:55.6882710Z ✔ [3456/5195] Built Mathlib.Util.AtLocation:c.o (1.2s)
build-full	Full build (resumable — a cold cache may need one re-run)	2026-09-27T21:03:56.4898178Z ✔ [3457/5195] Built Mathlib.Lean.Meta.CongrTheorems:c.o (2.2s)
build-full	Full build (resumable — a cold cache may need one re-run)	2026-09-27T21:03:56.8924597Z ✔ [3458/5195] Built Mathlib.Tactic.TFAE:c.o (4.3s)
build-full	Full build (resumable — a cold cache may need one re-run)	2026-09-27T21:03:57.3950871Z ✔ [3459/5195] Built Mathlib.Tactic.Contrapose:c.o (924ms)
build-full	Full build (resumable — a cold cache may need one re-run)	2026-09-27T21:03:59.3958804Z ✔ [3460/5195] Built Mathlib.Tactic.Push:c.o (3.7s)
build-full	Full build (resumable — a cold cache may need one re-run)	2026-09-27T21:03:59.6965705Z ✔ [3461/5195] Built Mathlib.Data.Prod.Basic:c.o (353ms)
build-full	Full build (resumable — a cold cache may need one re-run)	2026-09-27T21:03:59.8968747Z ✔ [3462/5195] Built Mathlib.Logic.Nontrivial.Basic:c.o (147ms)
build-full	Full build (resumable — a cold cache may need one re-run)	2026-09-27T21:04:00.9060416Z ✔ [3463/5195] Built Mathlib.Tactic.Convert:c.o (3.5s)
build-full	Full build (resumable — a cold cache may need one re-run)	2026-09-27T21:04:01.0033746Z ✔ [3464/5195] Built Mathlib.Tactic.Nontriviality.Core:c.o (1.1s)
build-full	Full build (resumable — a cold cache may need one re-run)	2026-09-27T21:04:01.0052656Z ✔ [3465/5195] Built Mathlib.Tactic.Nontriviality:c.o (91ms)
build-full	Full build (resumable — a cold cache may need one re-run)	2026-09-27T21:04:01.1032257Z ✔ [3466/5195] Built Mathlib.Algebra.GroupWithZero.Invertible:c.o (114ms)
build-full	Full build (resumable — a cold cache may need one re-run)	2026-09-27T21:04:01.2045888Z ✔ [3467/5195] Built Mathlib.Algebra.GroupWithZero.Units.Basic:c.o (227ms)
build-full	Full build (resumable — a cold cache may need one re-run)	2026-09-27T21:04:01.3030124Z ✔ [3468/5195] Built Mathlib.Algebra.Ring.Invertible:c.o (113ms)
build-full	Full build (resumable — a cold cache may need one re-run)	2026-09-27T21:04:01.7036227Z ✔ [3469/5195] Built Mathlib.Order.Basic:c.o (432ms)
build-full	Full build (resumable — a cold cache may need one re-run)	2026-09-27T21:04:01.9047093Z ✔ [3470/5195] Built Mathlib.Order.Notation:c.o (702ms)
build-full	Full build (resumable — a cold cache may need one re-run)	2026-09-27T21:04:01.9047784Z ✔ [3471/5195] Built Mathlib.Order.OrderDual:c.o (250ms)
build-full	Full build (resumable — a cold cache may need one re-run)	2026-09-27T21:04:02.1058450Z ✔ [3472/5195] Built Mathlib.Order.Lex:c.o (258ms)
build-full	Full build (resumable — a cold cache may need one re-run)	2026-09-27T21:04:02.6032536Z ✔ [3473/5195] Built Mathlib.Algebra.Order.Ring.Synonym:c.o (480ms)
build-full	Full build (resumable — a cold cache may need one re-run)	2026-09-27T21:04:02.7030584Z ✔ [3474/5195] Built Mathlib.Tactic.CongrExclamation:c.o (5.8s)
build-full	Full build (resumable — a cold cache may need one re-run)	2026-09-27T21:04:02.7045165Z ✔ [3475/5195] Built Mathlib.Algebra.Order.Group.Synonym:c.o (763ms)
build-full	Full build (resumable — a cold cache may need one re-run)	2026-09-27T21:04:02.9045215Z ✔ [3476/5195] Built Mathlib.Algebra.Order.GroupWithZero.Synonym:c.o (276ms)
build-full	Full build (resumable — a cold cache may need one re-run)	2026-09-27T21:04:03.4054804Z ✔ [3477/5195] Built Mathlib.Algebra.Field.Basic:c.o (538ms)
build-full	Full build (resumable — a cold cache may need one re-run)	2026-09-27T21:04:03.7065012Z ✔ [3478/5195] Built Clean.Circuit.SimpGadget:c.o (290ms)
build-full	Full build (resumable — a cold cache may need one re-run)	2026-09-27T21:04:04.1059607Z ✔ [3479/5195] Built Mathlib.Tactic.CasesM:c.o (1.5s)
build-full	Full build (resumable — a cold cache may need one re-run)	2026-09-27T21:04:04.2060443Z ✔ [3480/5195] Built Clean.Circuit.Expression:c.o (487ms)
build-full	Full build (resumable — a cold cache may need one re-run)	2026-09-27T21:04:04.3068165Z ✔ [3481/5195] Built Mathlib.Algebra.Group.Torsion:c.o (142ms)
build-full	Full build (resumable — a cold cache may need one re-run)	2026-09-27T21:04:04.5072372Z ✔ [3482/5195] Built Mathlib.Algebra.Group.Opposite:c.o (315ms)
build-full	Full build (resumable — a cold cache may need one re-run)	2026-09-27T21:04:04.8097468Z ✔ [3483/5195] Built Plausible.Random:c.o (574ms)
build-full	Full build (resumable — a cold cache may need one re-run)	2026-09-27T21:04:05.5114822Z ✔ [3484/5195] Built Plausible.Gen:c.o (980ms)
build-full	Full build (resumable — a cold cache may need one re-run)	2026-09-27T21:04:05.6187482Z ✔ [3485/5195] Built Plausible.Arbitrary:c.o (819ms)
build-full	Full build (resumable — a cold cache may need one re-run)	2026-09-27T21:04:05.8176183Z ✔ [3486/5195] Built Plausible.Shrinkable:c.o (322ms)
build-full	Full build (resumable — a cold cache may need one re-run)	2026-09-27T21:04:06.1205730Z ✔ [3487/5195] Built Mathlib.Tactic.Tauto:c.o (3.4s)
build-full	Full build (resumable — a cold cache may need one re-run)	2026-09-27T21:04:06.2190456Z ✔ [3488/5195] Built Plausible.Sampleable:c.o (601ms)
build-full	Full build (resumable — a cold cache may need one re-run)	2026-09-27T21:04:06.4184808Z ✔ [3489/5195] Built Plausible.Attr:c.o (125ms)
build-full	Full build (resumable — a cold cache may need one re-run)	2026-09-27T21:04:06.5182019Z ✔ [3490/5195] Built Plausible.Functions:c.o (389ms)
build-full	Full build (resumable — a cold cache may need one re-run)	2026-09-27T21:04:06.6205699Z ✔ [3491/5195] Built Plausible.ArbitraryFueled:c.o (147ms)
build-full	Full build (resumable — a cold cache may need one re-run)	2026-09-27T21:04:07.2225882Z ✔ [3492/5195] Built Plausible.Tactic:c.o (830ms)
build-full	Full build (resumable — a cold cache may need one re-run)	2026-09-27T21:04:08.3218352Z ✔ [3493/5195] Built Plausible.DeriveArbitrary:c.o (1.7s)
build-full	Full build (resumable — a cold cache may need one re-run)	2026-09-27T21:04:08.4225918Z ✔ [3494/5195] Built Plausible:c.o (96ms)
build-full	Full build (resumable — a cold cache may need one re-run)	2026-09-27T21:04:09.1229806Z ✔ [3495/5195] Built Plausible.DeriveShrinkable:c.o (1.0s)
build-full	Full build (resumable — a cold cache may need one re-run)	2026-09-27T21:04:10.0254449Z ✔ [3496/5195] Built Batteries.Tactic.Case:c.o (1.7s)
build-full	Full build (resumable — a cold cache may need one re-run)	2026-09-27T21:04:10.1248778Z ✔ [3497/5195] Built Plausible.Testable:c.o (4.3s)
build-full	Full build (resumable — a cold cache may need one re-run)	2026-09-27T21:04:10.7286165Z ✔ [3498/5195] Built Batteries.CodeAction.Attr:c.o (717ms)
build-full	Full build (resumable — a cold cache may need one re-run)	2026-09-27T21:04:10.7288012Z ✔ [3499/5195] Built Batteries.CodeAction.Basic:c.o (600ms)
build-full	Full build (resumable — a cold cache may need one re-run)	2026-09-27T21:04:11.6270809Z ✔ [3500/5195] Built Batteries.CodeAction.Match:c.o (843ms)
build-full	Full build (resumable — a cold cache may need one re-run)	2026-09-27T21:04:11.7277853Z ✔ [3501/5195] Built Batteries.CodeAction:c.o (87ms)
build-full	Full build (resumable — a cold cache may need one re-run)	2026-09-27T21:04:11.8275508Z ✔ [3502/5195] Built LeanSearchClient.Basic:c.o (132ms)
build-full	Full build (resumable — a cold cache may need one re-run)	2026-09-27T21:04:13.6291626Z ✔ [3503/5195] Built Batteries.CodeAction.Misc:c.o (2.9s)
build-full	Full build (resumable — a cold cache may need one re-run)	2026-09-27T21:04:13.6307168Z ✔ [3504/5195] Built LeanSearchClient.Syntax:c.o (1.8s)
build-full	Full build (resumable — a cold cache may need one re-run)	2026-09-27T21:04:13.7290237Z ✔ [3505/5195] Built LeanSearchClient:c.o (135ms)
build-full	Full build (resumable — a cold cache may need one re-run)	2026-09-27T21:04:14.2291287Z ✔ [3506/5195] Built Mathlib.Tactic.ApplyCongr:c.o (531ms)
build-full	Full build (resumable — a cold cache may need one re-run)	2026-09-27T21:04:14.8308210Z ✔ [3507/5195] Built LeanSearchClient.LoogleSyntax:c.o (1.2s)
build-full	Full build (resumable — a cold cache may need one re-run)	2026-09-27T21:04:15.1347528Z ✔ [3508/5195] Built Mathlib.Lean.Meta.Basic:c.o (924ms)
build-full	Full build (resumable — a cold cache may need one re-run)	2026-09-27T21:04:15.2326149Z ✔ [3509/5195] Built Batteries.Tactic.GeneralizeProofs:c.o (6.0s)
build-full	Full build (resumable — a cold cache may need one re-run)	2026-09-27T21:04:15.2327551Z ✔ [3510/5195] Built Mathlib.Tactic.ApplyAt:c.o (411ms)
build-full	Full build (resumable — a cold cache may need one re-run)	2026-09-27T21:04:15.9328857Z ✔ [3511/5195] Built Mathlib.Tactic.ApplyWith:c.o (711ms)
build-full	Full build (resumable — a cold cache may need one re-run)	2026-09-27T21:04:16.2375645Z ✔ [3512/5195] Built Mathlib.Tactic.ByCases:c.o (301ms)
build-full	Full build (resumable — a cold cache may need one re-run)	2026-09-27T21:04:16.4395962Z ✔ [3513/5195] Built Mathlib.Tactic.Basic:c.o (1.3s)
build-full	Full build (resumable — a cold cache may need one re-run)	2026-09-27T21:04:16.5390791Z ✔ [3514/5195] Built Mathlib.Tactic.PPWithUniv:c.o (1.3s)
build-full	Full build (resumable — a cold cache may need one re-run)	2026-09-27T21:04:16.5415525Z ✔ [3515/5195] Built Mathlib.Tactic.ByContra:c.o (375ms)
build-full	Full build (resumable — a cold cache may need one re-run)	2026-09-27T21:04:16.8410770Z ✔ [3516/5195] Built Mathlib.Tactic.ClearExclamation:c.o (275ms)
build-full	Full build (resumable — a cold cache may need one re-run)	2026-09-27T21:04:17.4439876Z ✔ [3517/5195] Built Mathlib.Tactic.ClearExcept:c.o (601ms)
build-full	Full build (resumable — a cold cache may need one re-run)	2026-09-27T21:04:17.6442594Z ✔ [3518/5195] Built Mathlib.Tactic.Check:c.o (1.1s)
build-full	Full build (resumable — a cold cache may need one re-run)	2026-09-27T21:04:17.7439938Z ✔ [3519/5195] Built ProofWidgets.Compat:c.o (159ms)
build-full	Full build (resumable — a cold cache may need one re-run)	2026-09-27T21:04:18.0448234Z ✔ [3520/5195] Built Mathlib.Tactic.Clear_:c.o (608ms)
build-full	Full build (resumable — a cold cache may need one re-run)	2026-09-27T21:04:18.3457713Z ✔ [3521/5195] Built ProofWidgets.Component.Basic:c.o (546ms)
build-full	Full build (resumable — a cold cache may need one re-run)	2026-09-27T21:04:18.4455848Z ✔ [3522/5195] Built ProofWidgets.Component.MakeEditLink:c.o (458ms)
build-full	Full build (resumable — a cold cache may need one re-run)	2026-09-27T21:04:18.6458478Z ✔ [3523/5195] Built Mathlib.Tactic.Choose:c.o (2.1s)
build-full	Full build (resumable — a cold cache may need one re-run)	2026-09-27T21:04:18.7475713Z ✔ [3524/5195] Built ProofWidgets.Component.Panel.Basic:c.o (431ms)
build-full	Full build (resumable — a cold cache may need one re-run)	2026-09-27T21:04:19.0474836Z ✔ [3525/5195] Built ProofWidgets.Util:c.o (522ms)
build-full	Full build (resumable — a cold cache may need one re-run)	2026-09-27T21:04:19.6485905Z ✔ [3526/5195] Built ProofWidgets.Component.RefreshComponent:c.o (933ms)
build-full	Full build (resumable — a cold cache may need one re-run)	2026-09-27T21:04:20.5507776Z ✔ [3527/5195] Built ProofWidgets.Data.Html:c.o (1.9s)
build-full	Full build (resumable — a cold cache may need one re-run)	2026-09-27T21:04:20.6503536Z ✔ [3528/5195] Built Mathlib.Tactic.GRewrite:c.o (91ms)
build-full	Full build (resumable — a cold cache may need one re-run)	2026-09-27T21:04:20.8505418Z ✔ [3529/5195] Built Mathlib.Tactic.NthRewrite:c.o (203ms)
build-full	Full build (resumable — a cold cache may need one re-run)	2026-09-27T21:04:23.9530877Z ✔ [3530/5195] Built Mathlib.Tactic.GRewrite.Elab:c.o (4.3s)
build-full	Full build (resumable — a cold cache may need one re-run)	2026-09-27T21:04:24.2549727Z ✔ [3531/5195] Built ProofWidgets.Component.FilterDetails:c.o (291ms)
build-full	Full build (resumable — a cold cache may need one re-run)	2026-09-27T21:04:24.3545589Z ✔ [3532/5195] Built Mathlib.Tactic.ClickSuggestions.Util:c.o (3.5s)
build-full	Full build (resumable — a cold cache may need one re-run)	2026-09-27T21:04:24.4560338Z ✔ [3533/5195] Built Mathlib.Tactic.GRewrite.Core:c.o (5.5s)
build-full	Full build (resumable — a cold cache may need one re-run)	2026-09-27T21:04:24.4561600Z ✔ [3534/5195] Built Mathlib.Control.Combinators:c.o (106ms)
build-full	Full build (resumable — a cold cache may need one re-run)	2026-09-27T21:04:24.8540705Z ✔ [3535/5195] Built Mathlib.Control.Basic:c.o (376ms)
build-full	Full build (resumable — a cold cache may need one re-run)	2026-09-27T21:04:25.0543448Z ✔ [3536/5195] Built Mathlib.Tactic.ClickSuggestions.SectionState:c.o (780ms)
build-full	Full build (resumable — a cold cache may need one re-run)	2026-09-27T21:04:25.8551523Z ✔ [3537/5195] Built Mathlib.Tactic.ClickSuggestions.Apply:c.o (752ms)
build-full	Full build (resumable — a cold cache may need one re-run)	2026-09-27T21:04:25.9558840Z ✔ [3538/5195] Built Mathlib.Tactic.ClickSuggestions.Rewrite:c.o (1.5s)
build-full	Full build (resumable — a cold cache may need one re-run)	2026-09-27T21:04:26.4570079Z ✔ [3539/5195] Built Mathlib.Tactic.ClickSuggestions.ApplyAt:c.o (647ms)
build-full	Full build (resumable — a cold cache may need one re-run)	2026-09-27T21:04:26.8596672Z ✔ [3540/5195] Built Mathlib.Lean.FoldEnvironment:c.o (926ms)
build-full	Full build (resumable — a cold cache may need one re-run)	2026-09-27T21:04:27.4626047Z ✔ [3541/5195] Built Mathlib.Lean.Meta.RefinedDiscrTree.Basic:c.o (968ms)
build-full	Full build (resumable — a cold cache may need one re-run)	2026-09-27T21:04:27.9612206Z ✔ [3542/5195] Built Mathlib.Tactic.ClickSuggestions.GRewrite:c.o (3.1s)
build-full	Full build (resumable — a cold cache may need one re-run)	2026-09-27T21:04:28.3625996Z ✔ [3543/5195] Built Mathlib.Lean.Meta.RefinedDiscrTree.Encode:c.o (1.5s)
build-full	Full build (resumable — a cold cache may need one re-run)	2026-09-27T21:04:28.5628549Z ✔ [3544/5195] Built Mathlib.Lean.Meta.RefinedDiscrTree:c.o (234ms)
build-full	Full build (resumable — a cold cache may need one re-run)	2026-09-27T21:04:29.5648698Z ✔ [3545/5195] Built Mathlib.Lean.Meta.RefinedDiscrTree.Initialize:c.o (1.6s)
build-full	Full build (resumable — a cold cache may need one re-run)	2026-09-27T21:04:30.2677064Z ✔ [3546/5195] Built Mathlib.Lean.Meta.RefinedDiscrTree.Lookup:c.o (2.9s)
build-full	Full build (resumable — a cold cache may need one re-run)	2026-09-27T21:04:30.2678804Z ✔ [3547/5195] Built Mathlib.Tactic.ClickSuggestions.FindPremises:c.o (1.7s)
build-full	Full build (resumable — a cold cache may need one re-run)	2026-09-27T21:04:30.6666418Z ✔ [3548/5195] Built Mathlib.Tactic.Widget.SelectInsertParamsClass:c.o (357ms)
build-full	Full build (resumable — a cold cache may need one re-run)	2026-09-27T21:04:30.8668850Z ✔ [3549/5195] Built Mathlib.Lean.GoalsLocation:c.o (236ms)
build-full	Full build (resumable — a cold cache may need one re-run)	2026-09-27T21:04:31.1676147Z ✔ [3550/5195] Built Mathlib.Tactic.Widget.SelectPanelUtils:c.o (826ms)
build-full	Full build (resumable — a cold cache may need one re-run)	2026-09-27T21:04:31.7698437Z ✔ [3551/5195] Built ProofWidgets.Cancellable:c.o (641ms)
build-full	Full build (resumable — a cold cache may need one re-run)	2026-09-27T21:04:31.9701152Z ✔ [3552/5195] Built Mathlib.Lean.Meta.KAbstractPositions:c.o (1.1s)
build-full	Full build (resumable — a cold cache may need one re-run)	2026-09-27T21:04:32.1715378Z ✔ [3553/5195] Built ProofWidgets.Component.OfRpcMethod:c.o (448ms)
build-full	Full build (resumable — a cold cache may need one re-run)	2026-09-27T21:04:33.2715763Z ✔ [3554/5195] Built Mathlib.Tactic.ClickSuggestions.Unfold:c.o (1.3s)
build-full	Full build (resumable — a cold cache may need one re-run)	2026-09-27T21:04:33.3708591Z ✔ [3555/5195] Built Mathlib.Tactic.Widget.Conv:c.o (1.2s)
build-full	Full build (resumable — a cold cache may need one re-run)	2026-09-27T21:04:33.7724996Z ✔ [3556/5195] Built Mathlib.Tactic.Coe:c.o (385ms)
build-full	Full build (resumable — a cold cache may need one re-run)	2026-09-27T21:04:34.5728451Z ✔ [3557/5195] Built Mathlib.Tactic.ClickSuggestions.TryPremises:c.o (5.1s)
build-full	Full build (resumable — a cold cache may need one re-run)	2026-09-27T21:04:35.0736371Z ✔ [3558/5195] Built Mathlib.Tactic.CongrM:c.o (526ms)
build-full	Full build (resumable — a cold cache may need one re-run)	2026-09-27T21:04:35.3732778Z ✔ [3559/5195] Built Mathlib.Tactic.Constructor:c.o (253ms)
build-full	Full build (resumable — a cold cache may need one re-run)	2026-09-27T21:04:35.7736319Z ✔ [3560/5195] Built Mathlib.Lean.MessageData.Trace:c.o (439ms)
build-full	Full build (resumable — a cold cache may need one re-run)	2026-09-27T21:04:36.2745797Z ✔ [3561/5195] Built Mathlib.Tactic.ClickSuggestions:c.o (2.0s)
build-full	Full build (resumable — a cold cache may need one re-run)	2026-09-27T21:04:36.9745443Z ✔ [3562/5195] Built Mathlib.Tactic.TermCongr:c.o (3.3s)
build-full	Full build (resumable — a cold cache may need one re-run)	2026-09-27T21:04:38.0755323Z ✔ [3563/5195] Built Mathlib.Tactic.DeprecateTo:c.o (1.1s)
build-full	Full build (resumable — a cold cache may need one re-run)	2026-09-27T21:04:38.3751560Z ✔ [3564/5195] Built Mathlib.Tactic.DSimpPercent:c.o (230ms)
build-full	Full build (resumable — a cold cache may need one re-run)	2026-09-27T21:04:39.0761505Z ✔ [3565/5195] Built Mathlib.Tactic.DefEqAbuse:c.o (3.3s)
build-full	Full build (resumable — a cold cache may need one re-run)	2026-09-27T21:04:39.1767081Z ✔ [3566/5195] Built Mathlib.Tactic.ErwQuestion:c.o (872ms)
build-full	Full build (resumable — a cold cache may need one re-run)	2026-09-27T21:04:39.2761888Z ✔ [3567/5195] Built Mathlib.Tactic.ExistsI:c.o (171ms)
build-full	Full build (resumable — a cold cache may need one re-run)	2026-09-27T21:04:39.5769407Z ✔ [3568/5195] Built Mathlib.Tactic.DefEqTransformations:c.o (3.3s)
build-full	Full build (resumable — a cold cache may need one re-run)	2026-09-27T21:04:39.7772752Z ✔ [3569/5195] Built Mathlib.Tactic.FailIfNoProgress:c.o (524ms)
build-full	Full build (resumable — a cold cache may need one re-run)	2026-09-27T21:04:39.9775846Z ✔ [3570/5195] Built Batteries.Util.Cache:c.o (757ms)
build-full	Full build (resumable — a cold cache may need one re-run)	2026-09-27T21:04:40.8847570Z ✔ [3571/5195] Built Mathlib.Tactic.Find:c.o (1.2s)
build-full	Full build (resumable — a cold cache may need one re-run)	2026-09-27T21:04:40.8860728Z ✔ [3572/5195] Built Mathlib.Tactic.FunProp.Mor:c.o (926ms)
build-full	Full build (resumable — a cold cache may need one re-run)	2026-09-27T21:04:41.5848503Z ✔ [3573/5195] Built Mathlib.Tactic.FunProp.Decl:c.o (1.8s)
build-full	Full build (resumable — a cold cache may need one re-run)	2026-09-27T21:04:41.5861209Z ✔ [3574/5195] Built Mathlib.Tactic.FunProp.ToBatteries:c.o (797ms)
build-full	Full build (resumable — a cold cache may need one re-run)	2026-09-27T21:04:41.9851883Z ✔ [3575/5195] Built Mathlib.Tactic.FunProp.Types:c.o (427ms)
build-full	Full build (resumable — a cold cache may need one re-run)	2026-09-27T21:04:42.2869125Z ✔ [3576/5195] Built Mathlib.Tactic.FunProp.Attr:c.o (346ms)
build-full	Full build (resumable — a cold cache may need one re-run)	2026-09-27T21:04:42.4869174Z ✔ [3577/5195] Built Mathlib.Tactic.FunProp.FunctionData:c.o (1.6s)
build-full	Full build (resumable — a cold cache may need one re-run)	2026-09-27T21:04:43.2909799Z ✔ [3578/5195] Built Mathlib.Tactic.FunProp.Theorems:c.o (1.7s)
build-full	Full build (resumable — a cold cache may need one re-run)	2026-09-27T21:04:43.3908438Z ✔ [3579/5195] Built Mathlib.Tactic.FunProp:c.o (107ms)
build-full	Full build (resumable — a cold cache may need one re-run)	2026-09-27T21:04:43.4910322Z ✔ [3580/5195] Built Mathlib.Tactic.GCongr.CoreAttrs:c.o (83ms)
build-full	Full build (resumable — a cold cache may need one re-run)	2026-09-27T21:04:43.5936521Z ✔ [3581/5195] Built Batteries.Control.Lemmas:c.o (85ms)
build-full	Full build (resumable — a cold cache may need one re-run)	2026-09-27T21:04:43.6923552Z ✔ [3582/5195] Built Batteries.Control.LawfulMonadState:c.o (84ms)
build-full	Full build (resumable — a cold cache may need one re-run)	2026-09-27T21:04:43.7928614Z ✔ [3583/5195] Built Batteries.Control.OptionT:c.o (91ms)
build-full	Full build (resumable — a cold cache may need one re-run)	2026-09-27T21:04:43.8945632Z ✔ [3584/5195] Built Batteries.Control.AlternativeMonad:c.o (129ms)
build-full	Full build (resumable — a cold cache may need one re-run)	2026-09-27T21:04:44.6997900Z ✔ [3585/5195] Built Batteries.Data.MLList.Basic:c.o (834ms)
build-full	Full build (resumable — a cold cache may need one re-run)	2026-09-27T21:04:44.9982606Z ✔ [3586/5195] Built Batteries.Control.Nondet.Basic:c.o (296ms)
build-full	Full build (resumable — a cold cache may need one re-run)	2026-09-27T21:04:45.2981829Z ✔ [3587/5195] Built Mathlib.Tactic.FunProp.Elab:c.o (2.8s)
build-full	Full build (resumable — a cold cache may need one re-run)	2026-09-27T21:04:45.4993465Z ✔ [3588/5195] Built Mathlib.Tactic.GCongr:c.o (151ms)
build-full	Full build (resumable — a cold cache may need one re-run)	2026-09-27T21:04:45.8998516Z ✔ [3589/5195] Built Mathlib.Tactic.GrindAttrs:c.o (445ms)
build-full	Full build (resumable — a cold cache may need one re-run)	2026-09-27T21:04:46.2018719Z ✔ [3590/5195] Built Mathlib.Tactic.Hint:c.o (1.2s)
build-full	Full build (resumable — a cold cache may need one re-run)	2026-09-27T21:04:46.2020446Z ✔ [3591/5195] Built Mathlib.Tactic.GuardGoalNums:c.o (298ms)
build-full	Full build (resumable — a cold cache may need one re-run)	2026-09-27T21:04:46.5065700Z ✔ [3592/5195] Built Mathlib.Tactic.GuardHypNums:c.o (309ms)
build-full	Full build (resumable — a cold cache may need one re-run)	2026-09-27T21:04:47.0061567Z ✔ [3593/5195] Built Mathlib.Tactic.InferParam:c.o (486ms)
build-full	Full build (resumable — a cold cache may need one re-run)	2026-09-27T21:04:47.3056134Z ✔ [3594/5195] Built Mathlib.Tactic.HigherOrder:c.o (1.1s)
build-full	Full build (resumable — a cold cache may need one re-run)	2026-09-27T21:04:48.1053137Z ✔ [3595/5195] Built Mathlib.Tactic.IrreducibleDef:c.o (836ms)
build-full	Full build (resumable — a cold cache may need one re-run)	2026-09-27T21:04:48.2087586Z ✔ [3596/5195] Built Mathlib.Util.TermReduce:c.o (1.3s)
build-full	Full build (resumable — a cold cache may need one re-run)	2026-09-27T21:04:48.9084575Z ✔ [3597/5195] Built Mathlib.Tactic.Linter.HaveLetLinter:c.o (774ms)
build-full	Full build (resumable — a cold cache may need one re-run)	2026-09-27T21:04:49.7090876Z ✔ [3598/5195] Built Mathlib.Tactic.Linter.PPRoundtrip:c.o (826ms)
build-full	Full build (resumable — a cold cache may need one re-run)	2026-09-27T21:04:50.2101894Z ✔ [3599/5195] Built Mathlib.Tactic.Linter.UpstreamableDecl:c.o (472ms)
build-full	Full build (resumable — a cold cache may need one re-run)	2026-09-27T21:04:50.3108986Z ✔ [3600/5195] Built Mathlib.Tactic.Linter:c.o (94ms)
build-full	Full build (resumable — a cold cache may need one re-run)	2026-09-27T21:04:50.4127169Z ✔ [3601/5195] Built Mathlib.Tactic.Linter.MinImports:c.o (2.2s)
build-full	Full build (resumable — a cold cache may need one re-run)	2026-09-27T21:04:50.5110658Z ✔ [3602/5195] Built Mathlib.Tactic.FunProp.Core:c.o (8.2s)
build-full	Full build (resumable — a cold cache may need one re-run)	2026-09-27T21:04:50.7126772Z ✔ [3603/5195] Built Mathlib.Tactic.RSuffices:c.o (280ms)
build-full	Full build (resumable — a cold cache may need one re-run)	2026-09-27T21:04:50.8109950Z ✔ [3604/5195] Built Mathlib.Tactic.Observe:c.o (496ms)
build-full	Full build (resumable — a cold cache may need one re-run)	2026-09-27T21:04:50.9116239Z ✔ [3605/5195] Built Mathlib.Tactic.Relation.Rfl:c.o (263ms)
build-full	Full build (resumable — a cold cache may need one re-run)	2026-09-27T21:04:51.2123594Z ✔ [3606/5195] Built Mathlib.Tactic.Rename:c.o (419ms)
build-full	Full build (resumable — a cold cache may need one re-run)	2026-09-27T21:04:51.2137119Z ✔ [3607/5195] Built Mathlib.Util.Tactic:c.o (261ms)
build-full	Full build (resumable — a cold cache may need one re-run)	2026-09-27T21:04:51.6145663Z ✔ [3608/5195] Built Mathlib.Tactic.Recover:c.o (1.2s)
build-full	Full build (resumable — a cold cache may need one re-run)	2026-09-27T21:04:51.7129828Z ✔ [3609/5195] Built Mathlib.Tactic.Says:c.o (504ms)
build-full	Full build (resumable — a cold cache may need one re-run)	2026-09-27T21:04:52.2205726Z ✔ [3610/5195] Built Mathlib.Tactic.RenameBVar:c.o (1.0s)
build-full	Full build (resumable — a cold cache may need one re-run)	2026-09-27T21:04:52.3191175Z ✔ [3611/5195] Built Mathlib.Tactic.SimpIntro:c.o (577ms)
build-full	Full build (resumable — a cold cache may need one re-run)	2026-09-27T21:04:52.4202706Z ✔ [3612/5195] Built Mathlib.Tactic.Set:c.o (823ms)
build-full	Full build (resumable — a cold cache may need one re-run)	2026-09-27T21:04:52.7215718Z ✔ [3613/5195] Built Mathlib.Tactic.SuccessIfFailWithMsg:c.o (490ms)
build-full	Full build (resumable — a cold cache may need one re-run)	2026-09-27T21:04:53.0218979Z ✔ [3614/5195] Built Mathlib.Tactic.SudoSetOption:c.o (548ms)
build-full	Full build (resumable — a cold cache may need one re-run)	2026-09-27T21:04:53.3213202Z ✔ [3615/5195] Built Mathlib.Tactic.SwapVar:c.o (536ms)
build-full	Full build (resumable — a cold cache may need one re-run)	2026-09-27T21:04:53.4220403Z ✔ [3616/5195] Built Mathlib.Tactic.ToFun:c.o (451ms)
build-full	Full build (resumable — a cold cache may need one re-run)	2026-09-27T21:04:53.5286739Z ✔ [3617/5195] Built Mathlib.Tactic.ToLevel:c.o (131ms)
build-full	Full build (resumable — a cold cache may need one re-run)	2026-09-27T21:04:53.7280696Z ✔ [3618/5195] Built Mathlib.Tactic.ToExpr:c.o (478ms)
build-full	Full build (resumable — a cold cache may need one re-run)	2026-09-27T21:04:53.9279073Z ✔ [3619/5195] Built Mathlib.Tactic.Trace:c.o (375ms)
build-full	Full build (resumable — a cold cache may need one re-run)	2026-09-27T21:04:54.0285015Z ✔ [3620/5195] Built Mathlib.Tactic.UnsetOption:c.o (233ms)
build-full	Full build (resumable — a cold cache may need one re-run)	2026-09-27T21:04:55.0295977Z ✔ [3621/5195] Built Mathlib.Tactic.Widget.Calc:c.o (1.1s)
build-full	Full build (resumable — a cold cache may need one re-run)	2026-09-27T21:04:55.5333807Z ✔ [3622/5195] Built Mathlib.Tactic.Widget.CongrM:c.o (448ms)
build-full	Full build (resumable — a cold cache may need one re-run)	2026-09-27T21:04:56.1340407Z ✔ [3623/5195] Built Mathlib.Tactic.Simproc.ExistsAndEq:c.o (3.9s)
build-full	Full build (resumable — a cold cache may need one re-run)	2026-09-27T21:04:56.9363254Z ✔ [3624/5195] Built Mathlib.Tactic.Variable:c.o (3.0s)
build-full	Full build (resumable — a cold cache may need one re-run)	2026-09-27T21:04:57.2360307Z ✔ [3625/5195] Built Mathlib.Tactic.WLOG:c.o (1.2s)
build-full	Full build (resumable — a cold cache may need one re-run)	2026-09-27T21:04:59.0424487Z ✔ [3626/5195] Built Mathlib.Util.CountHeartbeats:c.o (2.0s)
build-full	Full build (resumable — a cold cache may need one re-run)	2026-09-27T21:04:59.1456582Z ✔ [3627/5195] Built Mathlib.Util.PrintSorries:c.o (1.9s)
build-full	Full build (resumable — a cold cache may need one re-run)	2026-09-27T21:04:59.4443404Z ✔ [3628/5195] Built Mathlib.Util.TransImports:c.o (466ms)
build-full	Full build (resumable — a cold cache may need one re-run)	2026-09-27T21:04:59.7451973Z ✔ [3629/5195] Built Mathlib.Tactic.Common:c.o (264ms)
build-full	Full build (resumable — a cold cache may need one re-run)	2026-09-27T21:04:59.8445811Z ✔ [3630/5195] Built Mathlib.Algebra.Divisibility.Basic:c.o (118ms)
build-full	Full build (resumable — a cold cache may need one re-run)	2026-09-27T21:04:59.9442677Z ✔ [3631/5195] Built Mathlib.Algebra.Divisibility.Hom:c.o (91ms)
build-full	Full build (resumable — a cold cache may need one re-run)	2026-09-27T21:05:00.0438871Z ✔ [3632/5195] Built Mathlib.Control.EquivFunctor:c.o (116ms)
build-full	Full build (resumable — a cold cache may need one re-run)	2026-09-27T21:05:00.1506937Z ✔ [3633/5195] Built Mathlib.Tactic.Widget.LibraryRewrite:c.o (4.6s)
build-full	Full build (resumable — a cold cache may need one re-run)	2026-09-27T21:05:00.2471335Z ✔ [3634/5195] Built Mathlib.Data.Option.Defs:c.o (161ms)
build-full	Full build (resumable — a cold cache may need one re-run)	2026-09-27T21:05:00.2473163Z ✔ [3635/5195] Built Mathlib.Logic.IsEmpty.Basic:c.o (134ms)
build-full	Full build (resumable — a cold cache may need one re-run)	2026-09-27T21:05:00.3464672Z ✔ [3636/5195] Built Mathlib.Data.Option.Basic:c.o (166ms)
build-full	Full build (resumable — a cold cache may need one re-run)	2026-09-27T21:05:00.4460748Z ✔ [3637/5195] Built Mathlib.Logic.Equiv.Option:c.o (176ms)
build-full	Full build (resumable — a cold cache may need one re-run)	2026-09-27T21:05:00.5506277Z ✔ [3638/5195] Built Mathlib.Util.WhatsNew:c.o (1.4s)
build-full	Full build (resumable — a cold cache may need one re-run)	2026-09-27T21:05:00.5515493Z ✔ [3639/5195] Built Mathlib.Data.Sigma.Basic:c.o (237ms)
build-full	Full build (resumable — a cold cache may need one re-run)	2026-09-27T21:05:00.8470042Z ✔ [3640/5195] Built Mathlib.Logic.Equiv.Prod:c.o (437ms)
build-full	Full build (resumable — a cold cache may need one re-run)	2026-09-27T21:05:01.0472374Z ✔ [3641/5195] Built Mathlib.Logic.Equiv.Sum:c.o (478ms)
build-full	Full build (resumable — a cold cache may need one re-run)	2026-09-27T21:05:01.0485782Z ✔ [3642/5195] Built Mathlib.Algebra.Group.Equiv.Basic:c.o (214ms)
build-full	Full build (resumable — a cold cache may need one re-run)	2026-09-27T21:05:01.1469398Z ✔ [3643/5195] Built Mathlib.Logic.Equiv.Basic:c.o (590ms)
build-full	Full build (resumable — a cold cache may need one re-run)	2026-09-27T21:05:01.2487019Z ✔ [3644/5195] Built Mathlib.Data.Set.CoeSort:c.o (89ms)
build-full	Full build (resumable — a cold cache may need one re-run)	2026-09-27T21:05:01.4476271Z ✔ [3645/5195] Built Mathlib.Algebra.Group.Equiv.Opposite:c.o (395ms)
build-full	Full build (resumable — a cold cache may need one re-run)	2026-09-27T21:05:01.4489626Z ✔ [3646/5195] Built Mathlib.Algebra.Group.TypeTags.Basic:c.o (431ms)
build-full	Full build (resumable — a cold cache may need one re-run)	2026-09-27T21:05:01.5495752Z ✔ [3647/5195] Built Mathlib.Data.SProd:c.o (156ms)
build-full	Full build (resumable — a cold cache may need one re-run)	2026-09-27T21:05:01.6485535Z ✔ [3648/5195] Built Mathlib.Data.Set.Operations:c.o (206ms)
build-full	Full build (resumable — a cold cache may need one re-run)	2026-09-27T21:05:01.7497226Z ✔ [3649/5195] Built Mathlib.Algebra.Group.Even:c.o (196ms)
build-full	Full build (resumable — a cold cache may need one re-run)	2026-09-27T21:05:01.7498387Z ✔ [3650/5195] Built Mathlib.Algebra.Group.Nat.Defs:c.o (92ms)
build-full	Full build (resumable — a cold cache may need one re-run)	2026-09-27T21:05:01.9495733Z ✔ [3651/5195] Built Mathlib.Algebra.Group.Nat.Hom:c.o (178ms)
build-full	Full build (resumable — a cold cache may need one re-run)	2026-09-27T21:05:02.0557338Z ✔ [3652/5195] Built Mathlib.Algebra.Group.TypeTags.Hom:c.o (241ms)
build-full	Full build (resumable — a cold cache may need one re-run)	2026-09-27T21:05:02.1534988Z ✔ [3653/5195] Built Mathlib.Algebra.CharZero.Defs:c.o (155ms)
build-full	Full build (resumable — a cold cache may need one re-run)	2026-09-27T21:05:02.1547827Z ✔ [3654/5195] Built Mathlib.Algebra.GroupWithZero.Nat:c.o (124ms)
build-full	Full build (resumable — a cold cache may need one re-run)	2026-09-27T21:05:02.2555782Z ✔ [3655/5195] Built Mathlib.Algebra.Ring.Nat:c.o (177ms)
build-full	Full build (resumable — a cold cache may need one re-run)	2026-09-27T21:05:02.2556728Z ✔ [3656/5195] Built Mathlib.Data.Nat.Cast.Basic:c.o (120ms)
build-full	Full build (resumable — a cold cache may need one re-run)	2026-09-27T21:05:02.4606204Z ✔ [3657/5195] Built Mathlib.Data.Nat.Find:c.o (178ms)
build-full	Full build (resumable — a cold cache may need one re-run)	2026-09-27T21:05:02.4635359Z ✔ [3658/5195] Built Mathlib.Algebra.Group.Nat.Units:c.o (151ms)
build-full	Full build (resumable — a cold cache may need one re-run)	2026-09-27T21:05:02.5598670Z ✔ [3659/5195] Built Mathlib.Algebra.Group.Irreducible.Defs:c.o (92ms)
build-full	Full build (resumable — a cold cache may need one re-run)	2026-09-27T21:05:02.5600043Z ✔ [3660/5195] Built Mathlib.Algebra.Divisibility.Units:c.o (139ms)
build-full	Full build (resumable — a cold cache may need one re-run)	2026-09-27T21:05:02.6606160Z ✔ [3661/5195] Built Mathlib.Algebra.GroupWithZero.Divisibility:c.o (110ms)
build-full	Full build (resumable — a cold cache may need one re-run)	2026-09-27T21:05:02.6615191Z ✔ [3662/5195] Built Mathlib.Algebra.Prime.Defs:c.o (109ms)
build-full	Full build (resumable — a cold cache may need one re-run)	2026-09-27T21:05:02.7618553Z ✔ [3663/5195] Built Mathlib.Data.Nat.Sqrt:c.o (147ms)
build-full	Full build (resumable — a cold cache may need one re-run)	2026-09-27T21:05:02.8605524Z ✔ [3664/5195] Built Mathlib.Data.Nat.Prime.Defs:c.o (148ms)
build-full	Full build (resumable — a cold cache may need one re-run)	2026-09-27T21:05:02.8614948Z ✔ [3665/5195] Built Mathlib.Logic.Pairwise:c.o (89ms)
build-full	Full build (resumable — a cold cache may need one re-run)	2026-09-27T21:05:02.9636184Z ✔ [3666/5195] Built Mathlib.Data.Bool.Basic:c.o (169ms)
build-full	Full build (resumable — a cold cache may need one re-run)	2026-09-27T21:05:03.0637403Z ✔ [3667/5195] Built Mathlib.Data.Int.Order.Basic:c.o (147ms)
build-full	Full build (resumable — a cold cache may need one re-run)	2026-09-27T21:05:03.0675129Z ✔ [3668/5195] Built Mathlib.Order.Compare:c.o (193ms)
build-full	Full build (resumable — a cold cache may need one re-run)	2026-09-27T21:05:03.1619509Z ✔ [3669/5195] Built Mathlib.Order.Max:c.o (138ms)
build-full	Full build (resumable — a cold cache may need one re-run)	2026-09-27T21:05:03.2625654Z ✔ [3670/5195] Built Mathlib.Order.Monotone.Defs:c.o (164ms)
build-full	Full build (resumable — a cold cache may need one re-run)	2026-09-27T21:05:03.3625134Z ✔ [3671/5195] Built Mathlib.Order.RelClasses:c.o (159ms)
build-full	Full build (resumable — a cold cache may need one re-run)	2026-09-27T21:05:03.4635773Z ✔ [3672/5195] Built Mathlib.Order.Monotone.Basic:c.o (153ms)
build-full	Full build (resumable — a cold cache may need one re-run)	2026-09-27T21:05:03.4648702Z ✔ [3673/5195] Built Mathlib.Logic.Function.ULift:c.o (83ms)
build-full	Full build (resumable — a cold cache may need one re-run)	2026-09-27T21:05:03.5622096Z ✔ [3674/5195] Built Mathlib.Order.ULift:c.o (154ms)
build-full	Full build (resumable — a cold cache may need one re-run)	2026-09-27T21:05:03.6628504Z ✔ [3675/5195] Built Mathlib.Algebra.CharP.Defs:c.o (88ms)
build-full	Full build (resumable — a cold cache may need one re-run)	2026-09-27T21:05:03.7638848Z ✔ [3676/5195] Built Mathlib.Data.Int.DivMod:c.o (92ms)
build-full	Full build (resumable — a cold cache may need one re-run)	2026-09-27T21:05:03.9649590Z ✔ [3677/5195] Built Batteries.Data.Fin.Basic:c.o (228ms)
build-full	Full build (resumable — a cold cache may need one re-run)	2026-09-27T21:05:04.0655431Z ✔ [3678/5195] Built Mathlib.Data.Fin.Basic:c.o (139ms)
build-full	Full build (resumable — a cold cache may need one re-run)	2026-09-27T21:05:04.1695795Z ✔ [3679/5195] Built Mathlib.Order.Lattice:c.o (789ms)
build-full	Full build (resumable — a cold cache may need one re-run)	2026-09-27T21:05:04.2698773Z ✔ [3680/5195] Built Mathlib.Tactic.FBinop:c.o (2.0s)
build-full	Full build (resumable — a cold cache may need one re-run)	2026-09-27T21:05:04.3717066Z ✔ [3681/5195] Built Mathlib.Tactic.Finiteness.Attr:c.o (118ms)
build-full	Full build (resumable — a cold cache may need one re-run)	2026-09-27T21:05:04.3718363Z ✔ [3682/5195] Built Mathlib.Order.BoundedOrder.Lattice:c.o (89ms)
build-full	Full build (resumable — a cold cache may need one re-run)	2026-09-27T21:05:04.5705673Z ✔ [3683/5195] Built Mathlib.Order.BoundedOrder.Basic:c.o (391ms)
build-full	Full build (resumable — a cold cache may need one re-run)	2026-09-27T21:05:04.5717227Z ✔ [3684/5195] Built Mathlib.Order.Disjoint:c.o (127ms)
build-full	Full build (resumable — a cold cache may need one re-run)	2026-09-27T21:05:04.6757619Z ✔ [3685/5195] Built Mathlib.Order.PropInstances:c.o (103ms)
build-full	Full build (resumable — a cold cache may need one re-run)	2026-09-27T21:05:04.6785154Z ✔ [3686/5195] Built Mathlib.Data.Set.Disjoint:c.o (82ms)
build-full	Full build (resumable — a cold cache may need one re-run)	2026-09-27T21:05:04.8765640Z ✔ [3687/5195] Built Mathlib.Data.Set.Basic:c.o (248ms)
build-full	Full build (resumable — a cold cache may need one re-run)	2026-09-27T21:05:04.8795155Z ✔ [3688/5195] Built Mathlib.Data.Set.Insert:c.o (119ms)
build-full	Full build (resumable — a cold cache may need one re-run)	2026-09-27T21:05:04.9752416Z ✔ [3689/5195] Built Mathlib.Data.Set.Subsingleton:c.o (137ms)
build-full	Full build (resumable — a cold cache may need one re-run)	2026-09-27T21:05:05.0767751Z ✔ [3690/5195] Built Mathlib.Order.GaloisConnection.Defs:c.o (207ms)
build-full	Full build (resumable — a cold cache may need one re-run)	2026-09-27T21:05:05.1761369Z ✔ [3691/5195] Built Mathlib.Order.BooleanAlgebra.Defs:c.o (137ms)
build-full	Full build (resumable — a cold cache may need one re-run)	2026-09-27T21:05:05.2777489Z ✔ [3692/5195] Built Batteries.Tactic.Congr:c.o (1.2s)
build-full	Full build (resumable — a cold cache may need one re-run)	2026-09-27T21:05:05.4773270Z ✔ [3693/5195] Built Mathlib.Order.BooleanAlgebra.Set:c.o (152ms)
build-full	Full build (resumable — a cold cache may need one re-run)	2026-09-27T21:05:05.6778888Z ✔ [3694/5195] Built Mathlib.Order.BooleanAlgebra.Basic:c.o (498ms)
build-full	Full build (resumable — a cold cache may need one re-run)	2026-09-27T21:05:05.6795683Z ✔ [3695/5195] Built Mathlib.Order.SymmDiff:c.o (247ms)
build-full	Full build (resumable — a cold cache may need one re-run)	2026-09-27T21:05:05.7805105Z ✔ [3696/5195] Built Mathlib.Data.Set.SymmDiff:c.o (139ms)
build-full	Full build (resumable — a cold cache may need one re-run)	2026-09-27T21:05:05.8800086Z ✔ [3697/5195] Built Mathlib.Data.Set.Inclusion:c.o (149ms)
build-full	Full build (resumable — a cold cache may need one re-run)	2026-09-27T21:05:05.9793583Z ✔ [3698/5195] Built Mathlib.Data.Set.Image:c.o (146ms)
build-full	Full build (resumable — a cold cache may need one re-run)	2026-09-27T21:05:05.9806060Z ✔ [3699/5195] Built Mathlib.Data.Set.Prod:c.o (145ms)
build-full	Full build (resumable — a cold cache may need one re-run)	2026-09-27T21:05:06.0790119Z ✔ [3700/5195] Built Mathlib.Data.Set.Restrict:c.o (151ms)
build-full	Full build (resumable — a cold cache may need one re-run)	2026-09-27T21:05:06.0802574Z ✔ [3701/5195] Built Mathlib.Data.Set.Function:c.o (88ms)
build-full	Full build (resumable — a cold cache may need one re-run)	2026-09-27T21:05:06.2791395Z ✔ [3702/5195] Built Mathlib.Order.Heyting.Basic:c.o (1.3s)
build-full	Full build (resumable — a cold cache may need one re-run)	2026-09-27T21:05:06.2802879Z ✔ [3703/5195] Built Mathlib.Logic.Equiv.Set:c.o (195ms)
build-full	Full build (resumable — a cold cache may need one re-run)	2026-09-27T21:05:06.2803988Z ✔ [3704/5195] Built Mathlib.Data.Fin.SuccPred:c.o (200ms)
build-full	Full build (resumable — a cold cache may need one re-run)	2026-09-27T21:05:06.3796317Z ✔ [3705/5195] Built Mathlib.Data.Fin.Rev:c.o (115ms)
build-full	Full build (resumable — a cold cache may need one re-run)	2026-09-27T21:05:06.4826243Z ✔ [3706/5195] Built Mathlib.Algebra.Group.Fin.Basic:c.o (128ms)
build-full	Full build (resumable — a cold cache may need one re-run)	2026-09-27T21:05:06.5798610Z ✔ [3707/5195] Built Mathlib.Algebra.GroupWithZero.Equiv:c.o (161ms)
build-full	Full build (resumable — a cold cache may need one re-run)	2026-09-27T21:05:06.5800166Z ✔ [3708/5195] Built Mathlib.Algebra.Notation.Prod:c.o (177ms)
build-full	Full build (resumable — a cold cache may need one re-run)	2026-09-27T21:05:06.6808655Z ✔ [3709/5195] Built Mathlib.Util.PPOptions:c.o (146ms)
build-full	Full build (resumable — a cold cache may need one re-run)	2026-09-27T21:05:06.7810484Z ✔ [3710/5195] Built Mathlib.Algebra.Group.ULift:c.o (429ms)
build-full	Full build (resumable — a cold cache may need one re-run)	2026-09-27T21:05:06.9811541Z ✔ [3711/5195] Built Mathlib.Algebra.Ring.ULift:c.o (208ms)
build-full	Full build (resumable — a cold cache may need one re-run)	2026-09-27T21:05:07.0817795Z ✔ [3712/5195] Built Mathlib.Algebra.GroupWithZero.Opposite:c.o (144ms)
build-full	Full build (resumable — a cold cache may need one re-run)	2026-09-27T21:05:07.1813767Z ✔ [3713/5195] Built Mathlib.Algebra.Ring.Equiv:c.o (501ms)
build-full	Full build (resumable — a cold cache may need one re-run)	2026-09-27T21:05:07.3813962Z ✔ [3714/5195] Built Mathlib.Algebra.Ring.Opposite:c.o (330ms)
build-full	Full build (resumable — a cold cache may need one re-run)	2026-09-27T21:05:07.4818767Z ✔ [3715/5195] Built Mathlib.Algebra.Order.Monoid.Unbundled.Defs:c.o (85ms)
build-full	Full build (resumable — a cold cache may need one re-run)	2026-09-27T21:05:07.5836287Z ✔ [3716/5195] Built Mathlib.Algebra.Group.Units.Equiv:c.o (436ms)
build-full	Full build (resumable — a cold cache may need one re-run)	2026-09-27T21:05:07.5837943Z ✔ [3717/5195] Built Mathlib.Algebra.Order.ZeroLEOne:c.o (91ms)
build-full	Full build (resumable — a cold cache may need one re-run)	2026-09-27T21:05:07.6825641Z ✔ [3718/5195] Built Mathlib.Algebra.Order.IsBotOne:c.o (107ms)
build-full	Full build (resumable — a cold cache may need one re-run)	2026-09-27T21:05:07.6835227Z ✔ [3719/5195] Built Mathlib.Logic.OpClass:c.o (133ms)
build-full	Full build (resumable — a cold cache may need one re-run)	2026-09-27T21:05:07.7821806Z ✔ [3720/5195] Built Mathlib.Order.MinMax:c.o (93ms)
build-full	Full build (resumable — a cold cache may need one re-run)	2026-09-27T21:05:07.8845894Z ✔ [3721/5195] Built Mathlib.Algebra.Order.Monoid.Unbundled.Basic:c.o (186ms)
build-full	Full build (resumable — a cold cache may need one re-run)	2026-09-27T21:05:07.8865380Z ✔ [3722/5195] Built Mathlib.Algebra.Order.Sub.Defs:c.o (86ms)
build-full	Full build (resumable — a cold cache may need one re-run)	2026-09-27T21:05:07.9825872Z ✔ [3723/5195] Built Mathlib.Algebra.Order.Group.Unbundled.Basic:c.o (110ms)
build-full	Full build (resumable — a cold cache may need one re-run)	2026-09-27T21:05:07.9845354Z ✔ [3724/5195] Built Mathlib.Data.Prod.PProd:c.o (119ms)
build-full	Full build (resumable — a cold cache may need one re-run)	2026-09-27T21:05:08.2875217Z ✔ [3725/5195] Built Mathlib.Util.Delaborators:c.o (1.7s)
build-full	Full build (resumable — a cold cache may need one re-run)	2026-09-27T21:05:08.2877054Z ✔ [3726/5195] Built Mathlib.Logic.Embedding.Basic:c.o (380ms)
build-full	Full build (resumable — a cold cache may need one re-run)	2026-09-27T21:05:08.3851707Z ✔ [3727/5195] Built Mathlib.Order.RelIso.Basic:c.o (355ms)
build-full	Full build (resumable — a cold cache may need one re-run)	2026-09-27T21:05:08.4858094Z ✔ [3728/5195] Built Mathlib.Tactic.Monotonicity.Attr:c.o (168ms)
build-full	Full build (resumable — a cold cache may need one re-run)	2026-09-27T21:05:08.4870810Z ✔ [3729/5195] Built Mathlib.Algebra.Order.Group.OrderIso:c.o (129ms)
build-full	Full build (resumable — a cold cache may need one re-run)	2026-09-27T21:05:08.6855632Z ✔ [3730/5195] Built Mathlib.Algebra.Order.Group.Lattice:c.o (154ms)
build-full	Full build (resumable — a cold cache may need one re-run)	2026-09-27T21:05:08.6865580Z ✔ [3731/5195] Built Mathlib.Algebra.Order.Group.Unbundled.Abs:c.o (227ms)
build-full	Full build (resumable — a cold cache may need one re-run)	2026-09-27T21:05:08.7865484Z ✔ [3732/5195] Built Mathlib.Data.Int.Basic:c.o (111ms)
build-full	Full build (resumable — a cold cache may need one re-run)	2026-09-27T21:05:08.8854837Z ✔ [3733/5195] Built Mathlib.Algebra.Group.Int.Defs:c.o (194ms)
build-full	Full build (resumable — a cold cache may need one re-run)	2026-09-27T21:05:08.9850696Z ✔ [3734/5195] Built Mathlib.Algebra.Order.Group.Unbundled.Int:c.o (139ms)
build-full	Full build (resumable — a cold cache may need one re-run)	2026-09-27T21:05:08.9886054Z ✔ [3735/5195] Built Mathlib.Algebra.Group.ModEq:c.o (180ms)
build-full	Full build (resumable — a cold cache may need one re-run)	2026-09-27T21:05:09.0849526Z ✔ [3736/5195] Built Mathlib.Order.Hom.Basic:c.o (783ms)
build-full	Full build (resumable — a cold cache may need one re-run)	2026-09-27T21:05:09.0861621Z ✔ [3737/5195] Built Mathlib.Algebra.GroupWithZero.Semiconj:c.o (153ms)
build-full	Full build (resumable — a cold cache may need one re-run)	2026-09-27T21:05:09.0862986Z ✔ [3738/5195] Built Mathlib.Order.Bounds.Defs:c.o (90ms)
build-full	Full build (resumable — a cold cache may need one re-run)	2026-09-27T21:05:09.1856524Z ✔ [3739/5195] Built Mathlib.Data.Nat.GCD.Basic:c.o (91ms)
build-full	Full build (resumable — a cold cache may need one re-run)	2026-09-27T21:05:09.2853609Z ✔ [3740/5195] Built Mathlib.Algebra.Ring.Int.Defs:c.o (110ms)
build-full	Full build (resumable — a cold cache may need one re-run)	2026-09-27T21:05:09.3860243Z ✔ [3741/5195] Built Mathlib.Data.Int.GCD:c.o (305ms)
build-full	Full build (resumable — a cold cache may need one re-run)	2026-09-27T21:05:09.3886298Z ✔ [3742/5195] Built Mathlib.Data.Nat.ModEq:c.o (308ms)
build-full	Full build (resumable — a cold cache may need one re-run)	2026-09-27T21:05:09.3887462Z ✔ [3743/5195] Built Mathlib.Algebra.Group.Nat.Even:c.o (105ms)
build-full	Full build (resumable — a cold cache may need one re-run)	2026-09-27T21:05:09.4865653Z ✔ [3744/5195] Built Mathlib.Algebra.Group.Int.Even:c.o (107ms)
build-full	Full build (resumable — a cold cache may need one re-run)	2026-09-27T21:05:09.5861593Z ✔ [3745/5195] Built Mathlib.Data.Int.Sqrt:c.o (151ms)
build-full	Full build (resumable — a cold cache may need one re-run)	2026-09-27T21:05:09.5874454Z ✔ [3746/5195] Built Mathlib.Algebra.GroupWithZero.Commute:c.o (153ms)
build-full	Full build (resumable — a cold cache may need one re-run)	2026-09-27T21:05:09.6868419Z ✔ [3747/5195] Built Mathlib.Data.Nat.Cast.Commute:c.o (130ms)
build-full	Full build (resumable — a cold cache may need one re-run)	2026-09-27T21:05:09.6881549Z ✔ [3748/5195] Built Mathlib.Algebra.Ring.Parity:c.o (156ms)
build-full	Full build (resumable — a cold cache may need one re-run)	2026-09-27T21:05:09.6883011Z ✔ [3749/5195] Built Mathlib.Data.Int.Cast.Lemmas:c.o (132ms)
build-full	Full build (resumable — a cold cache may need one re-run)	2026-09-27T21:05:09.8871197Z ✔ [3750/5195] Built Mathlib.Data.Int.ModEq:c.o (218ms)
build-full	Full build (resumable — a cold cache may need one re-run)	2026-09-27T21:05:09.8883802Z ✔ [3751/5195] Built Mathlib.Data.Nat.Cast.Prod:c.o (165ms)
build-full	Full build (resumable — a cold cache may need one re-run)	2026-09-27T21:05:10.0872749Z ✔ [3752/5195] Built Mathlib.Control.ULift:c.o (201ms)
build-full	Full build (resumable — a cold cache may need one re-run)	2026-09-27T21:05:10.0885326Z ✔ [3753/5195] Built Mathlib.Data.ULift:c.o (195ms)
build-full	Full build (resumable — a cold cache may need one re-run)	2026-09-27T21:05:10.1895636Z ✔ [3754/5195] Built Mathlib.Algebra.Group.Prod:c.o (532ms)
build-full	Full build (resumable — a cold cache may need one re-run)	2026-09-27T21:05:10.1896639Z ✔ [3755/5195] Built Mathlib.Order.Interval.Set.Defs:c.o (154ms)
build-full	Full build (resumable — a cold cache may need one re-run)	2026-09-27T21:05:10.1897488Z ✔ [3756/5195] Built Mathlib.Algebra.CharP.Basic:c.o (156ms)
build-full	Full build (resumable — a cold cache may need one re-run)	2026-09-27T21:05:10.2882138Z ✔ [3757/5195] Built Mathlib.Algebra.Group.Int.Units:c.o (135ms)
build-full	Full build (resumable — a cold cache may need one re-run)	2026-09-27T21:05:10.2895215Z ✔ [3758/5195] Built Mathlib.Algebra.Ring.Int.Units:c.o (91ms)
build-full	Full build (resumable — a cold cache may need one re-run)	2026-09-27T21:05:10.3897463Z ✔ [3759/5195] Built Batteries.Control.ForInStep.Lemmas:c.o (142ms)
build-full	Full build (resumable — a cold cache may need one re-run)	2026-09-27T21:05:10.4893868Z ✔ [3760/5195] Built Batteries.Data.List.Count:c.o (115ms)
build-full	Full build (resumable — a cold cache may need one re-run)	2026-09-27T21:05:10.5893195Z ✔ [3761/5195] Built Batteries.Data.List.Perm:c.o (186ms)
build-full	Full build (resumable — a cold cache may need one re-run)	2026-09-27T21:05:10.6900602Z ✔ [3762/5195] Built Mathlib.Control.Functor:c.o (260ms)
build-full	Full build (resumable — a cold cache may need one re-run)	2026-09-27T21:05:10.7975993Z ✔ [3763/5195] Built Batteries.Data.List.Lemmas:c.o (445ms)
build-full	Full build (resumable — a cold cache may need one re-run)	2026-09-27T21:05:10.8930762Z ✔ [3764/5195] Built Mathlib.Data.List.Monad:c.o (155ms)
build-full	Full build (resumable — a cold cache may need one re-run)	2026-09-27T21:05:10.9933597Z ✔ [3765/5195] Built Mathlib.Data.List.Basic:c.o (234ms)
build-full	Full build (resumable — a cold cache may need one re-run)	2026-09-27T21:05:10.9945246Z ✔ [3766/5195] Built Mathlib.Data.List.Forall2:c.o (146ms)
build-full	Full build (resumable — a cold cache may need one re-run)	2026-09-27T21:05:11.0940603Z ✔ [3767/5195] Built Mathlib.Data.List.InsertIdx:c.o (114ms)
build-full	Full build (resumable — a cold cache may need one re-run)	2026-09-27T21:05:11.1944593Z ✔ [3768/5195] Built Mathlib.Data.List.Perm.Subperm:c.o (93ms)
build-full	Full build (resumable — a cold cache may need one re-run)	2026-09-27T21:05:11.2947619Z ✔ [3769/5195] Built Mathlib.Data.List.Perm.Basic:c.o (288ms)
build-full	Full build (resumable — a cold cache may need one re-run)	2026-09-27T21:05:11.3941320Z ✔ [3770/5195] Built Mathlib.Data.Multiset.Defs:c.o (189ms)
build-full	Full build (resumable — a cold cache may need one re-run)	2026-09-27T21:05:11.3943452Z ✔ [3771/5195] Built Mathlib.Data.Set.Pairwise.Basic:c.o (143ms)
build-full	Full build (resumable — a cold cache may need one re-run)	2026-09-27T21:05:11.4935267Z ✔ [3772/5195] Built Mathlib.Tactic.SetLike:c.o (149ms)
build-full	Full build (resumable — a cold cache may need one re-run)	2026-09-27T21:05:11.5965904Z ✔ [3773/5195] Built Mathlib.Data.List.Defs:c.o (1.1s)
build-full	Full build (resumable — a cold cache may need one re-run)	2026-09-27T21:05:11.7007642Z ✔ [3774/5195] Built Mathlib.Data.Finset.Defs:c.o (193ms)
build-full	Full build (resumable — a cold cache may need one re-run)	2026-09-27T21:05:11.7035135Z ✔ [3775/5195] Built Mathlib.Data.List.Nodup:c.o (108ms)
build-full	Full build (resumable — a cold cache may need one re-run)	2026-09-27T21:05:11.7990592Z ✔ [3776/5195] Built Mathlib.Data.Multiset.Count:c.o (95ms)
build-full	Full build (resumable — a cold cache may need one re-run)	2026-09-27T21:05:11.9005468Z ✔ [3777/5195] Built Mathlib.Data.Multiset.ZeroCons:c.o (233ms)
build-full	Full build (resumable — a cold cache may need one re-run)	2026-09-27T21:05:11.9006269Z ✔ [3778/5195] Built Mathlib.Data.List.Count:c.o (90ms)
build-full	Full build (resumable — a cold cache may need one re-run)	2026-09-27T21:05:12.0008876Z ✔ [3779/5195] Built Mathlib.Data.SetLike.Basic:c.o (567ms)
build-full	Full build (resumable — a cold cache may need one re-run)	2026-09-27T21:05:12.0010329Z ✔ [3780/5195] Built Mathlib.Data.Multiset.AddSub:c.o (104ms)
build-full	Full build (resumable — a cold cache may need one re-run)	2026-09-27T21:05:12.1002200Z ✔ [3781/5195] Built Mathlib.Data.Multiset.Replicate:c.o (136ms)
build-full	Full build (resumable — a cold cache may need one re-run)	2026-09-27T21:05:12.1025761Z ✔ [3782/5195] Built Mathlib.Data.Set.List:c.o (142ms)
build-full	Full build (resumable — a cold cache may need one re-run)	2026-09-27T21:05:12.2005766Z ✔ [3783/5195] Built Mathlib.Data.Multiset.MapFold:c.o (155ms)
build-full	Full build (resumable — a cold cache may need one re-run)	2026-09-27T21:05:12.2015259Z ✔ [3784/5195] Built Mathlib.Data.Finset.Attach:c.o (138ms)
build-full	Full build (resumable — a cold cache may need one re-run)	2026-09-27T21:05:12.2016352Z ✔ [3785/5195] Built Mathlib.Data.Finset.Attr:c.o (126ms)
build-full	Full build (resumable — a cold cache may need one re-run)	2026-09-27T21:05:12.3036647Z ✔ [3786/5195] Built Mathlib.Data.List.Lattice:c.o (172ms)
build-full	Full build (resumable — a cold cache may need one re-run)	2026-09-27T21:05:12.3055110Z ✔ [3787/5195] Built Batteries.Data.List.Pairwise:c.o (148ms)
build-full	Full build (resumable — a cold cache may need one re-run)	2026-09-27T21:05:12.3056572Z ✔ [3788/5195] Built Mathlib.Data.List.Dedup:c.o (86ms)
build-full	Full build (resumable — a cold cache may need one re-run)	2026-09-27T21:05:12.4008289Z ✔ [3789/5195] Built Mathlib.Data.List.TakeDrop:c.o (119ms)
build-full	Full build (resumable — a cold cache may need one re-run)	2026-09-27T21:05:12.5025400Z ✔ [3790/5195] Built Mathlib.Data.List.Perm.Lattice:c.o (145ms)
build-full	Full build (resumable — a cold cache may need one re-run)	2026-09-27T21:05:12.5026975Z ✔ [3791/5195] Built Mathlib.Data.Multiset.Filter:c.o (170ms)
build-full	Full build (resumable — a cold cache may need one re-run)	2026-09-27T21:05:12.6017629Z ✔ [3792/5195] Built Mathlib.Data.Multiset.UnionInter:c.o (126ms)
build-full	Full build (resumable — a cold cache may need one re-run)	2026-09-27T21:05:12.6026029Z ✔ [3793/5195] Built Mathlib.Data.Multiset.Dedup:c.o (114ms)
build-full	Full build (resumable — a cold cache may need one re-run)	2026-09-27T21:05:12.7012523Z ✔ [3794/5195] Built Mathlib.Data.Multiset.Basic:c.o (157ms)
build-full	Full build (resumable — a cold cache may need one re-run)	2026-09-27T21:05:12.7024471Z ✔ [3795/5195] Built Mathlib.Data.Finset.Dedup:c.o (99ms)
build-full	Full build (resumable — a cold cache may need one re-run)	2026-09-27T21:05:12.8043988Z ✔ [3796/5195] Built Mathlib.Data.Finset.Empty:c.o (241ms)
build-full	Full build (resumable — a cold cache may need one re-run)	2026-09-27T21:05:12.8055174Z ✔ [3797/5195] Built Mathlib.Data.List.Infix:c.o (181ms)
build-full	Full build (resumable — a cold cache may need one re-run)	2026-09-27T21:05:12.9046087Z ✔ [3798/5195] Built Mathlib.Data.List.Induction:c.o (209ms)
build-full	Full build (resumable — a cold cache may need one re-run)	2026-09-27T21:05:12.9047640Z ✔ [3799/5195] Built Mathlib.Data.Multiset.FinsetOps:c.o (106ms)
build-full	Full build (resumable — a cold cache may need one re-run)	2026-09-27T21:05:13.0055894Z ✔ [3800/5195] Built Mathlib.Data.Finset.Disjoint:c.o (139ms)
build-full	Full build (resumable — a cold cache may need one re-run)	2026-09-27T21:05:13.0057591Z ✔ [3801/5195] Built Mathlib.Data.Finset.Erase:c.o (106ms)
build-full	Full build (resumable — a cold cache may need one re-run)	2026-09-27T21:05:13.1041012Z ✔ [3802/5195] Built Mathlib.Data.Finset.Insert:c.o (272ms)
build-full	Full build (resumable — a cold cache may need one re-run)	2026-09-27T21:05:13.1042764Z ✔ [3803/5195] Built Mathlib.Data.Multiset.Range:c.o (100ms)
build-full	Full build (resumable — a cold cache may need one re-run)	2026-09-27T21:05:13.2034812Z ✔ [3804/5195] Built Mathlib.Data.Finset.Range:c.o (115ms)
build-full	Full build (resumable — a cold cache may need one re-run)	2026-09-27T21:05:13.3030456Z ✔ [3805/5195] Built Mathlib.Data.Finset.Filter:c.o (334ms)
build-full	Full build (resumable — a cold cache may need one re-run)	2026-09-27T21:05:13.3043071Z ✔ [3806/5195] Built Mathlib.Data.Finset.Lattice.Basic:c.o (161ms)
build-full	Full build (resumable — a cold cache may need one re-run)	2026-09-27T21:05:13.3044787Z ✔ [3807/5195] Built Mathlib.Data.Finset.SDiff:c.o (102ms)
build-full	Full build (resumable — a cold cache may need one re-run)	2026-09-27T21:05:13.4036007Z ✔ [3808/5195] Built Mathlib.Data.Finset.Basic:c.o (138ms)
build-full	Full build (resumable — a cold cache may need one re-run)	2026-09-27T21:05:13.5035493Z ✔ [3809/5195] Built Mathlib.Order.Directed:c.o (207ms)
build-full	Full build (resumable — a cold cache may need one re-run)	2026-09-27T21:05:13.5038398Z ✔ [3810/5195] Built Mathlib.Data.Finset.Lattice.Lemmas:c.o (143ms)
build-full	Full build (resumable — a cold cache may need one re-run)	2026-09-27T21:05:13.5039500Z ✔ [3811/5195] Built Mathlib.Data.Finite.Defs:c.o (97ms)
build-full	Full build (resumable — a cold cache may need one re-run)	2026-09-27T21:05:13.7036773Z ✔ [3812/5195] Built Mathlib.Data.Finset.Image:c.o (215ms)
build-full	Full build (resumable — a cold cache may need one re-run)	2026-09-27T21:05:13.7048394Z ✔ [3813/5195] Built Mathlib.Data.Finset.Card:c.o (147ms)
build-full	Full build (resumable — a cold cache may need one re-run)	2026-09-27T21:05:13.8032180Z ✔ [3814/5195] Built Mathlib.Data.Multiset.Fold:c.o (163ms)
build-full	Full build (resumable — a cold cache may need one re-run)	2026-09-27T21:05:13.9045818Z ✔ [3815/5195] Built Mathlib.Data.Finset.Fold:c.o (200ms)
build-full	Full build (resumable — a cold cache may need one re-run)	2026-09-27T21:05:14.0040432Z ✔ [3816/5195] Built Mathlib.Algebra.BigOperators.Group.List.Defs:c.o (158ms)
build-full	Full build (resumable — a cold cache may need one re-run)	2026-09-27T21:05:14.1033610Z ✔ [3817/5195] Built Mathlib.Algebra.BigOperators.Group.List.Basic:c.o (163ms)
build-full	Full build (resumable — a cold cache may need one re-run)	2026-09-27T21:05:14.1046442Z ✔ [3818/5195] Built Mathlib.Data.List.Flatten:c.o (87ms)
build-full	Full build (resumable — a cold cache may need one re-run)	2026-09-27T21:05:14.2030190Z ✔ [3819/5195] Built Mathlib.Data.List.Pairwise:c.o (135ms)
build-full	Full build (resumable — a cold cache may need one re-run)	2026-09-27T21:05:14.2042087Z ✔ [3820/5195] Built Mathlib.Data.List.Lex:c.o (165ms)
build-full	Full build (resumable — a cold cache may need one re-run)	2026-09-27T21:05:14.3036363Z ✔ [3821/5195] Built Mathlib.Data.List.Chain:c.o (105ms)
build-full	Full build (resumable — a cold cache may need one re-run)	2026-09-27T21:05:14.4031149Z ✔ [3822/5195] Built Mathlib.Data.List.Range:c.o (200ms)
build-full	Full build (resumable — a cold cache may need one re-run)	2026-09-27T21:05:14.4041480Z ✔ [3823/5195] Built Mathlib.Data.List.Rotate:c.o (149ms)
build-full	Full build (resumable — a cold cache may need one re-run)	2026-09-27T21:05:14.5035775Z ✔ [3824/5195] Built Mathlib.Data.Fintype.Defs:c.o (1.0s)
build-full	Full build (resumable — a cold cache may need one re-run)	2026-09-27T21:05:14.5047247Z ✔ [3825/5195] Built Mathlib.Data.List.ProdSigma:c.o (93ms)
build-full	Full build (resumable — a cold cache may need one re-run)	2026-09-27T21:05:14.6031021Z ✔ [3826/5195] Built Mathlib.Algebra.BigOperators.Group.List.Lemmas:c.o (174ms)
build-full	Full build (resumable — a cold cache may need one re-run)	2026-09-27T21:05:14.6042473Z ✔ [3827/5195] Built Mathlib.Algebra.BigOperators.Group.Multiset.Defs:c.o (170ms)
build-full	Full build (resumable — a cold cache may need one re-run)	2026-09-27T21:05:14.6046477Z ✔ [3828/5195] Built Mathlib.Algebra.Order.Monoid.Unbundled.ExistsOfLE:c.o (89ms)
build-full	Full build (resumable — a cold cache may need one re-run)	2026-09-27T21:05:14.7036640Z ✔ [3829/5195] Built Mathlib.Algebra.Order.Sub.Unbundled.Basic:c.o (90ms)
build-full	Full build (resumable — a cold cache may need one re-run)	2026-09-27T21:05:14.8031441Z ✔ [3830/5195] Built Mathlib.Algebra.Order.Group.Multiset:c.o (159ms)
build-full	Full build (resumable — a cold cache may need one re-run)	2026-09-27T21:05:14.8042839Z ✔ [3831/5195] Built Mathlib.Algebra.BigOperators.Group.Multiset.Basic:c.o (155ms)
build-full	Full build (resumable — a cold cache may need one re-run)	2026-09-27T21:05:14.8044603Z ✔ [3832/5195] Built Mathlib.Data.Multiset.Bind:c.o (110ms)
build-full	Full build (resumable — a cold cache may need one re-run)	2026-09-27T21:05:14.9096332Z ✔ [3833/5195] Built Mathlib.Data.Finset.Union:c.o (107ms)
build-full	Full build (resumable — a cold cache may need one re-run)	2026-09-27T21:05:14.9097982Z ✔ [3834/5195] Built Mathlib.Data.List.Enum:c.o (152ms)
build-full	Full build (resumable — a cold cache may need one re-run)	2026-09-27T21:05:15.0063732Z ✔ [3835/5195] Built Mathlib.Data.List.OffDiag:c.o (143ms)
build-full	Full build (resumable — a cold cache may need one re-run)	2026-09-27T21:05:15.2051733Z ✔ [3836/5195] Built Mathlib.Data.Nat.Factorial.Basic:c.o (235ms)
build-full	Full build (resumable — a cold cache may need one re-run)	2026-09-27T21:05:15.2084589Z ✔ [3837/5195] Built Mathlib.Data.Nat.Choose.Basic:c.o (224ms)
build-full	Full build (resumable — a cold cache may need one re-run)	2026-09-27T21:05:15.3075412Z ✔ [3838/5195] Built Mathlib.Data.Finset.Prod:c.o (133ms)
build-full	Full build (resumable — a cold cache may need one re-run)	2026-09-27T21:05:15.4059916Z ✔ [3839/5195] Built Mathlib.Data.Finset.BooleanAlgebra:c.o (197ms)
build-full	Full build (resumable — a cold cache may need one re-run)	2026-09-27T21:05:15.4061597Z ✔ [3840/5195] Built Mathlib.Data.Fintype.OfMap:c.o (107ms)
build-full	Full build (resumable — a cold cache may need one re-run)	2026-09-27T21:05:15.5052850Z ✔ [3841/5195] Built Mathlib.Data.Finset.SymmDiff:c.o (125ms)
build-full	Full build (resumable — a cold cache may need one re-run)	2026-09-27T21:05:15.7086096Z ✔ [3842/5195] Built Mathlib.Data.Fintype.Sets:c.o (322ms)
build-full	Full build (resumable — a cold cache may need one re-run)	2026-09-27T21:05:15.7087391Z ✔ [3843/5195] Built Mathlib.Data.Fin.Embedding:c.o (216ms)
build-full	Full build (resumable — a cold cache may need one re-run)	2026-09-27T21:05:15.8078470Z ✔ [3844/5195] Built Batteries.Data.Fin.Lemmas:c.o (88ms)
build-full	Full build (resumable — a cold cache may need one re-run)	2026-09-27T21:05:16.1071796Z ✔ [3845/5195] Built Mathlib.Order.Fin.Basic:c.o (332ms)
build-full	Full build (resumable — a cold cache may need one re-run)	2026-09-27T21:05:16.1083691Z ✔ [3846/5195] Built Mathlib.Data.Fin.Tuple.Basic:c.o (284ms)
build-full	Full build (resumable — a cold cache may need one re-run)	2026-09-27T21:05:16.2077989Z ✔ [3847/5195] Built Mathlib.Data.List.OfFn:c.o (151ms)
build-full	Full build (resumable — a cold cache may need one re-run)	2026-09-27T21:05:16.2089721Z ✔ [3848/5195] Built Mathlib.Data.List.FinRange:c.o (87ms)
build-full	Full build (resumable — a cold cache may need one re-run)	2026-09-27T21:05:16.4079187Z ✔ [3849/5195] Built Mathlib.Data.Fintype.Basic:c.o (197ms)
build-full	Full build (resumable — a cold cache may need one re-run)	2026-09-27T21:05:16.4104506Z ✔ [3850/5195] Built Mathlib.Data.Fintype.Card:c.o (174ms)
build-full	Full build (resumable — a cold cache may need one re-run)	2026-09-27T21:05:16.6105872Z ✔ [3851/5195] Built Mathlib.Order.SetNotation:c.o (1.9s)
build-full	Full build (resumable — a cold cache may need one re-run)	2026-09-27T21:05:16.6107563Z ✔ [3852/5195] Built Mathlib.Data.List.Duplicate:c.o (233ms)
build-full	Full build (resumable — a cold cache may need one re-run)	2026-09-27T21:05:16.7096952Z ✔ [3853/5195] Built Mathlib.Data.List.Sort:c.o (280ms)
build-full	Full build (resumable — a cold cache may need one re-run)	2026-09-27T21:05:16.7108704Z ✔ [3854/5195] Built Mathlib.Data.List.NodupEquivFin:c.o (122ms)
build-full	Full build (resumable — a cold cache may need one re-run)	2026-09-27T21:05:16.8092875Z ✔ [3855/5195] Built Mathlib.Data.Fintype.EquivFin:c.o (182ms)
build-full	Full build (resumable — a cold cache may need one re-run)	2026-09-27T21:05:16.8105472Z ✔ [3856/5195] Built Mathlib.Data.Fintype.Prod:c.o (152ms)
build-full	Full build (resumable — a cold cache may need one re-run)	2026-09-27T21:05:16.8106805Z ✔ [3857/5195] Built Mathlib.Data.Multiset.Sum:c.o (95ms)
build-full	Full build (resumable — a cold cache may need one re-run)	2026-09-27T21:05:16.9089780Z ✔ [3858/5195] Built Mathlib.Data.Finset.Sum:c.o (116ms)
build-full	Full build (resumable — a cold cache may need one re-run)	2026-09-27T21:05:17.0138102Z ✔ [3859/5195] Built Mathlib.Lean.Expr.ExtraRecognizers:c.o (216ms)
build-full	Full build (resumable — a cold cache may need one re-run)	2026-09-27T21:05:17.1126926Z ✔ [3860/5195] Built Mathlib.Logic.Embedding.Set:c.o (137ms)
build-full	Full build (resumable — a cold cache may need one re-run)	2026-09-27T21:05:17.1137352Z ✔ [3861/5195] Built Mathlib.Algebra.Order.Monoid.Unbundled.OrderDual:c.o (88ms)
build-full	Full build (resumable — a cold cache may need one re-run)	2026-09-27T21:05:17.2121066Z ✔ [3862/5195] Built Mathlib.Data.Fintype.Sum:c.o (167ms)
build-full	Full build (resumable — a cold cache may need one re-run)	2026-09-27T21:05:17.2132863Z ✔ [3863/5195] Built Mathlib.Algebra.Order.Monoid.Unbundled.Pow:c.o (98ms)
build-full	Full build (resumable — a cold cache may need one re-run)	2026-09-27T21:05:17.3126572Z ✔ [3864/5195] Built Mathlib.Data.Set.Notation:c.o (451ms)
build-full	Full build (resumable — a cold cache may need one re-run)	2026-09-27T21:05:17.3137126Z ✔ [3865/5195] Built Mathlib.Algebra.Order.Monoid.Defs:c.o (126ms)
build-full	Full build (resumable — a cold cache may need one re-run)	2026-09-27T21:05:17.3138466Z ✔ [3866/5195] Built Mathlib.Algebra.Order.Monoid.Canonical.Defs:c.o (111ms)
build-full	Full build (resumable — a cold cache may need one re-run)	2026-09-27T21:05:17.5135756Z ✔ [3867/5195] Built Mathlib.Order.TypeTags:c.o (235ms)
build-full	Full build (resumable — a cold cache may need one re-run)	2026-09-27T21:05:17.5166080Z ✔ [3868/5195] Built Mathlib.Data.Option.NAry:c.o (174ms)
build-full	Full build (resumable — a cold cache may need one re-run)	2026-09-27T21:05:17.6140437Z ✔ [3869/5195] Built Mathlib.Algebra.Order.Monoid.WithTop:c.o (83ms)
build-full	Full build (resumable — a cold cache may need one re-run)	2026-09-27T21:05:17.7138768Z ✔ [3870/5195] Built Mathlib.Algebra.Regular.Basic:c.o (92ms)
build-full	Full build (resumable — a cold cache may need one re-run)	2026-09-27T21:05:17.8157579Z ✔ [3871/5195] Built Mathlib.Algebra.Order.AddGroupWithTop:c.o (157ms)
build-full	Full build (resumable — a cold cache may need one re-run)	2026-09-27T21:05:17.9158863Z ✔ [3872/5195] Built Mathlib.Algebra.Order.Monoid.Unbundled.WithTop:c.o (463ms)
build-full	Full build (resumable — a cold cache may need one re-run)	2026-09-27T21:05:17.9160490Z ✔ [3873/5195] Built Mathlib.Algebra.Order.Group.Nat:c.o (87ms)
build-full	Full build (resumable — a cold cache may need one re-run)	2026-09-27T21:05:18.0169571Z ✔ [3874/5195] Built Mathlib.Order.WithBot:c.o (650ms)
build-full	Full build (resumable — a cold cache may need one re-run)	2026-09-27T21:05:18.1163600Z ✔ [3875/5195] Built Mathlib.Algebra.Group.WithOne.Map:c.o (169ms)
build-full	Full build (resumable — a cold cache may need one re-run)	2026-09-27T21:05:18.1165223Z ✔ [3876/5195] Built Mathlib.Algebra.GroupWithZero.Regular:c.o (90ms)
build-full	Full build (resumable — a cold cache may need one re-run)	2026-09-27T21:05:18.3238789Z ✔ [3877/5195] Built Mathlib.Algebra.Group.WithOne.Defs:c.o (398ms)
build-full	Full build (resumable — a cold cache may need one re-run)	2026-09-27T21:05:18.3250569Z ✔ [3878/5195] Built Mathlib.Algebra.Order.Group.Defs:c.o (160ms)
build-full	Full build (resumable — a cold cache may need one re-run)	2026-09-27T21:05:18.4244801Z ✔ [3879/5195] Built Mathlib.Algebra.Order.Group.Int:c.o (136ms)
build-full	Full build (resumable — a cold cache may need one re-run)	2026-09-27T21:05:18.5255782Z ✔ [3880/5195] Built Mathlib.Algebra.GroupWithZero.WithZero:c.o (491ms)
build-full	Full build (resumable — a cold cache may need one re-run)	2026-09-27T21:05:18.5257093Z ✔ [3881/5195] Built Mathlib.Algebra.Order.Monoid.Units:c.o (261ms)
build-full	Full build (resumable — a cold cache may need one re-run)	2026-09-27T21:05:18.5257982Z ✔ [3882/5195] Built Mathlib.Algebra.Order.Group.Units:c.o (152ms)
build-full	Full build (resumable — a cold cache may need one re-run)	2026-09-27T21:05:18.7267745Z ✔ [3883/5195] Built Mathlib.Tactic.Bound.Init:c.o (203ms)
build-full	Full build (resumable — a cold cache may need one re-run)	2026-09-27T21:05:18.8263517Z ✔ [3884/5195] Built Mathlib.Algebra.Order.GroupWithZero.Defs:c.o (292ms)
build-full	Full build (resumable — a cold cache may need one re-run)	2026-09-27T21:05:18.9269005Z ✔ [3885/5195] Built Mathlib.Algebra.Order.Monoid.OrderDual:c.o (87ms)
build-full	Full build (resumable — a cold cache may need one re-run)	2026-09-27T21:05:19.0271371Z ✔ [3886/5195] Built Mathlib.Algebra.Order.GroupWithZero.Basic:c.o (305ms)
build-full	Full build (resumable — a cold cache may need one re-run)	2026-09-27T21:05:19.2284963Z ✔ [3887/5195] Built Mathlib.Algebra.Order.Monoid.Unbundled.TypeTags:c.o (299ms)
build-full	Full build (resumable — a cold cache may need one re-run)	2026-09-27T21:05:19.2286691Z ✔ [3888/5195] Built Mathlib.Algebra.Order.Monoid.TypeTags:c.o (146ms)
build-full	Full build (resumable — a cold cache may need one re-run)	2026-09-27T21:05:19.3288889Z ✔ [3889/5195] Built Mathlib.Algebra.Order.Monoid.NatCast:c.o (138ms)
build-full	Full build (resumable — a cold cache may need one re-run)	2026-09-27T21:05:19.5299182Z ✔ [3890/5195] Built Mathlib.Algebra.Order.GroupWithZero.Canonical:c.o (303ms)
build-full	Full build (resumable — a cold cache may need one re-run)	2026-09-27T21:05:19.5300695Z ✔ [3891/5195] Built Mathlib.Algebra.Order.Monoid.Unbundled.MinMax:c.o (142ms)
build-full	Full build (resumable — a cold cache may need one re-run)	2026-09-27T21:05:19.6301970Z ✔ [3892/5195] Built Mathlib.Algebra.Order.Ring.Unbundled.Basic:c.o (99ms)
build-full	Full build (resumable — a cold cache may need one re-run)	2026-09-27T21:05:19.6314412Z ✔ [3893/5195] Built Mathlib.Algebra.Order.Ring.Defs:c.o (162ms)
build-full	Full build (resumable — a cold cache may need one re-run)	2026-09-27T21:05:19.7336275Z ✔ [3894/5195] Built Mathlib.Algebra.Order.Ring.Nat:c.o (120ms)
build-full	Full build (resumable — a cold cache may need one re-run)	2026-09-27T21:05:19.7345868Z ✔ [3895/5195] Built Mathlib.Algebra.Order.Sub.Basic:c.o (116ms)
build-full	Full build (resumable — a cold cache may need one re-run)	2026-09-27T21:05:19.8299522Z ✔ [3896/5195] Built Mathlib.Algebra.Order.Ring.Canonical:c.o (161ms)
build-full	Full build (resumable — a cold cache may need one re-run)	2026-09-27T21:05:20.0302455Z ✔ [3897/5195] Built Mathlib.Algebra.Order.Sub.WithTop:c.o (186ms)
build-full	Full build (resumable — a cold cache may need one re-run)	2026-09-27T21:05:20.2313943Z ✔ [3898/5195] Built Mathlib.Algebra.Order.Ring.WithTop:c.o (453ms)
build-full	Full build (resumable — a cold cache may need one re-run)	2026-09-27T21:05:20.2326042Z ✔ [3899/5195] Built Mathlib.Data.ENat.Defs:c.o (193ms)
build-full	Full build (resumable — a cold cache may need one re-run)	2026-09-27T21:05:20.3309486Z ✔ [3900/5195] Built Mathlib.Data.Nat.Cast.NeZero:c.o (94ms)
build-full	Full build (resumable — a cold cache may need one re-run)	2026-09-27T21:05:20.4346092Z ✔ [3901/5195] Built Mathlib.Data.Nat.Cast.Order.Basic:c.o (172ms)
build-full	Full build (resumable — a cold cache may need one re-run)	2026-09-27T21:05:20.4348086Z ✔ [3902/5195] Built Mathlib.Data.Bool.Set:c.o (93ms)
build-full	Full build (resumable — a cold cache may need one re-run)	2026-09-27T21:05:20.5318908Z ✔ [3903/5195] Built Mathlib.Data.Nat.Set:c.o (129ms)
build-full	Full build (resumable — a cold cache may need one re-run)	2026-09-27T21:05:20.5330452Z ✔ [3904/5195] Built Mathlib.Data.Set.NAry:c.o (105ms)
build-full	Full build (resumable — a cold cache may need one re-run)	2026-09-27T21:05:20.6359721Z ✔ [3905/5195] Built Mathlib.Order.BoundedOrder.Monotone:c.o (143ms)
build-full	Full build (resumable — a cold cache may need one re-run)	2026-09-27T21:05:20.7353355Z ✔ [3906/5195] Built Mathlib.Order.Antisymmetrization:c.o (210ms)
build-full	Full build (resumable — a cold cache may need one re-run)	2026-09-27T21:05:20.8376550Z ✔ [3907/5195] Built Mathlib.Order.Interval.Set.Basic:c.o (227ms)
build-full	Full build (resumable — a cold cache may need one re-run)	2026-09-27T21:05:20.8378263Z ✔ [3908/5195] Built Mathlib.Order.Bounds.Basic:c.o (145ms)
build-full	Full build (resumable — a cold cache may need one re-run)	2026-09-27T21:05:20.9360086Z ✔ [3909/5195] Built Mathlib.Order.Bounds.Image:c.o (95ms)
build-full	Full build (resumable — a cold cache may need one re-run)	2026-09-27T21:05:21.0366309Z ✔ [3910/5195] Built Mathlib.Order.WellFounded:c.o (88ms)
build-full	Full build (resumable — a cold cache may need one re-run)	2026-09-27T21:05:21.1362417Z ✔ [3911/5195] Built Mathlib.Order.Hom.Set:c.o (140ms)
build-full	Full build (resumable — a cold cache may need one re-run)	2026-09-27T21:05:21.2377238Z ✔ [3912/5195] Built Mathlib.Order.CompleteLattice.Defs:c.o (324ms)
build-full	Full build (resumable — a cold cache may need one re-run)	2026-09-27T21:05:21.4366049Z ✔ [3913/5195] Built Mathlib.Order.CompleteLattice.Basic:c.o (233ms)
build-full	Full build (resumable — a cold cache may need one re-run)	2026-09-27T21:05:21.4377277Z ✔ [3914/5195] Built Mathlib.Order.CompleteLattice.Lemmas:c.o (199ms)
build-full	Full build (resumable — a cold cache may need one re-run)	2026-09-27T21:05:21.6366277Z ✔ [3915/5195] Built Mathlib.Order.GaloisConnection.Basic:c.o (272ms)
build-full	Full build (resumable — a cold cache may need one re-run)	2026-09-27T21:05:21.7361477Z ✔ [3916/5195] Built Mathlib.Data.Set.BooleanAlgebra:c.o (97ms)
build-full	Full build (resumable — a cold cache may need one re-run)	2026-09-27T21:05:21.8377305Z ✔ [3917/5195] Built Mathlib.Data.Set.Lattice:c.o (99ms)
build-full	Full build (resumable — a cold cache may need one re-run)	2026-09-27T21:05:21.9365854Z ✔ [3918/5195] Built Mathlib.Order.ConditionallyCompleteLattice.Defs:c.o (132ms)
build-full	Full build (resumable — a cold cache may need one re-run)	2026-09-27T21:05:22.0368525Z ✔ [3919/5195] Built Mathlib.Order.ConditionallyCompletePartialOrder.Defs:c.o (96ms)
build-full	Full build (resumable — a cold cache may need one re-run)	2026-09-27T21:05:22.1396168Z ✔ [3920/5195] Built Mathlib.Tactic.Bound.Attribute:c.o (3.6s)
build-full	Full build (resumable — a cold cache may need one re-run)	2026-09-27T21:05:22.1415809Z ✔ [3921/5195] Built Mathlib.Order.ConditionallyCompletePartialOrder.Basic:c.o (111ms)
build-full	Full build (resumable — a cold cache may need one re-run)	2026-09-27T21:05:22.4392731Z ✔ [3922/5195] Built Mathlib.Order.ConditionallyCompleteLattice.Basic:c.o (272ms)
build-full	Full build (resumable — a cold cache may need one re-run)	2026-09-27T21:05:22.5386415Z ✔ [3923/5195] Built Mathlib.Order.Hom.Bounded:c.o (375ms)
build-full	Full build (resumable — a cold cache may need one re-run)	2026-09-27T21:05:22.9410528Z ✔ [3924/5195] Built Mathlib.Order.Hom.Lattice:c.o (510ms)
build-full	Full build (resumable — a cold cache may need one re-run)	2026-09-27T21:05:22.9412174Z ✔ [3925/5195] Built Mathlib.Order.Hom.BoundedLattice:c.o (334ms)
build-full	Full build (resumable — a cold cache may need one re-run)	2026-09-27T21:05:23.1408230Z ✔ [3926/5195] Built Mathlib.Order.Hom.WithTopBot:c.o (259ms)
build-full	Full build (resumable — a cold cache may need one re-run)	2026-09-27T21:05:23.1419610Z ✔ [3927/5195] Built Mathlib.Data.Set.Order:c.o (144ms)
build-full	Full build (resumable — a cold cache may need one re-run)	2026-09-27T21:05:23.2413390Z ✔ [3928/5195] Built Mathlib.Order.Interval.Set.Image:c.o (139ms)
build-full	Full build (resumable — a cold cache may need one re-run)	2026-09-27T21:05:23.2425282Z ✔ [3929/5195] Built Mathlib.Order.Interval.Set.LinearOrder:c.o (87ms)
build-full	Full build (resumable — a cold cache may need one re-run)	2026-09-27T21:05:23.3418664Z ✔ [3930/5195] Built Mathlib.Order.Interval.Set.UnorderedInterval:c.o (147ms)
build-full	Full build (resumable — a cold cache may need one re-run)	2026-09-27T21:05:23.3445211Z ✔ [3931/5195] Built Mathlib.Order.Interval.Set.OrderEmbedding:c.o (147ms)
build-full	Full build (resumable — a cold cache may need one re-run)	2026-09-27T21:05:23.5435658Z ✔ [3932/5195] Built Mathlib.Order.Preorder.Chain:c.o (182ms)
build-full	Full build (resumable — a cold cache may need one re-run)	2026-09-27T21:05:23.5436543Z ✔ [3933/5195] Built Mathlib.Order.Antichain:c.o (189ms)
build-full	Full build (resumable — a cold cache may need one re-run)	2026-09-27T21:05:23.6438441Z ✔ [3934/5195] Built Mathlib.Order.Interval.Set.OrdConnected:c.o (90ms)
build-full	Full build (resumable — a cold cache may need one re-run)	2026-09-27T21:05:23.7455191Z ✔ [3935/5195] Built Mathlib.Order.Interval.Set.WithBotTop:c.o (144ms)
build-full	Full build (resumable — a cold cache may need one re-run)	2026-09-27T21:05:23.7465643Z ✔ [3936/5195] Built Mathlib.Order.Cover:c.o (111ms)
build-full	Full build (resumable — a cold cache may need one re-run)	2026-09-27T21:05:23.8438355Z ✔ [3937/5195] Built Mathlib.Order.Iterate:c.o (144ms)
build-full	Full build (resumable — a cold cache may need one re-run)	2026-09-27T21:05:24.0451955Z ✔ [3938/5195] Built Mathlib.Order.SuccPred.Basic:c.o (310ms)
build-full	Full build (resumable — a cold cache may need one re-run)	2026-09-27T21:05:24.0461010Z ✔ [3939/5195] Built Mathlib.Order.SuccPred.Archimedean:c.o (256ms)
build-full	Full build (resumable — a cold cache may need one re-run)	2026-09-27T21:05:24.1463098Z ✔ [3940/5195] Built Mathlib.Order.SuccPred.Limit:c.o (134ms)
build-full	Full build (resumable — a cold cache may need one re-run)	2026-09-27T21:05:24.1464755Z ✔ [3941/5195] Built Mathlib.Order.SuccPred.WithBot:c.o (106ms)
build-full	Full build (resumable — a cold cache may need one re-run)	2026-09-27T21:05:24.2457060Z ✔ [3942/5195] Built Mathlib.Algebra.Order.SuccPred:c.o (94ms)
build-full	Full build (resumable — a cold cache may need one re-run)	2026-09-27T21:05:24.3466414Z ✔ [3943/5195] Built Mathlib.Order.Nat:c.o (141ms)
build-full	Full build (resumable — a cold cache may need one re-run)	2026-09-27T21:05:24.3468029Z ✔ [3944/5195] Built Mathlib.Data.Nat.SuccPred:c.o (124ms)
build-full	Full build (resumable — a cold cache may need one re-run)	2026-09-27T21:05:24.4455502Z ✔ [3945/5195] Built Mathlib.Order.CompleteBooleanAlgebra:c.o (3.0s)
build-full	Full build (resumable — a cold cache may need one re-run)	2026-09-27T21:05:24.5455290Z ✔ [3946/5195] Built Mathlib.Data.ENat.Pow:c.o (116ms)
build-full	Full build (resumable — a cold cache may need one re-run)	2026-09-27T21:05:24.7455314Z ✔ [3947/5195] Built Mathlib.Data.ENat.Basic:c.o (458ms)
build-full	Full build (resumable — a cold cache may need one re-run)	2026-09-27T21:05:24.8450059Z ✔ [3948/5195] Built Mathlib.Data.ZMod.Defs:c.o (422ms)
build-full	Full build (resumable — a cold cache may need one re-run)	2026-09-27T21:05:24.9455209Z ✔ [3949/5195] Built Mathlib.Algebra.Order.Hom.Monoid:c.o (472ms)
build-full	Full build (resumable — a cold cache may need one re-run)	2026-09-27T21:05:25.0537847Z ✔ [3950/5195] Built Mathlib.Algebra.Order.Hom.MonoidWithZero:c.o (323ms)
build-full	Full build (resumable — a cold cache may need one re-run)	2026-09-27T21:05:25.0565240Z ✔ [3951/5195] Built Mathlib.Logic.Small.Defs:c.o (93ms)
build-full	Full build (resumable — a cold cache may need one re-run)	2026-09-27T21:05:25.1606445Z ✔ [3952/5195] Built Mathlib.Algebra.Order.Hom.Ring:c.o (383ms)
build-full	Full build (resumable — a cold cache may need one re-run)	2026-09-27T21:05:25.1615641Z ✔ [3953/5195] Built Mathlib.Logic.Small.Basic:c.o (112ms)
build-full	Full build (resumable — a cold cache may need one re-run)	2026-09-27T21:05:25.2605682Z ✔ [3954/5195] Built Mathlib.Data.Countable.Defs:c.o (127ms)
build-full	Full build (resumable — a cold cache may need one re-run)	2026-09-27T21:05:25.2625605Z ✔ [3955/5195] Built Mathlib.Data.Countable.Small:c.o (126ms)
build-full	Full build (resumable — a cold cache may need one re-run)	2026-09-27T21:05:25.3617733Z ✔ [3956/5195] Built Mathlib.Algebra.BigOperators.Group.Finset.Basic:c.o (130ms)
build-full	Full build (resumable — a cold cache may need one re-run)	2026-09-27T21:05:25.4610442Z ✔ [3957/5195] Built Mathlib.Data.Set.Piecewise:c.o (125ms)
build-full	Full build (resumable — a cold cache may need one re-run)	2026-09-27T21:05:25.4621374Z ✔ [3958/5195] Built Mathlib.Data.Finset.Piecewise:c.o (151ms)
build-full	Full build (resumable — a cold cache may need one re-run)	2026-09-27T21:05:25.5615474Z ✔ [3959/5195] Built Mathlib.Algebra.BigOperators.Group.Finset.Piecewise:c.o (117ms)
build-full	Full build (resumable — a cold cache may need one re-run)	2026-09-27T21:05:25.6610040Z ✔ [3960/5195] Built Mathlib.Data.Multiset.Lattice:c.o (157ms)
build-full	Full build (resumable — a cold cache may need one re-run)	2026-09-27T21:05:25.6625445Z ✔ [3961/5195] Built Mathlib.Data.Finset.Lattice.Fold:c.o (112ms)
build-full	Full build (resumable — a cold cache may need one re-run)	2026-09-27T21:05:25.7615237Z ✔ [3962/5195] Built Mathlib.Data.Set.Sigma:c.o (138ms)
build-full	Full build (resumable — a cold cache may need one re-run)	2026-09-27T21:05:25.8626066Z ✔ [3963/5195] Built Mathlib.Data.Finset.Option:c.o (231ms)
build-full	Full build (resumable — a cold cache may need one re-run)	2026-09-27T21:05:25.8627238Z ✔ [3964/5195] Built Mathlib.Data.Set.Lattice.Image:c.o (131ms)
build-full	Full build (resumable — a cold cache may need one re-run)	2026-09-27T21:05:25.9686825Z ✔ [3965/5195] Built Mathlib.Data.Finset.Sigma:c.o (107ms)
build-full	Full build (resumable — a cold cache may need one re-run)	2026-09-27T21:05:26.0667603Z ✔ [3966/5195] Built Mathlib.Order.CompleteLattice.Finset:c.o (147ms)
build-full	Full build (resumable — a cold cache may need one re-run)	2026-09-27T21:05:26.1681636Z ✔ [3967/5195] Built Mathlib.Algebra.BigOperators.Group.Finset.Sigma:c.o (146ms)
build-full	Full build (resumable — a cold cache may need one re-run)	2026-09-27T21:05:26.1683467Z ✔ [3968/5195] Built Mathlib.Algebra.BigOperators.Option:c.o (146ms)
build-full	Full build (resumable — a cold cache may need one re-run)	2026-09-27T21:05:26.3678539Z ✔ [3969/5195] Built Mathlib.Data.Fintype.Option:c.o (178ms)
build-full	Full build (resumable — a cold cache may need one re-run)	2026-09-27T21:05:26.3715853Z ✔ [3970/5195] Built Mathlib.Data.Fintype.Sigma:c.o (163ms)
build-full	Full build (resumable — a cold cache may need one re-run)	2026-09-27T21:05:26.4687782Z ✔ [3971/5195] Built Mathlib.Data.Multiset.Pi:c.o (107ms)
build-full	Full build (resumable — a cold cache may need one re-run)	2026-09-27T21:05:26.5687258Z ✔ [3972/5195] Built Mathlib.Data.Set.Finite.Basic:c.o (235ms)
build-full	Full build (resumable — a cold cache may need one re-run)	2026-09-27T21:05:26.5688888Z ✔ [3973/5195] Built Mathlib.Logic.Function.DependsOn:c.o (92ms)
build-full	Full build (resumable — a cold cache may need one re-run)	2026-09-27T21:05:26.6685683Z ✔ [3974/5195] Built Mathlib.Algebra.BigOperators.Group.Finset.Defs:c.o (1.4s)
build-full	Full build (resumable — a cold cache may need one re-run)	2026-09-27T21:05:26.6715815Z ✔ [3975/5195] Built Mathlib.Data.Finset.Pi:c.o (114ms)
build-full	Full build (resumable — a cold cache may need one re-run)	2026-09-27T21:05:26.7697593Z ✔ [3976/5195] Built Mathlib.Data.Fintype.Pi:c.o (179ms)
build-full	Full build (resumable — a cold cache may need one re-run)	2026-09-27T21:05:26.7699124Z ✔ [3977/5195] Built Mathlib.Data.Finite.Prod:c.o (109ms)
build-full	Full build (resumable — a cold cache may need one re-run)	2026-09-27T21:05:26.8725966Z ✔ [3978/5195] Built Mathlib.Data.Setoid.Basic:c.o (216ms)
build-full	Full build (resumable — a cold cache may need one re-run)	2026-09-27T21:05:26.8727638Z ✔ [3979/5195] Built Mathlib.Control.Applicative:c.o (186ms)
build-full	Full build (resumable — a cold cache may need one re-run)	2026-09-27T21:05:27.0697104Z ✔ [3980/5195] Built Mathlib.Data.Vector.Defs:c.o (345ms)
build-full	Full build (resumable — a cold cache may need one re-run)	2026-09-27T21:05:27.0708075Z ✔ [3981/5195] Built Mathlib.Control.Traversable.Basic:c.o (182ms)
build-full	Full build (resumable — a cold cache may need one re-run)	2026-09-27T21:05:27.4705694Z ✔ [3982/5195] Built Mathlib.Data.Vector.Basic:c.o (544ms)
build-full	Full build (resumable — a cold cache may need one re-run)	2026-09-27T21:05:27.5699825Z ✔ [3983/5195] Built Mathlib.Data.Sym.Basic:c.o (473ms)
build-full	Full build (resumable — a cold cache may need one re-run)	2026-09-27T21:05:27.6710438Z ✔ [3984/5195] Built Mathlib.Data.Fintype.Vector:c.o (188ms)
build-full	Full build (resumable — a cold cache may need one re-run)	2026-09-27T21:05:27.6712513Z ✔ [3985/5195] Built Mathlib.Data.Fintype.BigOperators:c.o (94ms)
build-full	Full build (resumable — a cold cache may need one re-run)	2026-09-27T21:05:27.7703491Z ✔ [3986/5195] Built Mathlib.Data.Finset.Lattice.Union:c.o (136ms)
build-full	Full build (resumable — a cold cache may need one re-run)	2026-09-27T21:05:27.7712965Z ✔ [3987/5195] Built Mathlib.Data.List.Sublists:c.o (172ms)
build-full	Full build (resumable — a cold cache may need one re-run)	2026-09-27T21:05:27.8715840Z ✔ [3988/5195] Built Mathlib.Data.List.Zip:c.o (148ms)
build-full	Full build (resumable — a cold cache may need one re-run)	2026-09-27T21:05:27.8735461Z ✔ [3989/5195] Built Mathlib.Data.Multiset.Powerset:c.o (118ms)
build-full	Full build (resumable — a cold cache may need one re-run)	2026-09-27T21:05:28.0712950Z ✔ [3990/5195] Built Mathlib.Data.Set.Pairwise.Lattice:c.o (142ms)
build-full	Full build (resumable — a cold cache may need one re-run)	2026-09-27T21:05:28.1727012Z ✔ [3991/5195] Built Mathlib.Data.Finset.Powerset:c.o (237ms)
build-full	Full build (resumable — a cold cache may need one re-run)	2026-09-27T21:05:28.1745475Z ✔ [3992/5195] Built Mathlib.Data.Fintype.Powerset:c.o (145ms)
build-full	Full build (resumable — a cold cache may need one re-run)	2026-09-27T21:05:28.3733602Z ✔ [3993/5195] Built Mathlib.Data.Nat.Pairing:c.o (188ms)
build-full	Full build (resumable — a cold cache may need one re-run)	2026-09-27T21:05:28.4738056Z ✔ [3994/5195] Built Mathlib.Data.Nat.Bits:c.o (292ms)
build-full	Full build (resumable — a cold cache may need one re-run)	2026-09-27T21:05:28.5765811Z ✔ [3995/5195] Built Mathlib.Tactic.ApplyFun:c.o (1.6s)
build-full	Full build (resumable — a cold cache may need one re-run)	2026-09-27T21:05:28.5788329Z ✔ [3996/5195] Built Mathlib.Logic.Equiv.Nat:c.o (161ms)
build-full	Full build (resumable — a cold cache may need one re-run)	2026-09-27T21:05:28.5789480Z ✔ [3997/5195] Built Mathlib.Data.Countable.Basic:c.o (136ms)
build-full	Full build (resumable — a cold cache may need one re-run)	2026-09-27T21:05:28.7747123Z ✔ [3998/5195] Built Mathlib.Data.List.MinMax:c.o (229ms)
build-full	Full build (resumable — a cold cache may need one re-run)	2026-09-27T21:05:28.7757799Z ✔ [3999/5195] Built Mathlib.Data.Nat.Order.Lemmas:c.o (177ms)
build-full	Full build (resumable — a cold cache may need one re-run)	2026-09-27T21:05:28.7759200Z ✔ [4000/5195] Built Mathlib.Data.PNat.Notation:c.o (125ms)
build-full	Full build (resumable — a cold cache may need one re-run)	2026-09-27T21:05:28.8741486Z ✔ [4001/5195] Built Mathlib.Data.PNat.Equiv:c.o (161ms)
build-full	Full build (resumable — a cold cache may need one re-run)	2026-09-27T21:05:28.9755310Z ✔ [4002/5195] Built Mathlib.Data.PNat.Defs:c.o (247ms)
build-full	Full build (resumable — a cold cache may need one re-run)	2026-09-27T21:05:29.1775585Z ✔ [4003/5195] Built Mathlib.Logic.Denumerable:c.o (314ms)
build-full	Full build (resumable — a cold cache may need one re-run)	2026-09-27T21:05:29.1776614Z ✔ [4004/5195] Built Mathlib.Logic.Equiv.List:c.o (209ms)
build-full	Full build (resumable — a cold cache may need one re-run)	2026-09-27T21:05:29.3767894Z ✔ [4005/5195] Built Mathlib.Logic.Encodable.Basic:c.o (598ms)
build-full	Full build (resumable — a cold cache may need one re-run)	2026-09-27T21:05:29.3769475Z ✔ [4006/5195] Built Mathlib.Order.Minimal:c.o (184ms)
build-full	Full build (resumable — a cold cache may need one re-run)	2026-09-27T21:05:29.3770776Z ✔ [4007/5195] Built Mathlib.Order.Preorder.Finite:c.o (149ms)
build-full	Full build (resumable — a cold cache may need one re-run)	2026-09-27T21:05:29.4785569Z ✔ [4008/5195] Built Mathlib.Data.Set.Countable:c.o (131ms)
build-full	Full build (resumable — a cold cache may need one re-run)	2026-09-27T21:05:29.4786459Z ✔ [4009/5195] Built Mathlib.Logic.Small.Set:c.o (89ms)
build-full	Full build (resumable — a cold cache may need one re-run)	2026-09-27T21:05:29.4787276Z ✔ [4010/5195] Built Mathlib.Logic.UnivLE:c.o (128ms)
build-full	Full build (resumable — a cold cache may need one re-run)	2026-09-27T21:05:29.6786706Z ✔ [4011/5195] Built Mathlib.Order.RelIso.Set:c.o (176ms)
build-full	Full build (resumable — a cold cache may need one re-run)	2026-09-27T21:05:29.7779735Z ✔ [4012/5195] Built Mathlib.Data.Sum.Order:c.o (319ms)
build-full	Full build (resumable — a cold cache may need one re-run)	2026-09-27T21:05:29.7789694Z ✔ [4013/5195] Built Mathlib.Data.Prod.Lex:c.o (290ms)
build-full	Full build (resumable — a cold cache may need one re-run)	2026-09-27T21:05:29.8805319Z ✔ [4014/5195] Built Mathlib.Order.UpperLower.Basic:c.o (91ms)
build-full	Full build (resumable — a cold cache may need one re-run)	2026-09-27T21:05:29.9795733Z ✔ [4015/5195] Built Mathlib.Order.Hom.Lex:c.o (268ms)
build-full	Full build (resumable — a cold cache may need one re-run)	2026-09-27T21:05:29.9801340Z ✔ [4016/5195] Built Mathlib.Order.ConditionallyCompletePartialOrder.Indexed:c.o (93ms)
build-full	Full build (resumable — a cold cache may need one re-run)	2026-09-27T21:05:30.0803582Z ✔ [4017/5195] Built Mathlib.Order.ConditionallyCompleteLattice.Indexed:c.o (144ms)
build-full	Full build (resumable — a cold cache may need one re-run)	2026-09-27T21:05:30.0825870Z ✔ [4018/5195] Built Mathlib.Order.SuccPred.CompleteLinearOrder:c.o (143ms)
build-full	Full build (resumable — a cold cache may need one re-run)	2026-09-27T21:05:30.2795659Z ✔ [4019/5195] Built Mathlib.Order.InitialSeg:c.o (543ms)
build-full	Full build (resumable — a cold cache may need one re-run)	2026-09-27T21:05:30.2805231Z ✔ [4020/5195] Built Mathlib.SetTheory.Cardinal.Defs:c.o (169ms)
build-full	Full build (resumable — a cold cache may need one re-run)	2026-09-27T21:05:30.4807733Z ✔ [4021/5195] Built Mathlib.Algebra.Group.Equiv.TypeTags:c.o (397ms)
build-full	Full build (resumable — a cold cache may need one re-run)	2026-09-27T21:05:30.4809540Z ✔ [4022/5195] Built Mathlib.Dynamics.FixedPoints.Defs:c.o (147ms)
build-full	Full build (resumable — a cold cache may need one re-run)	2026-09-27T21:05:30.5801094Z ✔ [4023/5195] Built Mathlib.Algebra.Group.End:c.o (374ms)
build-full	Full build (resumable — a cold cache may need one re-run)	2026-09-27T21:05:30.5811517Z ✔ [4024/5195] Built Mathlib.Dynamics.FixedPoints.Basic:c.o (154ms)
build-full	Full build (resumable — a cold cache may need one re-run)	2026-09-27T21:05:30.6805542Z ✔ [4025/5195] Built Mathlib.Order.Hom.Order:c.o (206ms)
build-full	Full build (resumable — a cold cache may need one re-run)	2026-09-27T21:05:30.7822131Z ✔ [4026/5195] Built Mathlib.Control.Monad.Basic:c.o (165ms)
build-full	Full build (resumable — a cold cache may need one re-run)	2026-09-27T21:05:30.7835073Z ✔ [4027/5195] Built Mathlib.Data.Part:c.o (220ms)
build-full	Full build (resumable — a cold cache may need one re-run)	2026-09-27T21:05:30.7838159Z ✔ [4028/5195] Built Mathlib.Order.Part:c.o (154ms)
build-full	Full build (resumable — a cold cache may need one re-run)	2026-09-27T21:05:30.8802674Z ✔ [4029/5195] Built Mathlib.Order.ScottContinuity:c.o (150ms)
build-full	Full build (resumable — a cold cache may need one re-run)	2026-09-27T21:05:30.9815613Z ✔ [4030/5195] Built Mathlib.Order.BourbakiWitt:c.o (117ms)
build-full	Full build (resumable — a cold cache may need one re-run)	2026-09-27T21:05:31.0807985Z ✔ [4031/5195] Built Mathlib.Order.FixedPoints:c.o (171ms)
build-full	Full build (resumable — a cold cache may need one re-run)	2026-09-27T21:05:31.0818203Z ✔ [4032/5195] Built Mathlib.Order.CompleteLattice.Chain:c.o (149ms)
build-full	Full build (resumable — a cold cache may need one re-run)	2026-09-27T21:05:31.1812117Z ✔ [4033/5195] Built Mathlib.Order.OmegaCompletePartialOrder:c.o (382ms)
build-full	Full build (resumable — a cold cache may need one re-run)	2026-09-27T21:05:31.2823785Z ✔ [4034/5195] Built Mathlib.Order.Zorn:c.o (173ms)
build-full	Full build (resumable — a cold cache may need one re-run)	2026-09-27T21:05:31.2825316Z ✔ [4035/5195] Built Mathlib.SetTheory.Cardinal.SchroederBernstein:c.o (153ms)
build-full	Full build (resumable — a cold cache may need one re-run)	2026-09-27T21:05:31.2826512Z ✔ [4036/5195] Built Mathlib.SetTheory.Cardinal.Order:c.o (128ms)
build-full	Full build (resumable — a cold cache may need one re-run)	2026-09-27T21:05:31.3817140Z ✔ [4037/5195] Built Mathlib.SetTheory.Cardinal.ENat:c.o (150ms)
build-full	Full build (resumable — a cold cache may need one re-run)	2026-09-27T21:05:31.3827615Z ✔ [4038/5195] Built Mathlib.SetTheory.Cardinal.ToNat:c.o (87ms)
build-full	Full build (resumable — a cold cache may need one re-run)	2026-09-27T21:05:31.4811502Z ✔ [4039/5195] Built Mathlib.SetTheory.Cardinal.Basic:c.o (205ms)
build-full	Full build (resumable — a cold cache may need one re-run)	2026-09-27T21:05:31.4844469Z ✔ [4040/5195] Built Mathlib.SetTheory.Cardinal.Finite:c.o (103ms)
build-full	Full build (resumable — a cold cache may need one re-run)	2026-09-27T21:05:31.5860745Z ✔ [4041/5195] Built Mathlib.Algebra.GroupWithZero.Units.Equiv:c.o (185ms)
build-full	Full build (resumable — a cold cache may need one re-run)	2026-09-27T21:05:31.5862385Z ✔ [4042/5195] Built Mathlib.Algebra.GroupWithZero.Units.Fintype:c.o (195ms)
build-full	Full build (resumable — a cold cache may need one re-run)	2026-09-27T21:05:31.5891331Z ✔ [4043/5195] Built Mathlib.Data.Int.Cast.Prod:c.o (104ms)
build-full	Full build (resumable — a cold cache may need one re-run)	2026-09-27T21:05:31.7839583Z ✔ [4044/5195] Built Mathlib.Algebra.GroupWithZero.Prod:c.o (224ms)
build-full	Full build (resumable — a cold cache may need one re-run)	2026-09-27T21:05:31.7850155Z ✔ [4045/5195] Built Mathlib.Algebra.Ring.CompTypeclasses:c.o (148ms)
build-full	Full build (resumable — a cold cache may need one re-run)	2026-09-27T21:05:31.8843989Z ✔ [4046/5195] Built Mathlib.Algebra.Ring.Prod:c.o (255ms)
build-full	Full build (resumable — a cold cache may need one re-run)	2026-09-27T21:05:31.9861068Z ✔ [4047/5195] Built Mathlib.Algebra.Group.Subsemigroup.Defs:c.o (268ms)
build-full	Full build (resumable — a cold cache may need one re-run)	2026-09-27T21:05:32.0854720Z ✔ [4048/5195] Built Mathlib.Algebra.Group.Action.Defs:c.o (174ms)
build-full	Full build (resumable — a cold cache may need one re-run)	2026-09-27T21:05:32.1886312Z ✔ [4049/5195] Built Mathlib.Algebra.Group.Submonoid.Defs:c.o (403ms)
build-full	Full build (resumable — a cold cache may need one re-run)	2026-09-27T21:05:32.1887657Z ✔ [4050/5195] Built Mathlib.Algebra.Group.Submonoid.MulAction:c.o (202ms)
build-full	Full build (resumable — a cold cache may need one re-run)	2026-09-27T21:05:32.3905850Z ✔ [4051/5195] Built Mathlib.Algebra.Group.Submonoid.DistribMulAction:c.o (172ms)
build-full	Full build (resumable — a cold cache may need one re-run)	2026-09-27T21:05:32.4883503Z ✔ [4052/5195] Built Mathlib.Algebra.Group.Action.Opposite:c.o (421ms)
build-full	Full build (resumable — a cold cache may need one re-run)	2026-09-27T21:05:32.5885527Z ✔ [4053/5195] Built Mathlib.Algebra.GroupWithZero.Action.Defs:c.o (361ms)
build-full	Full build (resumable — a cold cache may need one re-run)	2026-09-27T21:05:32.5925311Z ✔ [4054/5195] Built Mathlib.Algebra.Group.Conj:c.o (248ms)
build-full	Full build (resumable — a cold cache may need one re-run)	2026-09-27T21:05:32.6895479Z ✔ [4055/5195] Built Mathlib.Algebra.Group.Action.Faithful:c.o (151ms)
build-full	Full build (resumable — a cold cache may need one re-run)	2026-09-27T21:05:32.7888500Z ✔ [4056/5195] Built Mathlib.Algebra.Group.Pi.Lemmas:c.o (281ms)
build-full	Full build (resumable — a cold cache may need one re-run)	2026-09-27T21:05:32.7915869Z ✔ [4057/5195] Built Mathlib.Algebra.Group.Subsemigroup.Basic:c.o (175ms)
build-full	Full build (resumable — a cold cache may need one re-run)	2026-09-27T21:05:32.8898257Z ✔ [4058/5195] Built Mathlib.Algebra.Group.Submonoid.Basic:c.o (210ms)
build-full	Full build (resumable — a cold cache may need one re-run)	2026-09-27T21:05:33.0903368Z ✔ [4059/5195] Built Mathlib.Algebra.Group.Subgroup.Lattice:c.o (193ms)
build-full	Full build (resumable — a cold cache may need one re-run)	2026-09-27T21:05:33.1904062Z ✔ [4060/5195] Built Mathlib.Algebra.Group.Submonoid.Operations:c.o (447ms)
build-full	Full build (resumable — a cold cache may need one re-run)	2026-09-27T21:05:33.2907140Z ✔ [4061/5195] Built Mathlib.Algebra.Group.Subgroup.Defs:c.o (453ms)
build-full	Full build (resumable — a cold cache may need one re-run)	2026-09-27T21:05:33.3900569Z ✔ [4062/5195] Built Mathlib.Algebra.Group.Subgroup.Map:c.o (284ms)
build-full	Full build (resumable — a cold cache may need one re-run)	2026-09-27T21:05:33.3909809Z ✔ [4063/5195] Built Mathlib.Algebra.Group.Subgroup.Ker:c.o (239ms)
build-full	Full build (resumable — a cold cache may need one re-run)	2026-09-27T21:05:33.3910935Z ✔ [4064/5195] Built Mathlib.Algebra.Group.Subgroup.Basic:c.o (167ms)
build-full	Full build (resumable — a cold cache may need one re-run)	2026-09-27T21:05:33.4903242Z ✔ [4065/5195] Built Mathlib.GroupTheory.Subsemigroup.Center:c.o (113ms)
build-full	Full build (resumable — a cold cache may need one re-run)	2026-09-27T21:05:33.5905992Z ✔ [4066/5195] Built Mathlib.Algebra.Group.Center:c.o (167ms)
build-full	Full build (resumable — a cold cache may need one re-run)	2026-09-27T21:05:33.5935807Z ✔ [4067/5195] Built Mathlib.GroupTheory.Submonoid.Center:c.o (206ms)
build-full	Full build (resumable — a cold cache may need one re-run)	2026-09-27T21:05:33.6907592Z ✔ [4068/5195] Built Mathlib.GroupTheory.Subgroup.Center:c.o (189ms)
build-full	Full build (resumable — a cold cache may need one re-run)	2026-09-27T21:05:33.6909304Z ✔ [4069/5195] Built Mathlib.Algebra.Group.Subgroup.Actions:c.o (174ms)
build-full	Full build (resumable — a cold cache may need one re-run)	2026-09-27T21:05:33.7908544Z ✔ [4070/5195] Built Mathlib.Algebra.Module.Defs:c.o (130ms)
build-full	Full build (resumable — a cold cache may need one re-run)	2026-09-27T21:05:33.8918991Z ✔ [4071/5195] Built Mathlib.Algebra.Group.Pointwise.Set.Scalar:c.o (101ms)
build-full	Full build (resumable — a cold cache may need one re-run)	2026-09-27T21:05:33.9938931Z ✔ [4072/5195] Built Mathlib.Algebra.Group.Action.Units:c.o (260ms)
build-full	Full build (resumable — a cold cache may need one re-run)	2026-09-27T21:05:33.9940372Z ✔ [4073/5195] Built Mathlib.Algebra.Group.Action.Basic:c.o (288ms)
build-full	Full build (resumable — a cold cache may need one re-run)	2026-09-27T21:05:34.0999678Z ✔ [4074/5195] Built Mathlib.GroupTheory.GroupAction.Defs:c.o (266ms)
build-full	Full build (resumable — a cold cache may need one re-run)	2026-09-27T21:05:34.1025223Z ✔ [4075/5195] Built Mathlib.Logic.Function.CompTypeclasses:c.o (127ms)
build-full	Full build (resumable — a cold cache may need one re-run)	2026-09-27T21:05:34.1981723Z ✔ [4076/5195] Built Mathlib.Algebra.Group.Hom.CompTypeclasses:c.o (143ms)
build-full	Full build (resumable — a cold cache may need one re-run)	2026-09-27T21:05:34.1983388Z ✔ [4077/5195] Built Mathlib.Algebra.Regular.SMul:c.o (121ms)
build-full	Full build (resumable — a cold cache may need one re-run)	2026-09-27T21:05:34.2975062Z ✔ [4078/5195] Built Mathlib.Algebra.Group.Action.TypeTags:c.o (168ms)
build-full	Full build (resumable — a cold cache may need one re-run)	2026-09-27T21:05:34.2985662Z ✔ [4079/5195] Built Mathlib.Algebra.Group.Action.Pretransitive:c.o (141ms)
build-full	Full build (resumable — a cold cache may need one re-run)	2026-09-27T21:05:34.3969246Z ✔ [4080/5195] Built Mathlib.Algebra.Group.Action.Hom:c.o (171ms)
build-full	Full build (resumable — a cold cache may need one re-run)	2026-09-27T21:05:34.4973129Z ✔ [4081/5195] Built Mathlib.Algebra.GroupWithZero.Action.Units:c.o (201ms)
build-full	Full build (resumable — a cold cache may need one re-run)	2026-09-27T21:05:34.4983901Z ✔ [4082/5195] Built Mathlib.Algebra.GroupWithZero.Action.End:c.o (208ms)
build-full	Full build (resumable — a cold cache may need one re-run)	2026-09-27T21:05:34.4985616Z ✔ [4083/5195] Built Mathlib.Algebra.Ring.Action.Basic:c.o (113ms)
build-full	Full build (resumable — a cold cache may need one re-run)	2026-09-27T21:05:34.6972126Z ✔ [4084/5195] Built Mathlib.Algebra.CharP.Two:c.o (161ms)
build-full	Full build (resumable — a cold cache may need one re-run)	2026-09-27T21:05:34.7975318Z ✔ [4085/5195] Built Mathlib.GroupTheory.GroupAction.SubMulAction:c.o (305ms)
build-full	Full build (resumable — a cold cache may need one re-run)	2026-09-27T21:05:34.7985143Z ✔ [4086/5195] Built Mathlib.Algebra.Group.Semiconj.Basic:c.o (147ms)
build-full	Full build (resumable — a cold cache may need one re-run)	2026-09-27T21:05:34.8978344Z ✔ [4087/5195] Built Mathlib.Algebra.Group.Commute.Basic:c.o (89ms)
build-full	Full build (resumable — a cold cache may need one re-run)	2026-09-27T21:05:35.1000540Z ✔ [4088/5195] Built Mathlib.Algebra.Group.Pointwise.Set.Basic:c.o (280ms)
build-full	Full build (resumable — a cold cache may need one re-run)	2026-09-27T21:05:35.1009806Z ✔ [4089/5195] Built Mathlib.Algebra.Group.Pointwise.Set.Finite:c.o (182ms)
build-full	Full build (resumable — a cold cache may need one re-run)	2026-09-27T21:05:35.1010867Z ✔ [4090/5195] Built Mathlib.Algebra.Notation.Support:c.o (93ms)
build-full	Full build (resumable — a cold cache may need one re-run)	2026-09-27T21:05:35.2003924Z ✔ [4091/5195] Built Mathlib.Algebra.Group.Support:c.o (149ms)
build-full	Full build (resumable — a cold cache may need one re-run)	2026-09-27T21:05:35.2014374Z ✔ [4092/5195] Built Mathlib.Algebra.Group.Commute.Hom:c.o (89ms)
build-full	Full build (resumable — a cold cache may need one re-run)	2026-09-27T21:05:35.3012353Z ✔ [4093/5195] Built Mathlib.Data.Finset.NoncommProd:c.o (130ms)
build-full	Full build (resumable — a cold cache may need one re-run)	2026-09-27T21:05:35.4014367Z ✔ [4094/5195] Built Mathlib.Algebra.Group.Submonoid.BigOperators:c.o (145ms)
build-full	Full build (resumable — a cold cache may need one re-run)	2026-09-27T21:05:35.4023292Z ✔ [4095/5195] Built Mathlib.Algebra.Group.Submonoid.Finite:c.o (90ms)
build-full	Full build (resumable — a cold cache may need one re-run)	2026-09-27T21:05:35.5017750Z ✔ [4096/5195] Built Mathlib.Data.Set.Finite.Range:c.o (151ms)
build-full	Full build (resumable — a cold cache may need one re-run)	2026-09-27T21:05:35.5028616Z ✔ [4097/5195] Built Mathlib.SetTheory.Cardinal.NatCard:c.o (88ms)
build-full	Full build (resumable — a cold cache may need one re-run)	2026-09-27T21:05:35.8011191Z ✔ [4098/5195] Built Mathlib.Algebra.Group.Subgroup.Finite:c.o (248ms)
build-full	Full build (resumable — a cold cache may need one re-run)	2026-09-27T21:05:35.9067778Z ✔ [4099/5195] Built Mathlib.Algebra.Group.TransferInstance:c.o (369ms)
build-full	Full build (resumable — a cold cache may need one re-run)	2026-09-27T21:05:35.9093409Z ✔ [4100/5195] Built Mathlib.Algebra.Module.NatInt:c.o (195ms)
build-full	Full build (resumable — a cold cache may need one re-run)	2026-09-27T21:05:36.0097958Z ✔ [4101/5195] Built Mathlib.GroupTheory.GroupAction.Hom:c.o (1.6s)
build-full	Full build (resumable — a cold cache may need one re-run)	2026-09-27T21:05:36.0115733Z ✔ [4102/5195] Built Mathlib.Algebra.Order.Group.Action:c.o (152ms)
build-full	Full build (resumable — a cold cache may need one re-run)	2026-09-27T21:05:36.0130023Z ✔ [4103/5195] Built Mathlib.Algebra.Order.Group.Abs:c.o (95ms)
build-full	Full build (resumable — a cold cache may need one re-run)	2026-09-27T21:05:36.1084058Z ✔ [4104/5195] Built Mathlib.Algebra.Ring.Int.Parity:c.o (92ms)
build-full	Full build (resumable — a cold cache may need one re-run)	2026-09-27T21:05:36.2095688Z ✔ [4105/5195] Built Mathlib.Algebra.Order.Ring.Basic:c.o (153ms)
build-full	Full build (resumable — a cold cache may need one re-run)	2026-09-27T21:05:36.2096648Z ✔ [4106/5195] Built Mathlib.Algebra.Order.Ring.Int:c.o (149ms)
build-full	Full build (resumable — a cold cache may need one re-run)	2026-09-27T21:05:36.2097516Z ✔ [4107/5195] Built Mathlib.Algebra.Ring.Divisibility.Basic:c.o (104ms)
build-full	Full build (resumable — a cold cache may need one re-run)	2026-09-27T21:05:36.3090022Z ✔ [4108/5195] Built Mathlib.Data.Nat.Cast.Order.Ring:c.o (126ms)
build-full	Full build (resumable — a cold cache may need one re-run)	2026-09-27T21:05:36.3113755Z ✔ [4109/5195] Built Mathlib.Algebra.Group.Irreducible.Lemmas:c.o (121ms)
build-full	Full build (resumable — a cold cache may need one re-run)	2026-09-27T21:05:36.4105837Z ✔ [4110/5195] Built Mathlib.Algebra.Order.Ring.Abs:c.o (177ms)
build-full	Full build (resumable — a cold cache may need one re-run)	2026-09-27T21:05:36.4135852Z ✔ [4111/5195] Built Mathlib.Algebra.Prime.Lemmas:c.o (141ms)
build-full	Full build (resumable — a cold cache may need one re-run)	2026-09-27T21:05:36.5098923Z ✔ [4112/5195] Built Mathlib.Algebra.Ring.Associated:c.o (127ms)
build-full	Full build (resumable — a cold cache may need one re-run)	2026-09-27T21:05:36.6115303Z ✔ [4113/5195] Built Mathlib.Algebra.GroupWithZero.Associated:c.o (254ms)
build-full	Full build (resumable — a cold cache may need one re-run)	2026-09-27T21:05:36.7137899Z ✔ [4114/5195] Built Mathlib.Algebra.GCDMonoid.Basic:c.o (276ms)
build-full	Full build (resumable — a cold cache may need one re-run)	2026-09-27T21:05:36.7165406Z ✔ [4115/5195] Built Mathlib.Algebra.GCDMonoid.Multiset:c.o (177ms)
build-full	Full build (resumable — a cold cache may need one re-run)	2026-09-27T21:05:36.7170775Z ✔ [4116/5195] Built Mathlib.Algebra.GCDMonoid.Nat:c.o (157ms)
build-full	Full build (resumable — a cold cache may need one re-run)	2026-09-27T21:05:36.8124950Z ✔ [4117/5195] Built Mathlib.Algebra.GCDMonoid.Finset:c.o (124ms)
build-full	Full build (resumable — a cold cache may need one re-run)	2026-09-27T21:05:36.8134994Z ✔ [4118/5195] Built Mathlib.Data.Nat.Prime.Basic:c.o (108ms)
build-full	Full build (resumable — a cold cache may need one re-run)	2026-09-27T21:05:36.9134630Z ✔ [4119/5195] Built Mathlib.Data.List.Permutation:c.o (144ms)
build-full	Full build (resumable — a cold cache may need one re-run)	2026-09-27T21:05:37.0147647Z ✔ [4120/5195] Built Mathlib.Algebra.Order.Positive.Ring:c.o (271ms)
build-full	Full build (resumable — a cold cache may need one re-run)	2026-09-27T21:05:37.0149274Z ✔ [4121/5195] Built Mathlib.Data.PNat.Basic:c.o (245ms)
build-full	Full build (resumable — a cold cache may need one re-run)	2026-09-27T21:05:37.0150462Z ✔ [4122/5195] Built Mathlib.Data.Fintype.List:c.o (95ms)
build-full	Full build (resumable — a cold cache may need one re-run)	2026-09-27T21:05:37.2152702Z ✔ [4123/5195] Built Mathlib.Dynamics.PeriodicPts.Defs:c.o (166ms)
build-full	Full build (resumable — a cold cache may need one re-run)	2026-09-27T21:05:37.2162586Z ✔ [4124/5195] Built Mathlib.Data.Finset.Max:c.o (178ms)
build-full	Full build (resumable — a cold cache may need one re-run)	2026-09-27T21:05:37.3156968Z ✔ [4125/5195] Built Mathlib.Data.Set.Finite.Powerset:c.o (139ms)
build-full	Full build (resumable — a cold cache may need one re-run)	2026-09-27T21:05:37.3166811Z ✔ [4126/5195] Built Mathlib.Data.Set.Finite.Lattice:c.o (101ms)
build-full	Full build (resumable — a cold cache may need one re-run)	2026-09-27T21:05:37.4150596Z ✔ [4127/5195] Built Mathlib.Data.List.Cycle:c.o (423ms)
build-full	Full build (resumable — a cold cache may need one re-run)	2026-09-27T21:05:37.5154008Z ✔ [4128/5195] Built Mathlib.Order.ConditionallyCompleteLattice.Finset:c.o (185ms)
build-full	Full build (resumable — a cold cache may need one re-run)	2026-09-27T21:05:37.5164052Z ✔ [4129/5195] Built Mathlib.Algebra.Group.Embedding:c.o (154ms)
build-full	Full build (resumable — a cold cache may need one re-run)	2026-09-27T21:05:37.6255820Z ✔ [4130/5195] Built Mathlib.Data.Finset.Preimage:c.o (130ms)
build-full	Full build (resumable — a cold cache may need one re-run)	2026-09-27T21:05:37.7241192Z ✔ [4131/5195] Built Mathlib.Order.Interval.Finset.Basic:c.o (173ms)
build-full	Full build (resumable — a cold cache may need one re-run)	2026-09-27T21:05:37.7242527Z ✔ [4132/5195] Built Mathlib.Order.Interval.Multiset:c.o (171ms)
build-full	Full build (resumable — a cold cache may need one re-run)	2026-09-27T21:05:37.8258331Z ✔ [4133/5195] Built Mathlib.Order.Interval.Finset.Nat:c.o (169ms)
build-full	Full build (resumable — a cold cache may need one re-run)	2026-09-27T21:05:37.8290466Z ✔ [4134/5195] Built Mathlib.Order.Lattice.Nat:c.o (134ms)
build-full	Full build (resumable — a cold cache may need one re-run)	2026-09-27T21:05:38.0307480Z ✔ [4135/5195] Built Mathlib.Dynamics.PeriodicPts.Lemmas:c.o (144ms)
build-full	Full build (resumable — a cold cache may need one re-run)	2026-09-27T21:05:38.0317306Z ✔ [4136/5195] Built Mathlib.Algebra.Notation.Indicator:c.o (135ms)
build-full	Full build (resumable — a cold cache may need one re-run)	2026-09-27T21:05:38.1301036Z ✔ [4137/5195] Built Mathlib.Algebra.BigOperators.GroupWithZero.Finset:c.o (105ms)
build-full	Full build (resumable — a cold cache may need one re-run)	2026-09-27T21:05:38.1310883Z ✔ [4138/5195] Built Mathlib.Algebra.Group.Subgroup.ZPowers.Basic:c.o (163ms)
build-full	Full build (resumable — a cold cache may need one re-run)	2026-09-27T21:05:38.2345920Z ✔ [4139/5195] Built Mathlib.Algebra.Group.Action.End:c.o (201ms)
build-full	Full build (resumable — a cold cache may need one re-run)	2026-09-27T21:05:38.3319932Z ✔ [4140/5195] Built Mathlib.Algebra.Group.Pointwise.Set.Lattice:c.o (141ms)
build-full	Full build (resumable — a cold cache may need one re-run)	2026-09-27T21:05:38.4355701Z ✔ [4141/5195] Built Mathlib.Order.Interval.Finset.Defs:c.o (1000ms)
build-full	Full build (resumable — a cold cache may need one re-run)	2026-09-27T21:05:38.4359609Z ✔ [4142/5195] Built Mathlib.Algebra.Group.Subsemigroup.MulOpposite:c.o (182ms)
build-full	Full build (resumable — a cold cache may need one re-run)	2026-09-27T21:05:38.5327928Z ✔ [4143/5195] Built Mathlib.Algebra.Group.Submonoid.MulOpposite:c.o (190ms)
build-full	Full build (resumable — a cold cache may need one re-run)	2026-09-27T21:05:38.5336165Z ✔ [4144/5195] Built Mathlib.Algebra.Group.Action.Pointwise.Set.Basic:c.o (96ms)
build-full	Full build (resumable — a cold cache may need one re-run)	2026-09-27T21:05:38.6337880Z ✔ [4145/5195] Built Mathlib.Algebra.Group.Subgroup.MulOpposite:c.o (195ms)
build-full	Full build (resumable — a cold cache may need one re-run)	2026-09-27T21:05:38.6339600Z ✔ [4146/5195] Built Mathlib.Algebra.Group.Subgroup.MulOppositeLemmas:c.o (185ms)
build-full	Full build (resumable — a cold cache may need one re-run)	2026-09-27T21:05:38.8335015Z ✔ [4147/5195] Built Mathlib.Algebra.Group.Idempotent:c.o (161ms)
build-full	Full build (resumable — a cold cache may need one re-run)	2026-09-27T21:05:38.9338255Z ✔ [4148/5195] Built Mathlib.Algebra.FreeMonoid.Basic:c.o (349ms)
build-full	Full build (resumable — a cold cache may need one re-run)	2026-09-27T21:05:38.9348553Z ✔ [4149/5195] Built Mathlib.Algebra.Group.Submonoid.Membership:c.o (270ms)
build-full	Full build (resumable — a cold cache may need one re-run)	2026-09-27T21:05:38.9350181Z ✔ [4150/5195] Built Mathlib.Algebra.Order.BigOperators.Group.List:c.o (140ms)
build-full	Full build (resumable — a cold cache may need one re-run)	2026-09-27T21:05:39.0345954Z ✔ [4151/5195] Built Mathlib.Data.Sigma.Lex:c.o (128ms)
build-full	Full build (resumable — a cold cache may need one re-run)	2026-09-27T21:05:39.1335766Z ✔ [4152/5195] Built Mathlib.Order.OrderIsoNat:c.o (172ms)
build-full	Full build (resumable — a cold cache may need one re-run)	2026-09-27T21:05:39.1345165Z ✔ [4153/5195] Built Mathlib.Order.WellQuasiOrder:c.o (150ms)
build-full	Full build (resumable — a cold cache may need one re-run)	2026-09-27T21:05:39.1346029Z ✔ [4154/5195] Built Mathlib.Order.WellFoundedSet:c.o (111ms)
build-full	Full build (resumable — a cold cache may need one re-run)	2026-09-27T21:05:39.2387620Z ✔ [4155/5195] Built Mathlib.Algebra.Group.Submonoid.Pointwise:c.o (131ms)
build-full	Full build (resumable — a cold cache may need one re-run)	2026-09-27T21:05:39.2415273Z ✔ [4156/5195] Built Mathlib.Algebra.Group.Commutator:c.o (129ms)
build-full	Full build (resumable — a cold cache may need one re-run)	2026-09-27T21:05:39.2424715Z ✔ [4157/5195] Built Mathlib.GroupTheory.Subsemigroup.Centralizer:c.o (134ms)
build-full	Full build (resumable — a cold cache may need one re-run)	2026-09-27T21:05:39.4403390Z ✔ [4158/5195] Built Mathlib.GroupTheory.Submonoid.Centralizer:c.o (178ms)
build-full	Full build (resumable — a cold cache may need one re-run)	2026-09-27T21:05:39.4412988Z ✔ [4159/5195] Built Mathlib.GroupTheory.Subgroup.Centralizer:c.o (177ms)
build-full	Full build (resumable — a cold cache may need one re-run)	2026-09-27T21:05:39.5435854Z ✔ [4160/5195] Built Mathlib.GroupTheory.GroupAction.ConjAct:c.o (226ms)
build-full	Full build (resumable — a cold cache may need one re-run)	2026-09-27T21:05:39.5437549Z ✔ [4161/5195] Built Mathlib.Algebra.Group.Subgroup.Pointwise:c.o (172ms)
build-full	Full build (resumable — a cold cache may need one re-run)	2026-09-27T21:05:39.6455200Z ✔ [4162/5195] Built Mathlib.Algebra.GroupWithZero.Action.Basic:c.o (151ms)
build-full	Full build (resumable — a cold cache may need one re-run)	2026-09-27T21:05:39.7494680Z ✔ [4163/5195] Built Mathlib.Algebra.Group.Action.Prod:c.o (295ms)
build-full	Full build (resumable — a cold cache may need one re-run)	2026-09-27T21:05:39.7515245Z ✔ [4164/5195] Built Mathlib.Algebra.GroupWithZero.Pointwise.Set.Basic:c.o (142ms)
build-full	Full build (resumable — a cold cache may need one re-run)	2026-09-27T21:05:39.7516344Z ✔ [4165/5195] Built Mathlib.Algebra.GroupWithZero.Submonoid.Pointwise:c.o (95ms)
build-full	Full build (resumable — a cold cache may need one re-run)	2026-09-27T21:05:39.8506331Z ✔ [4166/5195] Built Mathlib.Algebra.GroupWithZero.Action.Pointwise.Set:c.o (149ms)
build-full	Full build (resumable — a cold cache may need one re-run)	2026-09-27T21:05:39.8535308Z ✔ [4167/5195] Built Mathlib.Algebra.GroupWithZero.Subgroup:c.o (145ms)
build-full	Full build (resumable — a cold cache may need one re-run)	2026-09-27T21:05:39.9477610Z ✔ [4168/5195] Built Mathlib.Algebra.Quotient:c.o (154ms)
build-full	Full build (resumable — a cold cache may need one re-run)	2026-09-27T21:05:40.0494995Z ✔ [4169/5195] Built Mathlib.Data.Set.Card:c.o (274ms)
build-full	Full build (resumable — a cold cache may need one re-run)	2026-09-27T21:05:40.1505994Z ✔ [4170/5195] Built Mathlib.GroupTheory.Coset.Defs:c.o (273ms)
build-full	Full build (resumable — a cold cache may need one re-run)	2026-09-27T21:05:40.2499177Z ✔ [4171/5195] Built Mathlib.GroupTheory.Coset.Card:c.o (178ms)
build-full	Full build (resumable — a cold cache may need one re-run)	2026-09-27T21:05:40.3502415Z ✔ [4172/5195] Built Mathlib.GroupTheory.Coset.Basic:c.o (390ms)
build-full	Full build (resumable — a cold cache may need one re-run)	2026-09-27T21:05:40.4503941Z ✔ [4173/5195] Built Mathlib.GroupTheory.Congruence.Hom:c.o (209ms)
build-full	Full build (resumable — a cold cache may need one re-run)	2026-09-27T21:05:40.5516055Z ✔ [4174/5195] Built Mathlib.GroupTheory.Congruence.Defs:c.o (476ms)
build-full	Full build (resumable — a cold cache may need one re-run)	2026-09-27T21:05:40.5517172Z ✔ [4175/5195] Built Mathlib.GroupTheory.Commutator.Basic:c.o (96ms)
build-full	Full build (resumable — a cold cache may need one re-run)	2026-09-27T21:05:40.6516061Z ✔ [4176/5195] Built Mathlib.GroupTheory.QuotientGroup.Defs:c.o (346ms)
build-full	Full build (resumable — a cold cache may need one re-run)	2026-09-27T21:05:40.6521824Z ✔ [4177/5195] Built Mathlib.Algebra.GroupWithZero.Action.Opposite:c.o (136ms)
build-full	Full build (resumable — a cold cache may need one re-run)	2026-09-27T21:05:40.7525392Z ✔ [4178/5195] Built Mathlib.Algebra.Module.Opposite:c.o (127ms)
build-full	Full build (resumable — a cold cache may need one re-run)	2026-09-27T21:05:40.7527334Z ✔ [4179/5195] Built Mathlib.Algebra.Regular.Opposite:c.o (131ms)
build-full	Full build (resumable — a cold cache may need one re-run)	2026-09-27T21:05:40.8510893Z ✔ [4180/5195] Built Mathlib.Algebra.Module.Torsion.Free:c.o (143ms)
build-full	Full build (resumable — a cold cache may need one re-run)	2026-09-27T21:05:40.8520172Z ✔ [4181/5195] Built Mathlib.Data.Finite.Sigma:c.o (100ms)
build-full	Full build (resumable — a cold cache may need one re-run)	2026-09-27T21:05:41.0526375Z ✔ [4182/5195] Built Mathlib.GroupTheory.GroupAction.Basic:c.o (289ms)
build-full	Full build (resumable — a cold cache may need one re-run)	2026-09-27T21:05:41.0528121Z ✔ [4183/5195] Built Mathlib.GroupTheory.GroupAction.Quotient:c.o (270ms)
build-full	Full build (resumable — a cold cache may need one re-run)	2026-09-27T21:05:41.0529630Z ✔ [4184/5195] Built Mathlib.GroupTheory.QuotientGroup.Basic:c.o (273ms)
build-full	Full build (resumable — a cold cache may need one re-run)	2026-09-27T21:05:41.1519262Z ✔ [4185/5195] Built Mathlib.GroupTheory.Index:c.o (102ms)
build-full	Full build (resumable — a cold cache may need one re-run)	2026-09-27T21:05:41.2576091Z ✔ [4186/5195] Built Mathlib.Data.Nat.Prime.Pow:c.o (152ms)
build-full	Full build (resumable — a cold cache may need one re-run)	2026-09-27T21:05:41.2605249Z ✔ [4187/5195] Built Mathlib.Algebra.IsPrimePow:c.o (125ms)
build-full	Full build (resumable — a cold cache may need one re-run)	2026-09-27T21:05:41.3566586Z ✔ [4188/5195] Built Mathlib.Data.Nat.Log:c.o (243ms)
build-full	Full build (resumable — a cold cache may need one re-run)	2026-09-27T21:05:41.3568050Z ✔ [4189/5195] Built Mathlib.Algebra.Order.BigOperators.Group.Multiset:c.o (141ms)
build-full	Full build (resumable — a cold cache may need one re-run)	2026-09-27T21:05:41.3569678Z ✔ [4190/5195] Built Mathlib.Algebra.Order.BigOperators.Group.Finset:c.o (105ms)
build-full	Full build (resumable — a cold cache may need one re-run)	2026-09-27T21:05:41.4615863Z ✔ [4191/5195] Built Mathlib.Data.Multiset.OrderedMonoid:c.o (134ms)
build-full	Full build (resumable — a cold cache may need one re-run)	2026-09-27T21:05:41.4627663Z ✔ [4192/5195] Built Mathlib.Order.Interval.Set.SuccPred:c.o (134ms)
build-full	Full build (resumable — a cold cache may need one re-run)	2026-09-27T21:05:41.4652895Z ✔ [4193/5195] Built Mathlib.Order.Interval.Finset.SuccPred:c.o (88ms)
build-full	Full build (resumable — a cold cache may need one re-run)	2026-09-27T21:05:41.5615959Z ✔ [4194/5195] Built Mathlib.Algebra.Order.Interval.Finset.SuccPred:c.o (127ms)
build-full	Full build (resumable — a cold cache may need one re-run)	2026-09-27T21:05:41.6614487Z ✔ [4195/5195] Built Mathlib.Algebra.Ring.CharZero:c.o (166ms)
build-full	Full build (resumable — a cold cache may need one re-run)	2026-09-27T21:05:41.6616204Z ✔ [4196/5195] Built Mathlib.Data.List.NatAntidiagonal:c.o (104ms)
build-full	Full build (resumable — a cold cache may need one re-run)	2026-09-27T21:05:41.7607744Z ✔ [4197/5195] Built Mathlib.Algebra.Order.Antidiag.Prod:c.o (287ms)
build-full	Full build (resumable — a cold cache may need one re-run)	2026-09-27T21:05:41.7645547Z ✔ [4198/5195] Built Mathlib.Data.Multiset.NatAntidiagonal:c.o (90ms)
build-full	Full build (resumable — a cold cache may need one re-run)	2026-09-27T21:05:41.7675173Z ✔ [4199/5195] Built Mathlib.Data.Finset.NatAntidiagonal:c.o (159ms)
build-full	Full build (resumable — a cold cache may need one re-run)	2026-09-27T21:05:41.8607358Z ✔ [4200/5195] Built Mathlib.Algebra.BigOperators.Ring.List:c.o (107ms)
build-full	Full build (resumable — a cold cache may need one re-run)	2026-09-27T21:05:41.8615776Z ✔ [4201/5195] Built Mathlib.Data.List.Prime:c.o (105ms)
build-full	Full build (resumable — a cold cache may need one re-run)	2026-09-27T21:05:41.9600232Z ✔ [4202/5195] Built Mathlib.Data.Nat.Factors:c.o (181ms)
build-full	Full build (resumable — a cold cache may need one re-run)	2026-09-27T21:05:41.9645694Z ✔ [4203/5195] Built Mathlib.Data.Nat.Prime.Infinite:c.o (146ms)
build-full	Full build (resumable — a cold cache may need one re-run)	2026-09-27T21:05:42.0614796Z ✔ [4204/5195] Built Mathlib.Data.Nat.PrimeFin:c.o (151ms)
build-full	Full build (resumable — a cold cache may need one re-run)	2026-09-27T21:05:42.0635827Z ✔ [4205/5195] Built Mathlib.Order.Interval.Set.Infinite:c.o (94ms)
build-full	Full build (resumable — a cold cache may need one re-run)	2026-09-27T21:05:42.2619067Z ✔ [4206/5195] Built Mathlib.GroupTheory.OrderOfElement:c.o (199ms)
build-full	Full build (resumable — a cold cache may need one re-run)	2026-09-27T21:05:42.4639052Z ✔ [4207/5195] Built Mathlib.NumberTheory.Divisors:c.o (534ms)
build-full	Full build (resumable — a cold cache may need one re-run)	2026-09-27T21:05:42.5638901Z ✔ [4208/5195] Built Mathlib.Tactic.FinCases:c.o (518ms)
build-full	Full build (resumable — a cold cache may need one re-run)	2026-09-27T21:05:42.6655798Z ✔ [4209/5195] Built Mathlib.Data.ZMod.Basic:c.o (484ms)
build-full	Full build (resumable — a cold cache may need one re-run)	2026-09-27T21:05:42.6657060Z ✔ [4210/5195] Built Mathlib.Algebra.Order.GroupWithZero.OrderIso:c.o (158ms)
build-full	Full build (resumable — a cold cache may need one re-run)	2026-09-27T21:05:42.6658373Z ✔ [4211/5195] Built Mathlib.Algebra.Order.GroupWithZero.Finset:c.o (89ms)
build-full	Full build (resumable — a cold cache may need one re-run)	2026-09-27T21:05:42.8676195Z ✔ [4212/5195] Built Mathlib.Algebra.Module.RingHom:c.o (209ms)
build-full	Full build (resumable — a cold cache may need one re-run)	2026-09-27T21:05:42.9691749Z ✔ [4213/5195] Built Mathlib.Algebra.Algebra.Defs:c.o (273ms)
build-full	Full build (resumable — a cold cache may need one re-run)	2026-09-27T21:05:42.9693137Z ✔ [4214/5195] Built Mathlib.Algebra.Order.Archimedean.Defs:c.o (143ms)
build-full	Full build (resumable — a cold cache may need one re-run)	2026-09-27T21:05:43.0700018Z ✔ [4215/5195] Built Mathlib.Data.Int.LeastGreatest:c.o (117ms)
build-full	Full build (resumable — a cold cache may need one re-run)	2026-09-27T21:05:43.1683683Z ✔ [4216/5195] Built Mathlib.Algebra.Order.Ring.Cast:c.o (149ms)
build-full	Full build (resumable — a cold cache may need one re-run)	2026-09-27T21:05:43.2714808Z ✔ [4217/5195] Built Mathlib.Algebra.Order.Floor.Semiring:c.o (146ms)
build-full	Full build (resumable — a cold cache may need one re-run)	2026-09-27T21:05:43.3750172Z ✔ [4218/5195] Built Mathlib.Algebra.GroupWithZero.Units.Lemmas:c.o (150ms)
build-full	Full build (resumable — a cold cache may need one re-run)	2026-09-27T21:05:43.4729090Z ✔ [4219/5195] Built Mathlib.Algebra.Order.Floor.Defs:c.o (319ms)
build-full	Full build (resumable — a cold cache may need one re-run)	2026-09-27T21:05:43.4735263Z ✔ [4220/5195] Built Mathlib.Order.Bounds.OrderIso:c.o (90ms)
build-full	Full build (resumable — a cold cache may need one re-run)	2026-09-27T21:05:43.5766158Z ✔ [4221/5195] Built Mathlib.Algebra.Module.LinearMap.Defs:c.o (867ms)
build-full	Full build (resumable — a cold cache may need one re-run)	2026-09-27T21:05:43.5767175Z ✔ [4222/5195] Built Mathlib.Data.Set.Monotone:c.o (140ms)
build-full	Full build (resumable — a cold cache may need one re-run)	2026-09-27T21:05:43.6890626Z ✔ [4223/5195] Built Mathlib.Algebra.Order.Invertible:c.o (119ms)
build-full	Full build (resumable — a cold cache may need one re-run)	2026-09-27T21:05:43.6905112Z ✔ [4224/5195] Built Mathlib.Tactic.HaveI:c.o (185ms)
build-full	Full build (resumable — a cold cache may need one re-run)	2026-09-27T21:05:43.6935082Z ✔ [4225/5195] Built Mathlib.Lean.Expr.Rat:c.o (159ms)
build-full	Full build (resumable — a cold cache may need one re-run)	2026-09-27T21:05:44.1812397Z ✔ [4226/5195] Built Mathlib.Util.Qq:c.o (465ms)
build-full	Full build (resumable — a cold cache may need one re-run)	2026-09-27T21:05:44.7834356Z ✔ [4227/5195] Built Mathlib.Tactic.NormNum.Result:c.o (1.2s)
build-full	Full build (resumable — a cold cache may need one re-run)	2026-09-27T21:05:45.4839046Z ✔ [4228/5195] Built Mathlib.Algebra.Order.Field.Basic:c.o (682ms)
build-full	Full build (resumable — a cold cache may need one re-run)	2026-09-27T21:05:45.8835258Z ✔ [4229/5195] Built Mathlib.Util.AtomM.Recurse:c.o (375ms)
build-full	Full build (resumable — a cold cache may need one re-run)	2026-09-27T21:05:47.5865464Z ✔ [4230/5195] Built Mathlib.Tactic.NormNum.Core:c.o (3.8s)
build-full	Full build (resumable — a cold cache may need one re-run)	2026-09-27T21:05:47.7895847Z ✔ [4231/5195] Built Mathlib.Tactic.TryThis:c.o (257ms)
build-full	Full build (resumable — a cold cache may need one re-run)	2026-09-27T21:05:48.9905143Z ✔ [4232/5195] Built Mathlib.Tactic.NormNum.Basic:c.o (3.1s)
build-full	Full build (resumable — a cold cache may need one re-run)	2026-09-27T21:05:49.2896236Z ✔ [4233/5195] Built Mathlib.Data.Ineq:c.o (253ms)
build-full	Full build (resumable — a cold cache may need one re-run)	2026-09-27T21:05:49.3898774Z ✔ [4234/5195] Built Mathlib.Tactic.FieldSimp.Attr:c.o (94ms)
build-full	Full build (resumable — a cold cache may need one re-run)	2026-09-27T21:05:49.5923100Z ✔ [4235/5195] Built Mathlib.Util.DischargerAsTactic:c.o (218ms)
build-full	Full build (resumable — a cold cache may need one re-run)	2026-09-27T21:05:50.4918885Z ✔ [4236/5195] Built Mathlib.Tactic.FieldSimp.Discharger:c.o (895ms)
build-full	Full build (resumable — a cold cache may need one re-run)	2026-09-27T21:05:50.9928349Z ✔ [4237/5195] Built Mathlib.Tactic.FieldSimp.Lemmas:c.o (521ms)
build-full	Full build (resumable — a cold cache may need one re-run)	2026-09-27T21:05:51.1926016Z ✔ [4238/5195] Built Mathlib.Util.SynthesizeUsing:c.o (220ms)
build-full	Full build (resumable — a cold cache may need one re-run)	2026-09-27T21:05:52.0955059Z ✔ [4239/5195] Built Mathlib.Tactic.Positivity.Core:c.o (7.0s)
build-full	Full build (resumable — a cold cache may need one re-run)	2026-09-27T21:05:52.4018040Z ✔ [4240/5195] Built Mathlib.Algebra.Order.Nonneg.Basic:c.o (331ms)
build-full	Full build (resumable — a cold cache may need one re-run)	2026-09-27T21:05:52.5004549Z ✔ [4241/5195] Built Mathlib.Tactic.Abel:c.o (4.7s)
build-full	Full build (resumable — a cold cache may need one re-run)	2026-09-27T21:05:52.6017318Z ✔ [4242/5195] Built Mathlib.Data.Rat.Defs:c.o (186ms)
build-full	Full build (resumable — a cold cache may need one re-run)	2026-09-27T21:05:52.7006879Z ✔ [4243/5195] Built Mathlib.Algebra.Order.Ring.Unbundled.Rat:c.o (173ms)
build-full	Full build (resumable — a cold cache may need one re-run)	2026-09-27T21:05:52.7999394Z ✔ [4244/5195] Built Mathlib.Algebra.Ring.Rat:c.o (175ms)
build-full	Full build (resumable — a cold cache may need one re-run)	2026-09-27T21:05:52.9061335Z ✔ [4245/5195] Built Mathlib.Data.NNRat.Defs:c.o (199ms)
build-full	Full build (resumable — a cold cache may need one re-run)	2026-09-27T21:05:53.0062651Z ✔ [4246/5195] Built Mathlib.Algebra.Field.Rat:c.o (187ms)
build-full	Full build (resumable — a cold cache may need one re-run)	2026-09-27T21:05:53.0063967Z ✔ [4247/5195] Built Mathlib.Data.Rat.Lemmas:c.o (101ms)
build-full	Full build (resumable — a cold cache may need one re-run)	2026-09-27T21:05:53.0065070Z ✔ [4248/5195] Built Mathlib.Data.Rat.Cast.Defs:c.o (99ms)
build-full	Full build (resumable — a cold cache may need one re-run)	2026-09-27T21:05:53.1046236Z ✔ [4249/5195] Built Mathlib.Data.Rat.Cast.CharZero:c.o (166ms)
build-full	Full build (resumable — a cold cache may need one re-run)	2026-09-27T21:05:54.2071446Z ✔ [4250/5195] Built Mathlib.Tactic.NormNum.Inv:c.o (1.1s)
build-full	Full build (resumable — a cold cache may need one re-run)	2026-09-27T21:05:54.6071747Z ✔ [4251/5195] Built Mathlib.Tactic.NormNum.Pow:c.o (1.5s)
build-full	Full build (resumable — a cold cache may need one re-run)	2026-09-27T21:05:57.8108432Z ✔ [4252/5195] Built Mathlib.Tactic.Ring.Basic:c.o (3.2s)
build-full	Full build (resumable — a cold cache may need one re-run)	2026-09-27T21:05:58.4119845Z ✔ [4253/5195] Built Mathlib.Tactic.Field:c.o (578ms)
build-full	Full build (resumable — a cold cache may need one re-run)	2026-09-27T21:05:58.5121977Z ✔ [4254/5195] Built Mathlib.Tactic.Linarith.Lemmas:c.o (157ms)
build-full	Full build (resumable — a cold cache may need one re-run)	2026-09-27T21:05:58.9131051Z ✔ [4255/5195] Built Mathlib.Tactic.Ring.Common:c.o (4.8s)
build-full	Full build (resumable — a cold cache may need one re-run)	2026-09-27T21:05:59.2135723Z ✔ [4256/5195] Built Mathlib.Tactic.Linarith.Oracle.SimplexAlgorithm.Datatypes:c.o (316ms)
build-full	Full build (resumable — a cold cache may need one re-run)	2026-09-27T21:05:59.6147086Z ✔ [4257/5195] Built Mathlib.Tactic.Linarith.Oracle.SimplexAlgorithm.Gauss:c.o (390ms)
build-full	Full build (resumable — a cold cache may need one re-run)	2026-09-27T21:06:00.1148236Z ✔ [4258/5195] Built Mathlib.Tactic.Linarith.Datatypes:c.o (1.6s)
build-full	Full build (resumable — a cold cache may need one re-run)	2026-09-27T21:06:00.2141836Z ✔ [4259/5195] Built Mathlib.Tactic.Linarith.Oracle.SimplexAlgorithm.SimplexAlgorithm:c.o (567ms)
build-full	Full build (resumable — a cold cache may need one re-run)	2026-09-27T21:06:00.4248030Z ✔ [4260/5195] Built Mathlib.Tactic.Linarith.Oracle.SimplexAlgorithm.PositiveVector:c.o (341ms)
build-full	Full build (resumable — a cold cache may need one re-run)	2026-09-27T21:06:00.7235800Z ✔ [4261/5195] Built Mathlib.Lean.Meta.Tactic.Rewrite:c.o (227ms)
build-full	Full build (resumable — a cold cache may need one re-run)	2026-09-27T21:06:01.2249995Z ✔ [4262/5195] Built Mathlib.Data.Tree.Basic:c.o (546ms)
build-full	Full build (resumable — a cold cache may need one re-run)	2026-09-27T21:06:01.9256726Z ✔ [4263/5195] Built Mathlib.Tactic.FieldSimp:c.o (10s)
build-full	Full build (resumable — a cold cache may need one re-run)	2026-09-27T21:06:02.2257518Z ✔ [4264/5195] Built Mathlib.Tactic.Zify:c.o (264ms)
build-full	Full build (resumable — a cold cache may need one re-run)	2026-09-27T21:06:03.4285132Z ✔ [4265/5195] Built Mathlib.Tactic.Linarith.Oracle.SimplexAlgorithm:c.o (3.2s)
build-full	Full build (resumable — a cold cache may need one re-run)	2026-09-27T21:06:04.8336433Z ✔ [4266/5195] Built Mathlib.Tactic.CancelDenoms.Core:c.o (3.6s)
build-full	Full build (resumable — a cold cache may need one re-run)	2026-09-27T21:06:05.5342084Z ✔ [4267/5195] Built Mathlib.Tactic.Linarith.Parsing:c.o (2.1s)
build-full	Full build (resumable — a cold cache may need one re-run)	2026-09-27T21:06:05.8343103Z ✔ [4268/5195] Built Mathlib.Util.ElabWithoutMVars:c.o (316ms)
build-full	Full build (resumable — a cold cache may need one re-run)	2026-09-27T21:06:06.1343733Z ✔ [4269/5195] Built Mathlib.Tactic.Linarith.Preprocessing:c.o (3.0s)
build-full	Full build (resumable — a cold cache may need one re-run)	2026-09-27T21:06:06.2347410Z ✔ [4270/5195] Built Mathlib.Algebra.Order.Field.Canonical:c.o (111ms)
build-full	Full build (resumable — a cold cache may need one re-run)	2026-09-27T21:06:06.5347842Z ✔ [4271/5195] Built Mathlib.Order.LatticeIntervals:c.o (253ms)
build-full	Full build (resumable — a cold cache may need one re-run)	2026-09-27T21:06:06.6340065Z ✔ [4272/5195] Built Mathlib.Order.CompleteLatticeIntervals:c.o (108ms)
build-full	Full build (resumable — a cold cache may need one re-run)	2026-09-27T21:06:06.7350506Z ✔ [4273/5195] Built Mathlib.Tactic.Linarith.Verification:c.o (1.9s)
build-full	Full build (resumable — a cold cache may need one re-run)	2026-09-27T21:06:06.7375456Z ✔ [4274/5195] Built Mathlib.Algebra.Order.Nonneg.Lattice:c.o (135ms)
build-full	Full build (resumable — a cold cache may need one re-run)	2026-09-27T21:06:06.9359431Z ✔ [4275/5195] Built Mathlib.Algebra.Order.Monoid.Basic:c.o (163ms)
build-full	Full build (resumable — a cold cache may need one re-run)	2026-09-27T21:06:06.9361052Z ✔ [4276/5195] Built Mathlib.Algebra.Order.Ring.InjSurj:c.o (145ms)
build-full	Full build (resumable — a cold cache may need one re-run)	2026-09-27T21:06:07.0353059Z ✔ [4277/5195] Built Mathlib.Algebra.Order.Nonneg.Ring:c.o (158ms)
build-full	Full build (resumable — a cold cache may need one re-run)	2026-09-27T21:06:07.1405330Z ✔ [4278/5195] Built Mathlib.Algebra.Order.Nonneg.Field:c.o (267ms)
build-full	Full build (resumable — a cold cache may need one re-run)	2026-09-27T21:06:07.2377669Z ✔ [4279/5195] Built Mathlib.Algebra.Order.Ring.Rat:c.o (140ms)
build-full	Full build (resumable — a cold cache may need one re-run)	2026-09-27T21:06:07.3392635Z ✔ [4280/5195] Built Mathlib.Algebra.Order.Field.Rat:c.o (159ms)
build-full	Full build (resumable — a cold cache may need one re-run)	2026-09-27T21:06:07.9385566Z ✔ [4281/5195] Built Mathlib.Data.Rat.Cast.Order:c.o (742ms)
build-full	Full build (resumable — a cold cache may need one re-run)	2026-09-27T21:06:08.0394973Z ✔ [4282/5195] Built Mathlib.Tactic.NormNum.Abs:c.o (679ms)
build-full	Full build (resumable — a cold cache may need one re-run)	2026-09-27T21:06:08.5403392Z ✔ [4283/5195] Built Mathlib.Tactic.NormNum.Eq:c.o (585ms)
build-full	Full build (resumable — a cold cache may need one re-run)	2026-09-27T21:06:09.0407881Z ✔ [4284/5195] Built Mathlib.Tactic.NormNum.DivMod:c.o (507ms)
build-full	Full build (resumable — a cold cache may need one re-run)	2026-09-27T21:06:09.2404637Z ✔ [4285/5195] Built Mathlib.Algebra.Notation:c.o (194ms)
build-full	Full build (resumable — a cold cache may need one re-run)	2026-09-27T21:06:09.3402877Z ✔ [4286/5195] Built Mathlib.Algebra.Order.Group.PosPart:c.o (127ms)
build-full	Full build (resumable — a cold cache may need one re-run)	2026-09-27T21:06:09.4405064Z ✔ [4287/5195] Built Mathlib.Data.Int.Cast.Field:c.o (91ms)
build-full	Full build (resumable — a cold cache may need one re-run)	2026-09-27T21:06:09.5415581Z ✔ [4288/5195] Built Mathlib.Data.Int.Cast.Pi:c.o (90ms)
build-full	Full build (resumable — a cold cache may need one re-run)	2026-09-27T21:06:09.5416741Z ✔ [4289/5195] Built Mathlib.Data.Int.CharZero:c.o (95ms)
build-full	Full build (resumable — a cold cache may need one re-run)	2026-09-27T21:06:09.6402008Z ✔ [4290/5195] Built Mathlib.Algebra.Order.Hom.Basic:c.o (91ms)
build-full	Full build (resumable — a cold cache may need one re-run)	2026-09-27T21:06:09.9401600Z ✔ [4291/5195] Built Mathlib.Tactic.NormNum.Ineq:c.o (1.9s)
build-full	Full build (resumable — a cold cache may need one re-run)	2026-09-27T21:06:10.0407095Z ✔ [4292/5195] Built Mathlib.Data.Rat.Cast.Lemmas:c.o (151ms)
build-full	Full build (resumable — a cold cache may need one re-run)	2026-09-27T21:06:10.6408506Z ✔ [4293/5195] Built Mathlib.Tactic.NormNum.OfScientific:c.o (566ms)
build-full	Full build (resumable — a cold cache may need one re-run)	2026-09-27T21:06:10.7410762Z ✔ [4294/5195] Built Mathlib.Tactic.NormNum:c.o (155ms)
build-full	Full build (resumable — a cold cache may need one re-run)	2026-09-27T21:06:10.9416886Z ✔ [4295/5195] Built Mathlib.Tactic.Linarith.Frontend:c.o (5.1s)
build-full	Full build (resumable — a cold cache may need one re-run)	2026-09-27T21:06:10.9425456Z ✔ [4296/5195] Built Mathlib.Tactic.Linarith:c.o (137ms)
build-full	Full build (resumable — a cold cache may need one re-run)	2026-09-27T21:06:11.1412557Z ✔ [4297/5195] Built Mathlib.Algebra.Order.Round:c.o (172ms)
build-full	Full build (resumable — a cold cache may need one re-run)	2026-09-27T21:06:11.2446579Z ✔ [4298/5195] Built Mathlib.Tactic.Ring.PNat:c.o (136ms)
build-full	Full build (resumable — a cold cache may need one re-run)	2026-09-27T21:06:12.2438963Z ✔ [4299/5195] Built Mathlib.Algebra.Order.Floor.Ring:c.o (1.4s)
build-full	Full build (resumable — a cold cache may need one re-run)	2026-09-27T21:06:12.3446375Z ✔ [4300/5195] Built Mathlib.Tactic.Ring:c.o (87ms)
build-full	Full build (resumable — a cold cache may need one re-run)	2026-09-27T21:06:14.1535539Z ✔ [4301/5195] Built Mathlib.Tactic.Ring.RingNF:c.o (2.0s)
build-full	Full build (resumable — a cold cache may need one re-run)	2026-09-27T21:06:14.3525598Z ✔ [4302/5195] Built Mathlib.Data.Rat.Floor:c.o (1.0s)
build-full	Full build (resumable — a cold cache may need one re-run)	2026-09-27T21:06:14.3526676Z ✔ [4303/5195] Built Mathlib.Algebra.Order.Group.Basic:c.o (142ms)
build-full	Full build (resumable — a cold cache may need one re-run)	2026-09-27T21:06:14.3527832Z ✔ [4304/5195] Built Mathlib.Algebra.Order.Ring.Pow:c.o (96ms)
build-full	Full build (resumable — a cold cache may need one re-run)	2026-09-27T21:06:14.4527185Z ✔ [4305/5195] Built Mathlib.Algebra.Order.Archimedean.Basic:c.o (163ms)
build-full	Full build (resumable — a cold cache may need one re-run)	2026-09-27T21:06:14.5566273Z ✔ [4306/5195] Built Mathlib.Algebra.Group.Action.Pi:c.o (124ms)
build-full	Full build (resumable — a cold cache may need one re-run)	2026-09-27T21:06:14.6553735Z ✔ [4307/5195] Built Mathlib.Algebra.Order.Group.MinMax:c.o (93ms)
build-full	Full build (resumable — a cold cache may need one re-run)	2026-09-27T21:06:14.7552146Z ✔ [4308/5195] Built Mathlib.Algebra.GroupWithZero.Pi:c.o (135ms)
build-full	Full build (resumable — a cold cache may need one re-run)	2026-09-27T21:06:14.8554940Z ✔ [4309/5195] Built Mathlib.Algebra.Order.AbsoluteValue.Basic:c.o (360ms)
build-full	Full build (resumable — a cold cache may need one re-run)	2026-09-27T21:06:14.9565762Z ✔ [4310/5195] Built Mathlib.Algebra.Ring.Pi:c.o (266ms)
build-full	Full build (resumable — a cold cache may need one re-run)	2026-09-27T21:06:14.9566525Z ✔ [4311/5195] Built Mathlib.GroupTheory.GroupAction.Ring:c.o (129ms)
build-full	Full build (resumable — a cold cache may need one re-run)	2026-09-27T21:06:15.0559764Z ✔ [4312/5195] Built Mathlib.Algebra.Ring.Action.Rat:c.o (101ms)
build-full	Full build (resumable — a cold cache may need one re-run)	2026-09-27T21:06:15.3550956Z ✔ [4313/5195] Built Mathlib.Algebra.Order.CauSeq.Completion:c.o (260ms)
build-full	Full build (resumable — a cold cache may need one re-run)	2026-09-27T21:06:15.4553115Z ✔ [4314/5195] Built Mathlib.Algebra.Order.CauSeq.Basic:c.o (531ms)
build-full	Full build (resumable — a cold cache may need one re-run)	2026-09-27T21:06:15.5555413Z ✔ [4315/5195] Built Mathlib.Data.Real.Basic:c.o (246ms)
build-full	Full build (resumable — a cold cache may need one re-run)	2026-09-27T21:06:15.6558423Z ✔ [4316/5195] Built Mathlib.Order.Interval.Set.Disjoint:c.o (155ms)
build-full	Full build (resumable — a cold cache may need one re-run)	2026-09-27T21:06:15.6559967Z ✔ [4317/5195] Built Mathlib.Algebra.Order.Group.Pointwise.Bounds:c.o (93ms)
build-full	Full build (resumable — a cold cache may need one re-run)	2026-09-27T21:06:15.7551791Z ✔ [4318/5195] Built Mathlib.Algebra.Order.Group.Pointwise.CompleteLattice:c.o (129ms)
build-full	Full build (resumable — a cold cache may need one re-run)	2026-09-27T21:06:15.7560714Z ✔ [4319/5195] Built Mathlib.Algebra.Order.Archimedean.Real.Basic:c.o (94ms)
build-full	Full build (resumable — a cold cache may need one re-run)	2026-09-27T21:06:15.9558078Z ✔ [4320/5195] Built Mathlib.Algebra.Order.Group.Action.Synonym:c.o (209ms)
build-full	Full build (resumable — a cold cache may need one re-run)	2026-09-27T21:06:16.0559448Z ✔ [4321/5195] Built Mathlib.Algebra.Order.GroupWithZero.Action.Synonym:c.o (236ms)
build-full	Full build (resumable — a cold cache may need one re-run)	2026-09-27T21:06:16.1598315Z ✔ [4322/5195] Built Mathlib.Algebra.Order.Module.Defs:c.o (155ms)
build-full	Full build (resumable — a cold cache may need one re-run)	2026-09-27T21:06:16.1622215Z ✔ [4323/5195] Built Mathlib.Algebra.Order.Nonneg.Module:c.o (194ms)
build-full	Full build (resumable — a cold cache may need one re-run)	2026-09-27T21:06:16.2585860Z ✔ [4324/5195] Built Mathlib.Order.ConditionallyCompleteLattice.Group:c.o (88ms)
build-full	Full build (resumable — a cold cache may need one re-run)	2026-09-27T21:06:16.3587222Z ✔ [4325/5195] Built Mathlib.Data.FunLike.IsApply:c.o (93ms)
build-full	Full build (resumable — a cold cache may need one re-run)	2026-09-27T21:06:16.7589806Z ✔ [4326/5195] Built Mathlib.Data.FunLike.Group:c.o (345ms)
build-full	Full build (resumable — a cold cache may need one re-run)	2026-09-27T21:06:16.8592633Z ✔ [4327/5195] Built Mathlib.Algebra.GroupWithZero.Action.Pi:c.o (154ms)
build-full	Full build (resumable — a cold cache may need one re-run)	2026-09-27T21:06:16.9595522Z ✔ [4328/5195] Built Mathlib.Algebra.Module.Pi:c.o (106ms)
build-full	Full build (resumable — a cold cache may need one re-run)	2026-09-27T21:06:17.1628756Z ✔ [4329/5195] Built Mathlib.Data.FunLike.Module:c.o (140ms)
build-full	Full build (resumable — a cold cache may need one re-run)	2026-09-27T21:06:17.2666079Z ✔ [4330/5195] Built Mathlib.Data.NNReal.Defs:c.o (1.2s)
build-full	Full build (resumable — a cold cache may need one re-run)	2026-09-27T21:06:17.4639741Z ✔ [4331/5195] Built Mathlib.Analysis.Normed.Group.Seminorm:c.o (326ms)
build-full	Full build (resumable — a cold cache may need one re-run)	2026-09-27T21:06:17.7639710Z ✔ [4332/5195] Built Mathlib.Data.ENNReal.Real:c.o (358ms)
build-full	Full build (resumable — a cold cache may need one re-run)	2026-09-27T21:06:18.0645754Z ✔ [4333/5195] Built Mathlib.Tactic.Finiteness:c.o (314ms)
build-full	Full build (resumable — a cold cache may need one re-run)	2026-09-27T21:06:18.1651698Z ✔ [4334/5195] Built Mathlib.Data.ENNReal.Operations:c.o (106ms)
build-full	Full build (resumable — a cold cache may need one re-run)	2026-09-27T21:06:18.3648820Z ✔ [4335/5195] Built Mathlib.Data.ENNReal.Basic:c.o (1.0s)
build-full	Full build (resumable — a cold cache may need one re-run)	2026-09-27T21:06:18.4651020Z ✔ [4336/5195] Built Mathlib.Order.Interval.Set.OrdConnectedComponent:c.o (135ms)
build-full	Full build (resumable — a cold cache may need one re-run)	2026-09-27T21:06:18.9657105Z ✔ [4337/5195] Built Mathlib.Data.EReal.Basic:c.o (795ms)
build-full	Full build (resumable — a cold cache may need one re-run)	2026-09-27T21:06:19.0684769Z ✔ [4338/5195] Built Mathlib.Order.Filter.Basic:c.o (114ms)
build-full	Full build (resumable — a cold cache may need one re-run)	2026-09-27T21:06:19.2675502Z ✔ [4339/5195] Built Mathlib.Order.Filter.Map:c.o (109ms)
build-full	Full build (resumable — a cold cache may need one re-run)	2026-09-27T21:06:19.2676481Z ✔ [4340/5195] Built Mathlib.Order.Filter.Tendsto:c.o (91ms)
build-full	Full build (resumable — a cold cache may need one re-run)	2026-09-27T21:06:19.3676829Z ✔ [4341/5195] Built Mathlib.Order.Filter.Prod:c.o (85ms)
build-full	Full build (resumable — a cold cache may need one re-run)	2026-09-27T21:06:19.4670447Z ✔ [4342/5195] Built Mathlib.Order.Filter.Bases.Basic:c.o (96ms)
build-full	Full build (resumable — a cold cache may need one re-run)	2026-09-27T21:06:19.5672697Z ✔ [4343/5195] Built Mathlib.Order.Filter.Lift:c.o (87ms)
build-full	Full build (resumable — a cold cache may need one re-run)	2026-09-27T21:06:19.6681976Z ✔ [4344/5195] Built Mathlib.Order.Filter.AtTopBot.Defs:c.o (95ms)
build-full	Full build (resumable — a cold cache may need one re-run)	2026-09-27T21:06:19.7676091Z ✔ [4345/5195] Built Mathlib.Order.Filter.Defs:c.o (1.3s)
build-full	Full build (resumable — a cold cache may need one re-run)	2026-09-27T21:06:19.7705859Z ✔ [4346/5195] Built Mathlib.Order.Filter.AtTopBot.Disjoint:c.o (95ms)
build-full	Full build (resumable — a cold cache may need one re-run)	2026-09-27T21:06:19.8696029Z ✔ [4347/5195] Built Mathlib.Order.Filter.AtTopBot.Tendsto:c.o (133ms)
build-full	Full build (resumable — a cold cache may need one re-run)	2026-09-27T21:06:19.8697566Z ✔ [4348/5195] Built Mathlib.Order.Filter.AtTopBot.Basic:c.o (138ms)
build-full	Full build (resumable — a cold cache may need one re-run)	2026-09-27T21:06:19.9716212Z ✔ [4349/5195] Built Mathlib.Order.Filter.Finite:c.o (91ms)
build-full	Full build (resumable — a cold cache may need one re-run)	2026-09-27T21:06:20.0698342Z ✔ [4350/5195] Built Mathlib.Order.Filter.SmallSets:c.o (147ms)
build-full	Full build (resumable — a cold cache may need one re-run)	2026-09-27T21:06:20.0706891Z ✔ [4351/5195] Built Mathlib.Order.Filter.Bases.Finite:c.o (96ms)
build-full	Full build (resumable — a cold cache may need one re-run)	2026-09-27T21:06:20.1700468Z ✔ [4352/5195] Built Mathlib.Order.Filter.Interval:c.o (147ms)
build-full	Full build (resumable — a cold cache may need one re-run)	2026-09-27T21:06:20.1709017Z ✔ [4353/5195] Built Mathlib.Order.Interval.Set.Pi:c.o (92ms)
build-full	Full build (resumable — a cold cache may need one re-run)	2026-09-27T21:06:20.2705625Z ✔ [4354/5195] Built Mathlib.Order.OrdContinuous:c.o (114ms)
build-full	Full build (resumable — a cold cache may need one re-run)	2026-09-27T21:06:20.3708237Z ✔ [4355/5195] Built Mathlib.Algebra.FiniteSupport.Defs:c.o (84ms)
build-full	Full build (resumable — a cold cache may need one re-run)	2026-09-27T21:06:20.4722643Z ✔ [4356/5195] Built Mathlib.Tactic.Positivity.Basic:c.o (10s)
build-full	Full build (resumable — a cold cache may need one re-run)	2026-09-27T21:06:20.4755297Z ✔ [4357/5195] Built Mathlib.Data.Set.Finite.Lemmas:c.o (88ms)
build-full	Full build (resumable — a cold cache may need one re-run)	2026-09-27T21:06:20.5726967Z ✔ [4358/5195] Built Mathlib.Order.Filter.CountablyGenerated:c.o (101ms)
build-full	Full build (resumable — a cold cache may need one re-run)	2026-09-27T21:06:20.6731508Z ✔ [4359/5195] Built Mathlib.Order.Filter.Ker:c.o (147ms)
build-full	Full build (resumable — a cold cache may need one re-run)	2026-09-27T21:06:20.6733129Z ✔ [4360/5195] Built Mathlib.Order.Filter.Pi:c.o (135ms)
build-full	Full build (resumable — a cold cache may need one re-run)	2026-09-27T21:06:20.7724679Z ✔ [4361/5195] Built Mathlib.Data.Fin.VecNotation:c.o (636ms)
build-full	Full build (resumable — a cold cache may need one re-run)	2026-09-27T21:06:20.7731650Z ✔ [4362/5195] Built Mathlib.Order.Heyting.Boundary:c.o (186ms)
build-full	Full build (resumable — a cold cache may need one re-run)	2026-09-27T21:06:20.7732890Z ✔ [4363/5195] Built Mathlib.Order.Filter.Cofinite:c.o (101ms)
build-full	Full build (resumable — a cold cache may need one re-run)	2026-09-27T21:06:20.8726064Z ✔ [4364/5195] Built Mathlib.Order.Filter.Curry:c.o (97ms)
build-full	Full build (resumable — a cold cache may need one re-run)	2026-09-27T21:06:20.9727719Z ✔ [4365/5195] Built Mathlib.Tactic.Continuity.Init:c.o (125ms)
build-full	Full build (resumable — a cold cache may need one re-run)	2026-09-27T21:06:21.0719138Z ✔ [4366/5195] Built Mathlib.Tactic.Continuity:c.o (268ms)
build-full	Full build (resumable — a cold cache may need one re-run)	2026-09-27T21:06:21.1720077Z ✔ [4367/5195] Built Mathlib.Topology.Defs.Basic:c.o (245ms)
build-full	Full build (resumable — a cold cache may need one re-run)	2026-09-27T21:06:21.2755719Z ✔ [4368/5195] Built Mathlib.Util.DelabNonCanonical:c.o (383ms)
build-full	Full build (resumable — a cold cache may need one re-run)	2026-09-27T21:06:21.2765381Z ✔ [4369/5195] Built Mathlib.Topology.Basic:c.o (91ms)
build-full	Full build (resumable — a cold cache may need one re-run)	2026-09-27T21:06:21.3726648Z ✔ [4370/5195] Built Mathlib.Topology.ContinuousMap.Defs:c.o (257ms)
build-full	Full build (resumable — a cold cache may need one re-run)	2026-09-27T21:06:21.3733625Z ✔ [4371/5195] Built Mathlib.Topology.Closure:c.o (89ms)
build-full	Full build (resumable — a cold cache may need one re-run)	2026-09-27T21:06:21.4727915Z ✔ [4372/5195] Built Mathlib.Topology.Neighborhoods:c.o (147ms)
build-full	Full build (resumable — a cold cache may need one re-run)	2026-09-27T21:06:21.4736100Z ✔ [4373/5195] Built Mathlib.Topology.ClusterPt:c.o (92ms)
build-full	Full build (resumable — a cold cache may need one re-run)	2026-09-27T21:06:21.5719757Z ✔ [4374/5195] Built Mathlib.Topology.Continuous:c.o (151ms)
build-full	Full build (resumable — a cold cache may need one re-run)	2026-09-27T21:06:21.5727481Z ✔ [4375/5195] Built Mathlib.Topology.Defs.Induced:c.o (100ms)
build-full	Full build (resumable — a cold cache may need one re-run)	2026-09-27T21:06:21.6767398Z ✔ [4376/5195] Built Mathlib.Topology.Order:c.o (130ms)
build-full	Full build (resumable — a cold cache may need one re-run)	2026-09-27T21:06:21.7775725Z ✔ [4377/5195] Built Mathlib.Topology.NhdsSet:c.o (147ms)
build-full	Full build (resumable — a cold cache may need one re-run)	2026-09-27T21:06:21.8786354Z ✔ [4378/5195] Built Mathlib.Topology.Maps.Basic:c.o (125ms)
build-full	Full build (resumable — a cold cache may need one re-run)	2026-09-27T21:06:21.8795934Z ✔ [4379/5195] Built Mathlib.Topology.Maps.OpenQuotient:c.o (125ms)
build-full	Full build (resumable — a cold cache may need one re-run)	2026-09-27T21:06:21.9760892Z ✔ [4380/5195] Built Mathlib.Topology.Defs.Filter:c.o (803ms)
build-full	Full build (resumable — a cold cache may need one re-run)	2026-09-27T21:06:21.9762634Z ✔ [4381/5195] Built Mathlib.Topology.Separation.SeparatedNhds:c.o (92ms)
build-full	Full build (resumable — a cold cache may need one re-run)	2026-09-27T21:06:22.1757756Z ✔ [4382/5195] Built Mathlib.Topology.Homeomorph.Defs:c.o (332ms)
build-full	Full build (resumable — a cold cache may need one re-run)	2026-09-27T21:06:22.1766177Z ✔ [4383/5195] Built Mathlib.Topology.Constructions.SumProd:c.o (194ms)
build-full	Full build (resumable — a cold cache may need one re-run)	2026-09-27T21:06:22.2749845Z ✔ [4384/5195] Built Mathlib.Topology.WithTopology:c.o (266ms)
build-full	Full build (resumable — a cold cache may need one re-run)	2026-09-27T21:06:22.2757898Z ✔ [4385/5195] Built Mathlib.Topology.NhdsWithin:c.o (84ms)
build-full	Full build (resumable — a cold cache may need one re-run)	2026-09-27T21:06:22.3751920Z ✔ [4386/5195] Built Mathlib.Topology.Constructions:c.o (202ms)
build-full	Full build (resumable — a cold cache may need one re-run)	2026-09-27T21:06:22.3765710Z ✔ [4387/5195] Built Mathlib.Topology.ContinuousOn:c.o (140ms)
build-full	Full build (resumable — a cold cache may need one re-run)	2026-09-27T21:06:22.3766810Z ✔ [4388/5195] Built Mathlib.Topology.Order.LeftRight:c.o (91ms)
build-full	Full build (resumable — a cold cache may need one re-run)	2026-09-27T21:06:22.4785770Z ✔ [4389/5195] Built Mathlib.Data.Set.Constructions:c.o (151ms)
build-full	Full build (resumable — a cold cache may need one re-run)	2026-09-27T21:06:22.4787053Z ✔ [4390/5195] Built Mathlib.Order.Filter.AtTopBot.Finite:c.o (144ms)
build-full	Full build (resumable — a cold cache may need one re-run)	2026-09-27T21:06:22.4788290Z ✔ [4391/5195] Built Mathlib.Order.Filter.AtTopBot.Prod:c.o (86ms)
build-full	Full build (resumable — a cold cache may need one re-run)	2026-09-27T21:06:22.5761649Z ✔ [4392/5195] Built Mathlib.Order.Filter.AtTopBot.CountablyGenerated:c.o (119ms)
build-full	Full build (resumable — a cold cache may need one re-run)	2026-09-27T21:06:22.5763356Z ✔ [4393/5195] Built Mathlib.Topology.Bases:c.o (137ms)
build-full	Full build (resumable — a cold cache may need one re-run)	2026-09-27T21:06:22.5764958Z ✔ [4394/5195] Built Mathlib.Data.Finset.Order:c.o (85ms)
build-full	Full build (resumable — a cold cache may need one re-run)	2026-09-27T21:06:22.6765592Z ✔ [4395/5195] Built Mathlib.Order.ModularLattice:c.o (146ms)
build-full	Full build (resumable — a cold cache may need one re-run)	2026-09-27T21:06:22.7765534Z ✔ [4396/5195] Built Mathlib.Data.Fintype.Order:c.o (183ms)
build-full	Full build (resumable — a cold cache may need one re-run)	2026-09-27T21:06:22.7766431Z ✔ [4397/5195] Built Mathlib.Order.PartialSups:c.o (105ms)
build-full	Full build (resumable — a cold cache may need one re-run)	2026-09-27T21:06:22.8816082Z ✔ [4398/5195] Built Mathlib.Order.Atoms:c.o (270ms)
build-full	Full build (resumable — a cold cache may need one re-run)	2026-09-27T21:06:22.8822148Z ✔ [4399/5195] Built Mathlib.Order.SetAccumulate:c.o (115ms)
build-full	Full build (resumable — a cold cache may need one re-run)	2026-09-27T21:06:22.8823202Z ✔ [4400/5195] Built Mathlib.Topology.Bornology.Basic:c.o (106ms)
build-full	Full build (resumable — a cold cache may need one re-run)	2026-09-27T21:06:22.9796781Z ✔ [4401/5195] Built Mathlib.Order.ZornAtoms:c.o (145ms)
build-full	Full build (resumable — a cold cache may need one re-run)	2026-09-27T21:06:22.9798254Z ✔ [4402/5195] Built Mathlib.Order.Filter.Ultrafilter.Basic:c.o (93ms)
build-full	Full build (resumable — a cold cache may need one re-run)	2026-09-27T21:06:23.0828239Z ✔ [4403/5195] Built Mathlib.Order.Filter.Ultrafilter.Defs:c.o (154ms)
build-full	Full build (resumable — a cold cache may need one re-run)	2026-09-27T21:06:23.0845412Z ✔ [4404/5195] Built Mathlib.Topology.Ultrafilter:c.o (135ms)
build-full	Full build (resumable — a cold cache may need one re-run)	2026-09-27T21:06:23.1828779Z ✔ [4405/5195] Built Mathlib.Topology.Defs.Ultrafilter:c.o (152ms)
build-full	Full build (resumable — a cold cache may need one re-run)	2026-09-27T21:06:23.1847139Z ✔ [4406/5195] Built Mathlib.Topology.Compactness.Compact:c.o (99ms)
build-full	Full build (resumable — a cold cache may need one re-run)	2026-09-27T21:06:23.1875635Z ✔ [4407/5195] Built Mathlib.Topology.Compactness.LocallyCompact:c.o (101ms)
build-full	Full build (resumable — a cold cache may need one re-run)	2026-09-27T21:06:23.2815505Z ✔ [4408/5195] Built Mathlib.Topology.LocallyFinite:c.o (148ms)
build-full	Full build (resumable — a cold cache may need one re-run)	2026-09-27T21:06:23.2817034Z ✔ [4409/5195] Built Mathlib.Topology.Compactness.LocallyFinite:c.o (142ms)
build-full	Full build (resumable — a cold cache may need one re-run)	2026-09-27T21:06:23.2818257Z ✔ [4410/5195] Built Mathlib.Topology.Compactness.SigmaCompact:c.o (95ms)
build-full	Full build (resumable — a cold cache may need one re-run)	2026-09-27T21:06:23.4833176Z ✔ [4411/5195] Built Mathlib.Data.Set.Functor:c.o (163ms)
build-full	Full build (resumable — a cold cache may need one re-run)	2026-09-27T21:06:23.4834488Z ✔ [4412/5195] Built Mathlib.Data.Set.Subset:c.o (147ms)
build-full	Full build (resumable — a cold cache may need one re-run)	2026-09-27T21:06:23.5838746Z ✔ [4413/5195] Built Mathlib.Order.Interval.Set.OrderIso:c.o (151ms)
build-full	Full build (resumable — a cold cache may need one re-run)	2026-09-27T21:06:23.5840731Z ✔ [4414/5195] Built Mathlib.Order.UpperLower.CompleteLattice:c.o (130ms)
build-full	Full build (resumable — a cold cache may need one re-run)	2026-09-27T21:06:23.6856139Z ✔ [4415/5195] Built Mathlib.Order.UpperLower.Principal:c.o (107ms)
build-full	Full build (resumable — a cold cache may need one re-run)	2026-09-27T21:06:23.7856874Z ✔ [4416/5195] Built Mathlib.Order.UpperLower.Closure:c.o (195ms)
build-full	Full build (resumable — a cold cache may need one re-run)	2026-09-27T21:06:23.7858399Z ✔ [4417/5195] Built Mathlib.Order.UpperLower.Fibration:c.o (84ms)
build-full	Full build (resumable — a cold cache may need one re-run)	2026-09-27T21:06:23.9867979Z ✔ [4418/5195] Built Mathlib.Tactic.TautoSet:c.o (685ms)
build-full	Full build (resumable — a cold cache may need one re-run)	2026-09-27T21:06:23.9869595Z ✔ [4419/5195] Built Mathlib.Topology.Inseparable:c.o (160ms)
build-full	Full build (resumable — a cold cache may need one re-run)	2026-09-27T21:06:23.9871437Z ✔ [4420/5195] Built Mathlib.Topology.Piecewise:c.o (132ms)
build-full	Full build (resumable — a cold cache may need one re-run)	2026-09-27T21:06:24.0885838Z ✔ [4421/5195] Built Mathlib.Topology.Separation.Basic:c.o (144ms)
build-full	Full build (resumable — a cold cache may need one re-run)	2026-09-27T21:06:24.0887735Z ✔ [4422/5195] Built Mathlib.Topology.DiscreteSubset:c.o (106ms)
build-full	Full build (resumable — a cold cache may need one re-run)	2026-09-27T21:06:24.0891967Z ✔ [4423/5195] Built Mathlib.Topology.Irreducible:c.o (153ms)
build-full	Full build (resumable — a cold cache may need one re-run)	2026-09-27T21:06:24.1875937Z ✔ [4424/5195] Built Mathlib.Topology.Separation.Hausdorff:c.o (106ms)
build-full	Full build (resumable — a cold cache may need one re-run)	2026-09-27T21:06:24.1877095Z ✔ [4425/5195] Built Mathlib.Topology.Order.OrderClosed:c.o (133ms)
build-full	Full build (resumable — a cold cache may need one re-run)	2026-09-27T21:06:24.2868269Z ✔ [4426/5195] Built Mathlib.Topology.Order.Basic:c.o (157ms)
build-full	Full build (resumable — a cold cache may need one re-run)	2026-09-27T21:06:24.2905651Z ✔ [4427/5195] Built Mathlib.Order.Filter.CountableInter:c.o (97ms)
build-full	Full build (resumable — a cold cache may need one re-run)	2026-09-27T21:06:24.2915230Z ✔ [4428/5195] Built Mathlib.Topology.Compactness.Lindelof:c.o (117ms)
build-full	Full build (resumable — a cold cache may need one re-run)	2026-09-27T21:06:24.3881509Z ✔ [4429/5195] Built Mathlib.Data.Set.BoolIndicator:c.o (120ms)
build-full	Full build (resumable — a cold cache may need one re-run)	2026-09-27T21:06:24.3883203Z ✔ [4430/5195] Built Mathlib.Topology.Clopen:c.o (123ms)
build-full	Full build (resumable — a cold cache may need one re-run)	2026-09-27T21:06:24.4875779Z ✔ [4431/5195] Built Mathlib.Order.SuccPred.Relation:c.o (133ms)
build-full	Full build (resumable — a cold cache may need one re-run)	2026-09-27T21:06:24.4877159Z ✔ [4432/5195] Built Mathlib.Topology.Connected.Basic:c.o (122ms)
build-full	Full build (resumable — a cold cache may need one re-run)	2026-09-27T21:06:24.5895783Z ✔ [4433/5195] Built Mathlib.Topology.Connected.Clopen:c.o (168ms)
build-full	Full build (resumable — a cold cache may need one re-run)	2026-09-27T21:06:24.5897183Z ✔ [4434/5195] Built Mathlib.Topology.Separation.Regular:c.o (142ms)
build-full	Full build (resumable — a cold cache may need one re-run)	2026-09-27T21:06:24.5898363Z ✔ [4435/5195] Built Mathlib.Topology.Order.T5:c.o (89ms)
build-full	Full build (resumable — a cold cache may need one re-run)	2026-09-27T21:06:24.6873998Z ✔ [4436/5195] Built Mathlib.Topology.Order.Real:c.o (98ms)
build-full	Full build (resumable — a cold cache may need one re-run)	2026-09-27T21:06:24.6875642Z ✔ [4437/5195] Built Mathlib.Algebra.BigOperators.Group.Finset.Pi:c.o (126ms)
build-full	Full build (resumable — a cold cache may need one re-run)	2026-09-27T21:06:24.6877108Z ✔ [4438/5195] Built Mathlib.Data.Multiset.Antidiagonal:c.o (126ms)
build-full	Full build (resumable — a cold cache may need one re-run)	2026-09-27T21:06:24.7872888Z ✔ [4439/5195] Built Mathlib.Data.Multiset.Sections:c.o (144ms)
build-full	Full build (resumable — a cold cache may need one re-run)	2026-09-27T21:06:24.7880607Z ✔ [4440/5195] Built Mathlib.Algebra.BigOperators.Ring.Multiset:c.o (148ms)
build-full	Full build (resumable — a cold cache may need one re-run)	2026-09-27T21:06:24.7882502Z ✔ [4441/5195] Built Mathlib.Algebra.BigOperators.Ring.Finset:c.o (102ms)
build-full	Full build (resumable — a cold cache may need one re-run)	2026-09-27T21:06:24.8935466Z ✔ [4442/5195] Built Mathlib.Algebra.Order.BigOperators.GroupWithZero.Finset:c.o (102ms)
build-full	Full build (resumable — a cold cache may need one re-run)	2026-09-27T21:06:24.9929098Z ✔ [4443/5195] Built Mathlib.Algebra.Order.BigOperators.GroupWithZero.List:c.o (136ms)
build-full	Full build (resumable — a cold cache may need one re-run)	2026-09-27T21:06:24.9931147Z ✔ [4444/5195] Built Mathlib.Algebra.Order.BigOperators.GroupWithZero.Multiset:c.o (121ms)
build-full	Full build (resumable — a cold cache may need one re-run)	2026-09-27T21:06:24.9933070Z ✔ [4445/5195] Built Mathlib.Algebra.Order.BigOperators.Ring.List:c.o (111ms)
build-full	Full build (resumable — a cold cache may need one re-run)	2026-09-27T21:06:25.0937155Z ✔ [4446/5195] Built Mathlib.Algebra.Order.BigOperators.Ring.Multiset:c.o (143ms)
build-full	Full build (resumable — a cold cache may need one re-run)	2026-09-27T21:06:25.0945077Z ✔ [4447/5195] Built Mathlib.Algebra.NoZeroSMulDivisors.Defs:c.o (94ms)
build-full	Full build (resumable — a cold cache may need one re-run)	2026-09-27T21:06:25.1938650Z ✔ [4448/5195] Built Mathlib.Algebra.NoZeroSMulDivisors.Basic:c.o (152ms)
build-full	Full build (resumable — a cold cache may need one re-run)	2026-09-27T21:06:25.5940557Z ✔ [4449/5195] Built Mathlib.Tactic.Group:c.o (394ms)
build-full	Full build (resumable — a cold cache may need one re-run)	2026-09-27T21:06:25.7960830Z ✔ [4450/5195] Built Mathlib.Algebra.Order.Module.Field:c.o (745ms)
build-full	Full build (resumable — a cold cache may need one re-run)	2026-09-27T21:06:25.7985604Z ✔ [4451/5195] Built Mathlib.Data.ENNReal.Inv:c.o (153ms)
build-full	Full build (resumable — a cold cache may need one re-run)	2026-09-27T21:06:25.8996152Z ✔ [4452/5195] Built Mathlib.Data.Rel.Separated:c.o (93ms)
build-full	Full build (resumable — a cold cache may need one re-run)	2026-09-27T21:06:25.9986696Z ✔ [4453/5195] Built Mathlib.Algebra.Order.BigOperators.Ring.Finset:c.o (1.0s)
build-full	Full build (resumable — a cold cache may need one re-run)	2026-09-27T21:06:25.9988350Z ✔ [4454/5195] Built Mathlib.Data.Rel:c.o (198ms)
build-full	Full build (resumable — a cold cache may need one re-run)	2026-09-27T21:06:26.0985281Z ✔ [4455/5195] Built Mathlib.Data.Rel.Cover:c.o (133ms)
build-full	Full build (resumable — a cold cache may need one re-run)	2026-09-27T21:06:26.1989798Z ✔ [4456/5195] Built Mathlib.Topology.UniformSpace.Defs:c.o (211ms)
build-full	Full build (resumable — a cold cache may need one re-run)	2026-09-27T21:06:26.1991216Z ✔ [4457/5195] Built Mathlib.Topology.UniformSpace.Basic:c.o (259ms)
build-full	Full build (resumable — a cold cache may need one re-run)	2026-09-27T21:06:26.1992651Z ✔ [4458/5195] Built Mathlib.Topology.UniformSpace.OfFun:c.o (158ms)
build-full	Full build (resumable — a cold cache may need one re-run)	2026-09-27T21:06:26.5005179Z ✔ [4459/5195] Built Mathlib.Topology.EMetricSpace.Defs:c.o (305ms)
build-full	Full build (resumable — a cold cache may need one re-run)	2026-09-27T21:06:26.5012085Z ✔ [4460/5195] Built Mathlib.Topology.MetricSpace.Defs:c.o (298ms)
build-full	Full build (resumable — a cold cache may need one re-run)	2026-09-27T21:06:26.6056198Z ✔ [4461/5195] Built Mathlib.Algebra.BigOperators.Group.Finset.Lemmas:c.o (147ms)
build-full	Full build (resumable — a cold cache may need one re-run)	2026-09-27T21:06:26.8051260Z ✔ [4462/5195] Built Mathlib.Algebra.BigOperators.Pi:c.o (192ms)
build-full	Full build (resumable — a cold cache may need one re-run)	2026-09-27T21:06:27.0081529Z ✔ [4463/5195] Built Mathlib.Topology.MetricSpace.Pseudo.Defs:c.o (778ms)
build-full	Full build (resumable — a cold cache may need one re-run)	2026-09-27T21:06:27.0105469Z ✔ [4464/5195] Built Mathlib.Analysis.Normed.Group.Defs:c.o (587ms)
build-full	Full build (resumable — a cold cache may need one re-run)	2026-09-27T21:06:27.0107046Z ✔ [4465/5195] Built Mathlib.Algebra.Group.Indicator:c.o (156ms)
build-full	Full build (resumable — a cold cache may need one re-run)	2026-09-27T21:06:27.1115548Z ✔ [4466/5195] Built Mathlib.Data.List.Find:c.o (166ms)
build-full	Full build (resumable — a cold cache may need one re-run)	2026-09-27T21:06:27.1116754Z ✔ [4467/5195] Built Mathlib.Data.Multiset.Find:c.o (171ms)
build-full	Full build (resumable — a cold cache may need one re-run)	2026-09-27T21:06:27.2078902Z ✔ [4468/5195] Built Mathlib.Data.Finsupp.Defs:c.o (185ms)
build-full	Full build (resumable — a cold cache may need one re-run)	2026-09-27T21:06:27.2092745Z ✔ [4469/5195] Built Mathlib.Algebra.Group.Finsupp:c.o (97ms)
build-full	Full build (resumable — a cold cache may need one re-run)	2026-09-27T21:06:27.3132962Z ✔ [4470/5195] Built Mathlib.Data.Finsupp.Single:c.o (136ms)
build-full	Full build (resumable — a cold cache may need one re-run)	2026-09-27T21:06:27.3149576Z ✔ [4471/5195] Built Mathlib.Data.Finsupp.Indicator:c.o (89ms)
build-full	Full build (resumable — a cold cache may need one re-run)	2026-09-27T21:06:27.4128563Z ✔ [4472/5195] Built Mathlib.Data.Finsupp.Ext:c.o (143ms)
build-full	Full build (resumable — a cold cache may need one re-run)	2026-09-27T21:06:27.4136344Z ✔ [4473/5195] Built Mathlib.Algebra.BigOperators.Finsupp.Basic:c.o (148ms)
build-full	Full build (resumable — a cold cache may need one re-run)	2026-09-27T21:06:27.5145711Z ✔ [4474/5195] Built Mathlib.Algebra.Algebra.Rat:c.o (168ms)
build-full	Full build (resumable — a cold cache may need one re-run)	2026-09-27T21:06:27.5175242Z ✔ [4475/5195] Built Mathlib.Algebra.Notation.FiniteSupport:c.o (91ms)
build-full	Full build (resumable — a cold cache may need one re-run)	2026-09-27T21:06:27.6225852Z ✔ [4476/5195] Built Mathlib.Algebra.Order.Group.Indicator:c.o (127ms)
build-full	Full build (resumable — a cold cache may need one re-run)	2026-09-27T21:06:27.7188677Z ✔ [4477/5195] Built Mathlib.Algebra.GroupWithZero.Indicator:c.o (147ms)
build-full	Full build (resumable — a cold cache may need one re-run)	2026-09-27T21:06:27.7190390Z ✔ [4478/5195] Built Mathlib.Algebra.Module.Basic:c.o (108ms)
build-full	Full build (resumable — a cold cache may need one re-run)	2026-09-27T21:06:27.8188615Z ✔ [4479/5195] Built Mathlib.Algebra.FiniteSupport.Basic:c.o (154ms)
build-full	Full build (resumable — a cold cache may need one re-run)	2026-09-27T21:06:27.8190142Z ✔ [4480/5195] Built Mathlib.Algebra.Group.Hom.End:c.o (108ms)
build-full	Full build (resumable — a cold cache may need one re-run)	2026-09-27T21:06:27.9181588Z ✔ [4481/5195] Built Mathlib.Algebra.Module.Equiv.Defs:c.o (589ms)
build-full	Full build (resumable — a cold cache may need one re-run)	2026-09-27T21:06:27.9211084Z ✔ [4482/5195] Built Mathlib.Algebra.Module.End:c.o (105ms)
build-full	Full build (resumable — a cold cache may need one re-run)	2026-09-27T21:06:28.0206204Z ✔ [4483/5195] Built Mathlib.Algebra.BigOperators.GroupWithZero.Action:c.o (143ms)
build-full	Full build (resumable — a cold cache may need one re-run)	2026-09-27T21:06:28.1186856Z ✔ [4484/5195] Built Mathlib.Algebra.Order.Ring.NNRat:c.o (146ms)
build-full	Full build (resumable — a cold cache may need one re-run)	2026-09-27T21:06:28.1188351Z ✔ [4485/5195] Built Mathlib.Algebra.Group.Pointwise.Set.ListOfFn:c.o (85ms)
build-full	Full build (resumable — a cold cache may need one re-run)	2026-09-27T21:06:28.2179666Z ✔ [4486/5195] Built Mathlib.Algebra.BigOperators.Finprod:c.o (345ms)
build-full	Full build (resumable — a cold cache may need one re-run)	2026-09-27T21:06:28.2210483Z ✔ [4487/5195] Built Mathlib.Data.Finset.Density:c.o (170ms)
build-full	Full build (resumable — a cold cache may need one re-run)	2026-09-27T21:06:28.2235089Z ✔ [4488/5195] Built Mathlib.Data.Finset.Lattice.Prod:c.o (102ms)
build-full	Full build (resumable — a cold cache may need one re-run)	2026-09-27T21:06:28.3184967Z ✔ [4489/5195] Built Mathlib.Data.Finset.NAry:c.o (118ms)
build-full	Full build (resumable — a cold cache may need one re-run)	2026-09-27T21:06:28.4183006Z ✔ [4490/5195] Built Mathlib.Algebra.BigOperators.Group.Finset.Indicator:c.o (148ms)
build-full	Full build (resumable — a cold cache may need one re-run)	2026-09-27T21:06:28.5180992Z ✔ [4491/5195] Built Mathlib.Algebra.Order.Nonneg.Floor:c.o (153ms)
build-full	Full build (resumable — a cold cache may need one re-run)	2026-09-27T21:06:28.7191439Z ✔ [4492/5195] Built Mathlib.Algebra.Group.Pointwise.Finset.Basic:c.o (522ms)
build-full	Full build (resumable — a cold cache may need one re-run)	2026-09-27T21:06:28.7199447Z ✔ [4493/5195] Built Mathlib.Algebra.BigOperators.Expect:c.o (389ms)
build-full	Full build (resumable — a cold cache may need one re-run)	2026-09-27T21:06:28.7200898Z ✔ [4494/5195] Built Mathlib.Algebra.Order.Module.Pointwise:c.o (153ms)
build-full	Full build (resumable — a cold cache may need one re-run)	2026-09-27T21:06:28.8193292Z ✔ [4495/5195] Built Mathlib.Data.Real.Pointwise:c.o (141ms)
build-full	Full build (resumable — a cold cache may need one re-run)	2026-09-27T21:06:28.8194856Z ✔ [4496/5195] Built Mathlib.Data.NNReal.Basic:c.o (152ms)
build-full	Full build (resumable — a cold cache may need one re-run)	2026-09-27T21:06:28.8196203Z ✔ [4497/5195] Built Mathlib.Topology.Algebra.Support:c.o (122ms)
build-full	Full build (resumable — a cold cache may need one re-run)	2026-09-27T21:06:28.9198797Z ✔ [4498/5195] Built Mathlib.Topology.UniformSpace.Compact:c.o (140ms)
build-full	Full build (resumable — a cold cache may need one re-run)	2026-09-27T21:06:29.0206606Z ✔ [4499/5195] Built Mathlib.Topology.Connected.LocallyConnected:c.o (131ms)
build-full	Full build (resumable — a cold cache may need one re-run)	2026-09-27T21:06:29.1203853Z ✔ [4500/5195] Built Mathlib.Topology.DenseEmbedding:c.o (143ms)
build-full	Full build (resumable — a cold cache may need one re-run)	2026-09-27T21:06:29.1211059Z ✔ [4501/5195] Built Mathlib.Topology.Connected.TotallyDisconnected:c.o (137ms)
build-full	Full build (resumable — a cold cache may need one re-run)	2026-09-27T21:06:29.2205078Z ✔ [4502/5195] Built Mathlib.Logic.Equiv.Fin.Basic:c.o (337ms)
build-full	Full build (resumable — a cold cache may need one re-run)	2026-09-27T21:06:29.2211868Z ✔ [4503/5195] Built Mathlib.Topology.GDelta.Basic:c.o (132ms)
build-full	Full build (resumable — a cold cache may need one re-run)	2026-09-27T21:06:29.2213165Z ✔ [4504/5195] Built Mathlib.Topology.Baire.Lemmas:c.o (104ms)
build-full	Full build (resumable — a cold cache may need one re-run)	2026-09-27T21:06:29.3215812Z ✔ [4505/5195] Built Mathlib.Topology.Homeomorph.Lemmas:c.o (177ms)
build-full	Full build (resumable — a cold cache may need one re-run)	2026-09-27T21:06:29.3216625Z ✔ [4506/5195] Built Mathlib.Topology.Algebra.Constructions:c.o (155ms)
build-full	Full build (resumable — a cold cache may need one re-run)	2026-09-27T21:06:29.3217227Z ✔ [4507/5195] Built Mathlib.Topology.UniformSpace.DiscreteUniformity:c.o (140ms)
build-full	Full build (resumable — a cold cache may need one re-run)	2026-09-27T21:06:29.4210165Z ✔ [4508/5195] Built Mathlib.Topology.UniformSpace.Cauchy:c.o (98ms)
build-full	Full build (resumable — a cold cache may need one re-run)	2026-09-27T21:06:29.5203634Z ✔ [4509/5195] Built Mathlib.Topology.UniformSpace.UniformConvergence:c.o (144ms)
build-full	Full build (resumable — a cold cache may need one re-run)	2026-09-27T21:06:29.5211651Z ✔ [4510/5195] Built Mathlib.Topology.UniformSpace.LocallyUniformConvergence:c.o (145ms)
build-full	Full build (resumable — a cold cache may need one re-run)	2026-09-27T21:06:29.5213168Z ✔ [4511/5195] Built Mathlib.Topology.UniformSpace.Separation:c.o (112ms)
build-full	Full build (resumable — a cold cache may need one re-run)	2026-09-27T21:06:29.6210958Z ✔ [4512/5195] Built Mathlib.Topology.EMetricSpace.Basic:c.o (131ms)
build-full	Full build (resumable — a cold cache may need one re-run)	2026-09-27T21:06:29.7225895Z ✔ [4513/5195] Built Mathlib.Topology.UniformSpace.UniformEmbedding:c.o (233ms)
build-full	Full build (resumable — a cold cache may need one re-run)	2026-09-27T21:06:29.7233440Z ✔ [4514/5195] Built Mathlib.Topology.UniformSpace.Pi:c.o (168ms)
build-full	Full build (resumable — a cold cache may need one re-run)	2026-09-27T21:06:29.7295175Z ✔ [4515/5195] Built Mathlib.Topology.Metrizable.Basic:c.o (93ms)
build-full	Full build (resumable — a cold cache may need one re-run)	2026-09-27T21:06:29.8238201Z ✔ [4516/5195] Built Mathlib.Topology.MetricSpace.Pseudo.Basic:c.o (108ms)
build-full	Full build (resumable — a cold cache may need one re-run)	2026-09-27T21:06:29.8254935Z ✔ [4517/5195] Built Mathlib.Topology.Bornology.Constructions:c.o (152ms)
build-full	Full build (resumable — a cold cache may need one re-run)	2026-09-27T21:06:29.9238508Z ✔ [4518/5195] Built Mathlib.Order.Filter.AtTopBot.CompleteLattice:c.o (94ms)
build-full	Full build (resumable — a cold cache may need one re-run)	2026-09-27T21:06:29.9255317Z ✔ [4519/5195] Built Mathlib.Order.Filter.AtTopBot.Monoid:c.o (85ms)
build-full	Full build (resumable — a cold cache may need one re-run)	2026-09-27T21:06:30.0240493Z ✔ [4520/5195] Built Mathlib.Topology.MetricSpace.Pseudo.Constructions:c.o (303ms)
build-full	Full build (resumable — a cold cache may need one re-run)	2026-09-27T21:06:30.0275701Z ✔ [4521/5195] Built Mathlib.Order.Filter.AtTopBot.Map:c.o (150ms)
build-full	Full build (resumable — a cold cache may need one re-run)	2026-09-27T21:06:30.1248746Z ✔ [4522/5195] Built Mathlib.Order.Filter.AtTopBot.Group:c.o (110ms)
build-full	Full build (resumable — a cold cache may need one re-run)	2026-09-27T21:06:30.1250136Z ✔ [4523/5195] Built Mathlib.Topology.Order.LeftRightNhds:c.o (91ms)
build-full	Full build (resumable — a cold cache may need one re-run)	2026-09-27T21:06:30.1251289Z ✔ [4524/5195] Built Mathlib.Topology.Order.IsLUB:c.o (126ms)
build-full	Full build (resumable — a cold cache may need one re-run)	2026-09-27T21:06:30.2265905Z ✔ [4525/5195] Built Mathlib.Topology.Order.DenselyOrdered:c.o (134ms)
build-full	Full build (resumable — a cold cache may need one re-run)	2026-09-27T21:06:30.2267151Z ✔ [4526/5195] Built Mathlib.Topology.MetricSpace.Pseudo.Lemmas:c.o (92ms)
build-full	Full build (resumable — a cold cache may need one re-run)	2026-09-27T21:06:30.2268197Z ✔ [4527/5195] Built Mathlib.Data.ENNReal.Lemmas:c.o (112ms)
build-full	Full build (resumable — a cold cache may need one re-run)	2026-09-27T21:06:30.4281711Z ✔ [4528/5195] Built Mathlib.Topology.EMetricSpace.Pi:c.o (183ms)
build-full	Full build (resumable — a cold cache may need one re-run)	2026-09-27T21:06:30.4283304Z ✔ [4529/5195] Built Mathlib.Topology.MetricSpace.Pseudo.Pi:c.o (177ms)
build-full	Full build (resumable — a cold cache may need one re-run)	2026-09-27T21:06:30.5275616Z ✔ [4530/5195] Built Mathlib.Topology.MetricSpace.Basic:c.o (247ms)
build-full	Full build (resumable — a cold cache may need one re-run)	2026-09-27T21:06:30.6276587Z ✔ [4531/5195] Built Mathlib.Algebra.Order.Interval.Set.Monoid:c.o (91ms)
build-full	Full build (resumable — a cold cache may need one re-run)	2026-09-27T21:06:30.7287287Z ✔ [4532/5195] Built Mathlib.Algebra.Order.Group.Pointwise.Interval:c.o (99ms)
build-full	Full build (resumable — a cold cache may need one re-run)	2026-09-27T21:06:30.7288670Z ✔ [4533/5195] Built Mathlib.Order.Filter.AtTopBot.Ring:c.o (93ms)
build-full	Full build (resumable — a cold cache may need one re-run)	2026-09-27T21:06:30.8270458Z ✔ [4534/5195] Built Mathlib.Order.Filter.AtTopBot.Field:c.o (89ms)
build-full	Full build (resumable — a cold cache may need one re-run)	2026-09-27T21:06:31.0279297Z ✔ [4535/5195] Built Mathlib.RingTheory.NonUnitalSubsemiring.Defs:c.o (157ms)
build-full	Full build (resumable — a cold cache may need one re-run)	2026-09-27T21:06:31.2276112Z ✔ [4536/5195] Built Mathlib.Algebra.Ring.Subsemiring.Defs:c.o (176ms)
build-full	Full build (resumable — a cold cache may need one re-run)	2026-09-27T21:06:31.3277064Z ✔ [4537/5195] Built Mathlib.RingTheory.NonUnitalSubring.Defs:c.o (139ms)
build-full	Full build (resumable — a cold cache may need one re-run)	2026-09-27T21:06:31.4317922Z ✔ [4538/5195] Built Mathlib.Algebra.Ring.Subring.Defs:c.o (158ms)
build-full	Full build (resumable — a cold cache may need one re-run)	2026-09-27T21:06:31.5315809Z ✔ [4539/5195] Built Mathlib.Data.EReal.Operations:c.o (1.2s)
build-full	Full build (resumable — a cold cache may need one re-run)	2026-09-27T21:06:31.7319252Z ✔ [4540/5195] Built Mathlib.Analysis.Normed.Group.Basic:c.o (1.4s)
build-full	Full build (resumable — a cold cache may need one re-run)	2026-09-27T21:06:31.7320803Z ✔ [4541/5195] Built Mathlib.Algebra.Field.Subfield.Defs:c.o (269ms)
build-full	Full build (resumable — a cold cache may need one re-run)	2026-09-27T21:06:31.7322250Z ✔ [4542/5195] Built Mathlib.Order.Filter.NAry:c.o (151ms)
build-full	Full build (resumable — a cold cache may need one re-run)	2026-09-27T21:06:32.0355705Z ✔ [4543/5195] Built Mathlib.Order.Filter.Pointwise:c.o (299ms)
build-full	Full build (resumable — a cold cache may need one re-run)	2026-09-27T21:06:32.0356982Z ✔ [4544/5195] Built Mathlib.Algebra.Torsor.Defs:c.o (280ms)
build-full	Full build (resumable — a cold cache may need one re-run)	2026-09-27T21:06:32.0358158Z ✔ [4545/5195] Built Mathlib.Algebra.GroupWithZero.ULift:c.o (288ms)
build-full	Full build (resumable — a cold cache may need one re-run)	2026-09-27T21:06:32.1345843Z ✔ [4546/5195] Built Mathlib.Topology.Algebra.Monoid.Defs:c.o (88ms)
build-full	Full build (resumable — a cold cache may need one re-run)	2026-09-27T21:06:32.2347945Z ✔ [4547/5195] Built Mathlib.Algebra.Module.ULift:c.o (284ms)
build-full	Full build (resumable — a cold cache may need one re-run)	2026-09-27T21:06:32.2354536Z ✔ [4548/5195] Built Mathlib.Topology.Algebra.ConstMulAction:c.o (186ms)
build-full	Full build (resumable — a cold cache may need one re-run)	2026-09-27T21:06:32.2363516Z ✔ [4549/5195] Built Mathlib.Topology.Algebra.Group.Defs:c.o (92ms)
build-full	Full build (resumable — a cold cache may need one re-run)	2026-09-27T21:06:32.3358491Z ✔ [4550/5195] Built Mathlib.Topology.Algebra.MulAction:c.o (144ms)
build-full	Full build (resumable — a cold cache may need one re-run)	2026-09-27T21:06:32.3365413Z ✔ [4551/5195] Built Mathlib.Data.Set.UnionLift:c.o (86ms)
build-full	Full build (resumable — a cold cache may need one re-run)	2026-09-27T21:06:32.5395919Z ✔ [4552/5195] Built Mathlib.Topology.ContinuousMap.Basic:c.o (317ms)
build-full	Full build (resumable — a cold cache may need one re-run)	2026-09-27T21:06:32.5397512Z ✔ [4553/5195] Built Mathlib.Topology.Algebra.Monoid:c.o (212ms)
build-full	Full build (resumable — a cold cache may need one re-run)	2026-09-27T21:06:32.5398908Z ✔ [4554/5195] Built Mathlib.Topology.Algebra.GroupWithZero:c.o (171ms)
build-full	Full build (resumable — a cold cache may need one re-run)	2026-09-27T21:06:32.6369216Z ✔ [4555/5195] Built Mathlib.Algebra.Ring.Action.Subobjects:c.o (107ms)
build-full	Full build (resumable — a cold cache may need one re-run)	2026-09-27T21:06:32.6375359Z ✔ [4556/5195] Built Mathlib.Algebra.Group.Subsemigroup.Membership:c.o (125ms)
build-full	Full build (resumable — a cold cache may need one re-run)	2026-09-27T21:06:32.7405844Z ✔ [4557/5195] Built Mathlib.Algebra.GroupWithZero.Center:c.o (88ms)
build-full	Full build (resumable — a cold cache may need one re-run)	2026-09-27T21:06:32.7408435Z ✔ [4558/5195] Built Mathlib.Algebra.Ring.Center:c.o (150ms)
build-full	Full build (resumable — a cold cache may need one re-run)	2026-09-27T21:06:32.7409593Z ✔ [4559/5195] Built Mathlib.Algebra.Ring.Centralizer:c.o (91ms)
build-full	Full build (resumable — a cold cache may need one re-run)	2026-09-27T21:06:32.8382954Z ✔ [4560/5195] Built Mathlib.Algebra.Ring.Submonoid.Basic:c.o (94ms)
build-full	Full build (resumable — a cold cache may need one re-run)	2026-09-27T21:06:32.9427652Z ✔ [4561/5195] Built Mathlib.Algebra.Group.Subsemigroup.Operations:c.o (407ms)
build-full	Full build (resumable — a cold cache may need one re-run)	2026-09-27T21:06:33.0425510Z ✔ [4562/5195] Built Mathlib.RingTheory.NonUnitalSubsemiring.Basic:c.o (306ms)
build-full	Full build (resumable — a cold cache may need one re-run)	2026-09-27T21:06:33.2435258Z ✔ [4563/5195] Built Mathlib.Algebra.Ring.Subsemiring.Basic:c.o (381ms)
build-full	Full build (resumable — a cold cache may need one re-run)	2026-09-27T21:06:33.3428454Z ✔ [4564/5195] Built Mathlib.RingTheory.NonUnitalSubring.Basic:c.o (313ms)
build-full	Full build (resumable — a cold cache may need one re-run)	2026-09-27T21:06:33.3435247Z ✔ [4565/5195] Built Mathlib.Algebra.Ring.Subring.Basic:c.o (278ms)
build-full	Full build (resumable — a cold cache may need one re-run)	2026-09-27T21:06:33.4438818Z ✔ [4566/5195] Built Mathlib.Algebra.Group.Submonoid.Units:c.o (161ms)
build-full	Full build (resumable — a cold cache may need one re-run)	2026-09-27T21:06:33.6442616Z ✔ [4567/5195] Built Mathlib.Topology.Algebra.Group.Basic:c.o (288ms)
build-full	Full build (resumable — a cold cache may need one re-run)	2026-09-27T21:06:33.6449519Z ✔ [4568/5195] Built Mathlib.Topology.Algebra.Group.GroupTopology:c.o (207ms)
build-full	Full build (resumable — a cold cache may need one re-run)	2026-09-27T21:06:33.7443356Z ✔ [4569/5195] Built Mathlib.Order.Filter.Extr:c.o (97ms)
build-full	Full build (resumable — a cold cache may need one re-run)	2026-09-27T21:06:33.8446552Z ✔ [4570/5195] Built Mathlib.Topology.Algebra.Ring.Basic:c.o (246ms)
build-full	Full build (resumable — a cold cache may need one re-run)	2026-09-27T21:06:33.8447546Z ✔ [4571/5195] Built Mathlib.Topology.Order.LocalExtr:c.o (87ms)
build-full	Full build (resumable — a cold cache may need one re-run)	2026-09-27T21:06:33.9439893Z ✔ [4572/5195] Built Mathlib.Topology.Algebra.Field:c.o (124ms)
build-full	Full build (resumable — a cold cache may need one re-run)	2026-09-27T21:06:34.0440628Z ✔ [4573/5195] Built Mathlib.Topology.Algebra.ContinuousMonoidHom:c.o (811ms)
build-full	Full build (resumable — a cold cache may need one re-run)	2026-09-27T21:06:34.0448167Z ✔ [4574/5195] Built Mathlib.Topology.Algebra.Order.Group:c.o (143ms)
build-full	Full build (resumable — a cold cache may need one re-run)	2026-09-27T21:06:34.0449876Z ✔ [4575/5195] Built Mathlib.Topology.Algebra.Order.Field:c.o (99ms)
build-full	Full build (resumable — a cold cache may need one re-run)	2026-09-27T21:06:34.1441930Z ✔ [4576/5195] Built Mathlib.Topology.Algebra.IsUniformGroup.Defs:c.o (168ms)
build-full	Full build (resumable — a cold cache may need one re-run)	2026-09-27T21:06:34.1448631Z ✔ [4577/5195] Built Mathlib.Topology.Order.Bornology:c.o (91ms)
build-full	Full build (resumable — a cold cache may need one re-run)	2026-09-27T21:06:34.5451276Z ✔ [4578/5195] Built Mathlib.Tactic.Order.Graph.Basic:c.o (392ms)
build-full	Full build (resumable — a cold cache may need one re-run)	2026-09-27T21:06:34.8457300Z ✔ [4579/5195] Built Mathlib.Tactic.Order.Graph.Tarjan:c.o (712ms)
build-full	Full build (resumable — a cold cache may need one re-run)	2026-09-27T21:06:35.3467511Z ✔ [4580/5195] Built Mathlib.Tactic.Order.Preprocessing:c.o (869ms)
build-full	Full build (resumable — a cold cache may need one re-run)	2026-09-27T21:06:36.1461073Z ✔ [4581/5195] Built Mathlib.Tactic.Order.ToInt:c.o (1.2s)
build-full	Full build (resumable — a cold cache may need one re-run)	2026-09-27T21:06:36.2460449Z ✔ [4582/5195] Built Mathlib.Topology.Order.Monotone:c.o (174ms)
build-full	Full build (resumable — a cold cache may need one re-run)	2026-09-27T21:06:36.4463355Z ✔ [4583/5195] Built Mathlib.Topology.Order.IntermediateValue:c.o (158ms)
build-full	Full build (resumable — a cold cache may need one re-run)	2026-09-27T21:06:36.5463096Z ✔ [4584/5195] Built Mathlib.Topology.Order.Compact:c.o (141ms)
build-full	Full build (resumable — a cold cache may need one re-run)	2026-09-27T21:06:36.7466550Z ✔ [4585/5195] Built Mathlib.Topology.MetricSpace.ProperSpace:c.o (141ms)
build-full	Full build (resumable — a cold cache may need one re-run)	2026-09-27T21:06:36.8471682Z ✔ [4586/5195] Built Mathlib.Topology.MetricSpace.Cauchy:c.o (148ms)
build-full	Full build (resumable — a cold cache may need one re-run)	2026-09-27T21:06:36.9464872Z ✔ [4587/5195] Built Mathlib.Topology.EMetricSpace.Diam:c.o (135ms)
build-full	Full build (resumable — a cold cache may need one re-run)	2026-09-27T21:06:37.3462578Z ✔ [4588/5195] Built Mathlib.Tactic.Order:c.o (1.9s)
build-full	Full build (resumable — a cold cache may need one re-run)	2026-09-27T21:06:37.4485829Z ✔ [4589/5195] Built Mathlib.Topology.Bornology.Real:c.o (143ms)
build-full	Full build (resumable — a cold cache may need one re-run)	2026-09-27T21:06:37.5461158Z ✔ [4590/5195] Built Mathlib.Topology.MetricSpace.Bounded:c.o (562ms)
build-full	Full build (resumable — a cold cache may need one re-run)	2026-09-27T21:06:37.6468756Z ✔ [4591/5195] Built Mathlib.Data.Int.Interval:c.o (213ms)
build-full	Full build (resumable — a cold cache may need one re-run)	2026-09-27T21:06:37.6470448Z ✔ [4592/5195] Built Mathlib.Data.Int.ConditionallyCompleteOrder:c.o (128ms)
build-full	Full build (resumable — a cold cache may need one re-run)	2026-09-27T21:06:37.7462217Z ✔ [4593/5195] Built Mathlib.Data.Fintype.Pigeonhole:c.o (121ms)
build-full	Full build (resumable — a cold cache may need one re-run)	2026-09-27T21:06:37.8467851Z ✔ [4594/5195] Built Mathlib.Order.SuccPred.LinearLocallyFinite:c.o (178ms)
build-full	Full build (resumable — a cold cache may need one re-run)	2026-09-27T21:06:37.8469462Z ✔ [4595/5195] Built Mathlib.Topology.Instances.Discrete:c.o (122ms)
build-full	Full build (resumable — a cold cache may need one re-run)	2026-09-27T21:06:37.9465979Z ✔ [4596/5195] Built Mathlib.Order.Filter.AtTopBot.Archimedean:c.o (143ms)
build-full	Full build (resumable — a cold cache may need one re-run)	2026-09-27T21:06:37.9467573Z ✔ [4597/5195] Built Mathlib.Topology.Instances.Int:c.o (111ms)
build-full	Full build (resumable — a cold cache may need one re-run)	2026-09-27T21:06:38.0468248Z ✔ [4598/5195] Built Mathlib.Tactic.Order.CollectFacts:c.o (3.0s)
build-full	Full build (resumable — a cold cache may need one re-run)	2026-09-27T21:06:38.1484863Z ✔ [4599/5195] Built Mathlib.Topology.Order.MonotoneContinuity:c.o (138ms)
build-full	Full build (resumable — a cold cache may need one re-run)	2026-09-27T21:06:38.1486984Z ✔ [4600/5195] Built Mathlib.Topology.UniformSpace.Real:c.o (122ms)
build-full	Full build (resumable — a cold cache may need one re-run)	2026-09-27T21:06:38.1489018Z ✔ [4601/5195] Built Mathlib.Topology.Algebra.Ring.Real:c.o (146ms)
build-full	Full build (resumable — a cold cache may need one re-run)	2026-09-27T21:06:38.2475608Z ✔ [4602/5195] Built Mathlib.Data.Finset.Fin:c.o (107ms)
build-full	Full build (resumable — a cold cache may need one re-run)	2026-09-27T21:06:38.2481347Z ✔ [4603/5195] Built Mathlib.Order.Interval.Set.Fin:c.o (129ms)
build-full	Full build (resumable — a cold cache may need one re-run)	2026-09-27T21:06:38.3495596Z ✔ [4604/5195] Built Mathlib.Order.Interval.Finset.Fin:c.o (190ms)
build-full	Full build (resumable — a cold cache may need one re-run)	2026-09-27T21:06:38.3501035Z ✔ [4605/5195] Built Mathlib.Order.Disjointed:c.o (105ms)
build-full	Full build (resumable — a cold cache may need one re-run)	2026-09-27T21:06:38.3502353Z ✔ [4606/5195] Built Mathlib.Algebra.Order.BigOperators.Group.LocallyFinite:c.o (152ms)
build-full	Full build (resumable — a cold cache may need one re-run)	2026-09-27T21:06:38.3503696Z ✔ [4607/5195] Built Mathlib.Algebra.Order.Interval.Finset.Basic:c.o (93ms)
build-full	Full build (resumable — a cold cache may need one re-run)	2026-09-27T21:06:38.4475125Z ✔ [4608/5195] Built Mathlib.Data.ENNReal.BigOperators:c.o (87ms)
build-full	Full build (resumable — a cold cache may need one re-run)	2026-09-27T21:06:38.5474908Z ✔ [4609/5195] Built Mathlib.Algebra.BigOperators.Intervals:c.o (163ms)
build-full	Full build (resumable — a cold cache may need one re-run)	2026-09-27T21:06:38.5481214Z ✔ [4610/5195] Built Mathlib.Algebra.BigOperators.WithTop:c.o (138ms)
build-full	Full build (resumable — a cold cache may need one re-run)	2026-09-27T21:06:38.6476820Z ✔ [4611/5195] Built Mathlib.Order.Filter.IsBounded:c.o (165ms)
build-full	Full build (resumable — a cold cache may need one re-run)	2026-09-27T21:06:38.8495840Z ✔ [4612/5195] Built Mathlib.Order.Hom.CompleteLattice:c.o (354ms)
build-full	Full build (resumable — a cold cache may need one re-run)	2026-09-27T21:06:38.8497389Z ✔ [4613/5195] Built Mathlib.Order.LiminfLimsup:c.o (295ms)
build-full	Full build (resumable — a cold cache may need one re-run)	2026-09-27T21:06:38.8498654Z ✔ [4614/5195] Built Mathlib.Topology.Order.MonotoneConvergence:c.o (155ms)
build-full	Full build (resumable — a cold cache may need one re-run)	2026-09-27T21:06:38.9475219Z ✔ [4615/5195] Built Mathlib.Topology.EMetricSpace.Lipschitz:c.o (152ms)
build-full	Full build (resumable — a cold cache may need one re-run)	2026-09-27T21:06:38.9476947Z ✔ [4616/5195] Built Mathlib.Algebra.Group.EvenFunction:c.o (93ms)
build-full	Full build (resumable — a cold cache may need one re-run)	2026-09-27T21:06:39.0495812Z ✔ [4617/5195] Built Mathlib.Topology.Order.LiminfLimsup:c.o (226ms)
build-full	Full build (resumable — a cold cache may need one re-run)	2026-09-27T21:06:39.0525255Z ✔ [4618/5195] Built Mathlib.Logic.Encodable.Lattice:c.o (107ms)
build-full	Full build (resumable — a cold cache may need one re-run)	2026-09-27T21:06:39.0526625Z ✔ [4619/5195] Built Mathlib.Order.Filter.AtTopBot.Finset:c.o (107ms)
build-full	Full build (resumable — a cold cache may need one re-run)	2026-09-27T21:06:39.1486599Z ✔ [4620/5195] Built Mathlib.Topology.Algebra.InfiniteSum.SummationFilter:c.o (153ms)
build-full	Full build (resumable — a cold cache may need one re-run)	2026-09-27T21:06:39.1493339Z ✔ [4621/5195] Built Mathlib.Algebra.BigOperators.Group.Finset.Preimage:c.o (97ms)
build-full	Full build (resumable — a cold cache may need one re-run)	2026-09-27T21:06:39.3480222Z ✔ [4622/5195] Built Mathlib.Order.Filter.AtTopBot.BigOperators:c.o (141ms)
build-full	Full build (resumable — a cold cache may need one re-run)	2026-09-27T21:06:39.3486555Z ✔ [4623/5195] Built Mathlib.Topology.Algebra.InfiniteSum.Basic:c.o (159ms)
build-full	Full build (resumable — a cold cache may need one re-run)	2026-09-27T21:06:39.4484812Z ✔ [4624/5195] Built Mathlib.Topology.Maps.Proper.Basic:c.o (147ms)
build-full	Full build (resumable — a cold cache may need one re-run)	2026-09-27T21:06:39.4505394Z ✔ [4625/5195] Built Mathlib.Topology.Algebra.Group.Pointwise:c.o (139ms)
build-full	Full build (resumable — a cold cache may need one re-run)	2026-09-27T21:06:39.5487295Z ✔ [4626/5195] Built Mathlib.Topology.Algebra.InfiniteSum.Defs:c.o (499ms)
build-full	Full build (resumable — a cold cache may need one re-run)	2026-09-27T21:06:39.5515433Z ✔ [4627/5195] Built Mathlib.Topology.Algebra.InfiniteSum.Group:c.o (148ms)
build-full	Full build (resumable — a cold cache may need one re-run)	2026-09-27T21:06:39.5516591Z ✔ [4628/5195] Built Mathlib.Topology.Algebra.InfiniteSum.NatInt:c.o (104ms)
build-full	Full build (resumable — a cold cache may need one re-run)	2026-09-27T21:06:39.6489358Z ✔ [4629/5195] Built Mathlib.Algebra.BigOperators.NatAntidiagonal:c.o (90ms)
build-full	Full build (resumable — a cold cache may need one re-run)	2026-09-27T21:06:39.7510066Z ✔ [4630/5195] Built Mathlib.Algebra.Ring.GeomSum:c.o (159ms)
build-full	Full build (resumable — a cold cache may need one re-run)	2026-09-27T21:06:39.8487658Z ✔ [4631/5195] Built Mathlib.Algebra.Ring.Aut:c.o (160ms)
build-full	Full build (resumable — a cold cache may need one re-run)	2026-09-27T21:06:39.9499815Z ✔ [4632/5195] Built Mathlib.Topology.Algebra.Star:c.o (162ms)
build-full	Full build (resumable — a cold cache may need one re-run)	2026-09-27T21:06:40.1489782Z ✔ [4633/5195] Built Mathlib.Algebra.Star.Basic:c.o (364ms)
build-full	Full build (resumable — a cold cache may need one re-run)	2026-09-27T21:06:40.1495975Z ✔ [4634/5195] Built Mathlib.Topology.Algebra.InfiniteSum.Constructions:c.o (136ms)
build-full	Full build (resumable — a cold cache may need one re-run)	2026-09-27T21:06:40.2489939Z ✔ [4635/5195] Built Mathlib.Topology.Algebra.InfiniteSum.Ring:c.o (101ms)
build-full	Full build (resumable — a cold cache may need one re-run)	2026-09-27T21:06:40.2496484Z ✔ [4636/5195] Built Mathlib.Topology.Instances.NNReal.Lemmas:c.o (144ms)
build-full	Full build (resumable — a cold cache may need one re-run)	2026-09-27T21:06:40.3494776Z ✔ [4637/5195] Built Mathlib.Topology.Algebra.InfiniteSum.Order:c.o (769ms)
build-full	Full build (resumable — a cold cache may need one re-run)	2026-09-27T21:06:40.3496708Z ✔ [4638/5195] Built Mathlib.Topology.MetricSpace.Pseudo.Real:c.o (113ms)
build-full	Full build (resumable — a cold cache may need one re-run)	2026-09-27T21:06:40.4498359Z ✔ [4639/5195] Built Mathlib.Data.Rat.Encodable:c.o (196ms)
build-full	Full build (resumable — a cold cache may need one re-run)	2026-09-27T21:06:40.4535251Z ✔ [4640/5195] Built Mathlib.Data.Fintype.Lattice:c.o (95ms)
build-full	Full build (resumable — a cold cache may need one re-run)	2026-09-27T21:06:40.4565141Z ✔ [4641/5195] Built Mathlib.Topology.UniformSpace.CompleteSeparated:c.o (140ms)
build-full	Full build (resumable — a cold cache may need one re-run)	2026-09-27T21:06:40.5506106Z ✔ [4642/5195] Built Mathlib.Topology.MetricSpace.Antilipschitz:c.o (127ms)
build-full	Full build (resumable — a cold cache may need one re-run)	2026-09-27T21:06:40.5507616Z ✔ [4643/5195] Built Mathlib.Topology.MetricSpace.ProperSpace.Real:c.o (119ms)
build-full	Full build (resumable — a cold cache may need one re-run)	2026-09-27T21:06:40.6515887Z ✔ [4644/5195] Built Mathlib.Topology.Metrizable.Uniformity:c.o (151ms)
build-full	Full build (resumable — a cold cache may need one re-run)	2026-09-27T21:06:40.7532819Z ✔ [4645/5195] Built Mathlib.Topology.MetricSpace.Isometry:c.o (276ms)
build-full	Full build (resumable — a cold cache may need one re-run)	2026-09-27T21:06:40.7561151Z ✔ [4646/5195] Built Mathlib.Topology.Instances.ENNReal.Lemmas:c.o (145ms)
build-full	Full build (resumable — a cold cache may need one re-run)	2026-09-27T21:06:40.8515231Z ✔ [4647/5195] Built Mathlib.Topology.Defs.Sequences:c.o (131ms)
build-full	Full build (resumable — a cold cache may need one re-run)	2026-09-27T21:06:40.8521289Z ✔ [4648/5195] Built Mathlib.Topology.Sequences:c.o (95ms)
build-full	Full build (resumable — a cold cache may need one re-run)	2026-09-27T21:06:40.8522795Z ✔ [4649/5195] Built Mathlib.Analysis.Normed.Group.Continuity:c.o (136ms)
build-full	Full build (resumable — a cold cache may need one re-run)	2026-09-27T21:06:40.9519426Z ✔ [4650/5195] Built Mathlib.Analysis.Normed.Group.Bounded:c.o (154ms)
build-full	Full build (resumable — a cold cache may need one re-run)	2026-09-27T21:06:40.9545324Z ✔ [4651/5195] Built Mathlib.Analysis.Normed.Group.Real:c.o (170ms)
build-full	Full build (resumable — a cold cache may need one re-run)	2026-09-27T21:06:40.9565369Z ✔ [4652/5195] Built Mathlib.Analysis.Normed.Group.Int:c.o (101ms)
build-full	Full build (resumable — a cold cache may need one re-run)	2026-09-27T21:06:41.0512675Z ✔ [4653/5195] Built Mathlib.Topology.Coherent:c.o (107ms)
build-full	Full build (resumable — a cold cache may need one re-run)	2026-09-27T21:06:41.1519190Z ✔ [4654/5195] Built Mathlib.Topology.UniformSpace.UniformApproximation:c.o (142ms)
build-full	Full build (resumable — a cold cache may need one re-run)	2026-09-27T21:06:41.2526488Z ✔ [4655/5195] Built Mathlib.Topology.UniformSpace.Equicontinuity:c.o (140ms)
build-full	Full build (resumable — a cold cache may need one re-run)	2026-09-27T21:06:41.3529178Z ✔ [4656/5195] Built Mathlib.Topology.UniformSpace.Equiv:c.o (355ms)
build-full	Full build (resumable — a cold cache may need one re-run)	2026-09-27T21:06:41.3530936Z ✔ [4657/5195] Built Mathlib.Topology.UniformSpace.UniformConvergenceTopology:c.o (342ms)
build-full	Full build (resumable — a cold cache may need one re-run)	2026-09-27T21:06:41.3533113Z ✔ [4658/5195] Built Mathlib.Topology.UniformSpace.HeineCantor:c.o (112ms)
build-full	Full build (resumable — a cold cache may need one re-run)	2026-09-27T21:06:41.4576321Z ✔ [4659/5195] Built Mathlib.Topology.Algebra.IsUniformGroup.Constructions:c.o (142ms)
build-full	Full build (resumable — a cold cache may need one re-run)	2026-09-27T21:06:41.5554789Z ✔ [4660/5195] Built Mathlib.Topology.Algebra.Group.Quotient:c.o (139ms)
build-full	Full build (resumable — a cold cache may need one re-run)	2026-09-27T21:06:41.5557324Z ✔ [4661/5195] Built Mathlib.Topology.Algebra.IsUniformGroup.Basic:c.o (137ms)
build-full	Full build (resumable — a cold cache may need one re-run)	2026-09-27T21:06:41.6557725Z ✔ [4662/5195] Built Mathlib.Algebra.Module.Submodule.Defs:c.o (214ms)
build-full	Full build (resumable — a cold cache may need one re-run)	2026-09-27T21:06:41.6585567Z ✔ [4663/5195] Built Mathlib.Algebra.Module.Submodule.Basic:c.o (154ms)
build-full	Full build (resumable — a cold cache may need one re-run)	2026-09-27T21:06:41.6586781Z ✔ [4664/5195] Built Mathlib.Algebra.Group.PUnit:c.o (157ms)
build-full	Full build (resumable — a cold cache may need one re-run)	2026-09-27T21:06:41.7557519Z ✔ [4665/5195] Built Mathlib.Algebra.Module.PUnit:c.o (113ms)
build-full	Full build (resumable — a cold cache may need one re-run)	2026-09-27T21:06:41.8566178Z ✔ [4666/5195] Built Mathlib.Algebra.Ring.PUnit:c.o (175ms)
build-full	Full build (resumable — a cold cache may need one re-run)	2026-09-27T21:06:41.8578945Z ✔ [4667/5195] Built Mathlib.Algebra.Module.Equiv.Opposite:c.o (128ms)
build-full	Full build (resumable — a cold cache may need one re-run)	2026-09-27T21:06:41.9554467Z ✔ [4668/5195] Built Mathlib.Algebra.Module.Submodule.Lattice:c.o (239ms)
build-full	Full build (resumable — a cold cache may need one re-run)	2026-09-27T21:06:42.0557912Z ✔ [4669/5195] Built Mathlib.Algebra.Module.Submodule.Map:c.o (171ms)
build-full	Full build (resumable — a cold cache may need one re-run)	2026-09-27T21:06:42.1557785Z ✔ [4670/5195] Built Mathlib.Algebra.Module.LinearMap.End:c.o (333ms)
build-full	Full build (resumable — a cold cache may need one re-run)	2026-09-27T21:06:42.1563431Z ✔ [4671/5195] Built Mathlib.Algebra.Module.Submodule.LinearMap:c.o (232ms)
build-full	Full build (resumable — a cold cache may need one re-run)	2026-09-27T21:06:42.2562155Z ✔ [4672/5195] Built Mathlib.Algebra.Module.Submodule.RestrictScalars:c.o (154ms)
build-full	Full build (resumable — a cold cache may need one re-run)	2026-09-27T21:06:42.2568543Z ✔ [4673/5195] Built Mathlib.Algebra.Module.Submodule.Ker:c.o (116ms)
build-full	Full build (resumable — a cold cache may need one re-run)	2026-09-27T21:06:42.3554802Z ✔ [4674/5195] Built Mathlib.Algebra.Module.Submodule.Range:c.o (167ms)
build-full	Full build (resumable — a cold cache may need one re-run)	2026-09-27T21:06:42.3560376Z ✔ [4675/5195] Built Mathlib.Algebra.Module.LinearMap.DivisionRing:c.o (151ms)
build-full	Full build (resumable — a cold cache may need one re-run)	2026-09-27T21:06:42.4565766Z ✔ [4676/5195] Built Mathlib.LinearAlgebra.Span.Defs:c.o (235ms)
build-full	Full build (resumable — a cold cache may need one re-run)	2026-09-27T21:06:42.4586469Z ✔ [4677/5195] Built Mathlib.Algebra.Module.Submodule.EqLocus:c.o (111ms)
build-full	Full build (resumable — a cold cache may need one re-run)	2026-09-27T21:06:42.5574673Z ✔ [4678/5195] Built Mathlib.Algebra.GroupWithZero.Action.Hom:c.o (136ms)
build-full	Full build (resumable — a cold cache may need one re-run)	2026-09-27T21:06:42.5585659Z ✔ [4679/5195] Built Mathlib.Algebra.Module.Torsion.Pi:c.o (89ms)
build-full	Full build (resumable — a cold cache may need one re-run)	2026-09-27T21:06:42.6560934Z ✔ [4680/5195] Built Mathlib.Algebra.Module.Hom:c.o (231ms)
build-full	Full build (resumable — a cold cache may need one re-run)	2026-09-27T21:06:42.7554599Z ✔ [4681/5195] Built Mathlib.Algebra.Module.LinearMap.Basic:c.o (140ms)
build-full	Full build (resumable — a cold cache may need one re-run)	2026-09-27T21:06:42.8554029Z ✔ [4682/5195] Built Mathlib.Algebra.Module.Prod:c.o (97ms)
build-full	Full build (resumable — a cold cache may need one re-run)	2026-09-27T21:06:42.9565780Z ✔ [4683/5195] Built Mathlib.Algebra.GroupWithZero.Action.Prod:c.o (298ms)
build-full	Full build (resumable — a cold cache may need one re-run)	2026-09-27T21:06:43.1556844Z ✔ [4684/5195] Built Mathlib.GroupTheory.GroupAction.DomAct.Basic:c.o (762ms)
build-full	Full build (resumable — a cold cache may need one re-run)	2026-09-27T21:06:43.1558370Z ✔ [4685/5195] Built Mathlib.Algebra.Group.Fin.Tuple:c.o (147ms)
build-full	Full build (resumable — a cold cache may need one re-run)	2026-09-27T21:06:43.2550328Z ✔ [4686/5195] Built Mathlib.Algebra.Ring.Hom.InjSurj:c.o (137ms)
build-full	Full build (resumable — a cold cache may need one re-run)	2026-09-27T21:06:43.3550483Z ✔ [4687/5195] Built Mathlib.Algebra.Module.Equiv.Basic:c.o (524ms)
build-full	Full build (resumable — a cold cache may need one re-run)	2026-09-27T21:06:43.4554049Z ✔ [4688/5195] Built Mathlib.Algebra.Ring.Action.Group:c.o (101ms)
build-full	Full build (resumable — a cold cache may need one re-run)	2026-09-27T21:06:43.6562557Z ✔ [4689/5195] Built Mathlib.Algebra.Algebra.Basic:c.o (441ms)
build-full	Full build (resumable — a cold cache may need one re-run)	2026-09-27T21:06:43.6575696Z ✔ [4690/5195] Built Mathlib.Algebra.Algebra.Hom:c.o (410ms)
build-full	Full build (resumable — a cold cache may need one re-run)	2026-09-27T21:06:43.7565381Z ✔ [4691/5195] Built Mathlib.Algebra.Group.Graph:c.o (104ms)
build-full	Full build (resumable — a cold cache may need one re-run)	2026-09-27T21:06:43.8585667Z ✔ [4692/5195] Built Mathlib.Algebra.Algebra.Prod:c.o (271ms)
build-full	Full build (resumable — a cold cache may need one re-run)	2026-09-27T21:06:43.9561731Z ✔ [4693/5195] Built Mathlib.Algebra.Algebra.Equiv:c.o (554ms)
build-full	Full build (resumable — a cold cache may need one re-run)	2026-09-27T21:06:43.9562985Z ✔ [4694/5195] Built Mathlib.Algebra.GroupWithZero.NonZeroDivisors:c.o (185ms)
build-full	Full build (resumable — a cold cache may need one re-run)	2026-09-27T21:06:44.1569350Z ✔ [4695/5195] Built Mathlib.Algebra.Module.Submodule.Equiv:c.o (237ms)
build-full	Full build (resumable — a cold cache may need one re-run)	2026-09-27T21:06:44.1586294Z ✔ [4696/5195] Built Mathlib.Algebra.Module.Submodule.Pointwise:c.o (193ms)
build-full	Full build (resumable — a cold cache may need one re-run)	2026-09-27T21:06:44.2595652Z ✔ [4697/5195] Built Mathlib.Order.Closure:c.o (242ms)
build-full	Full build (resumable — a cold cache may need one re-run)	2026-09-27T21:06:44.2625191Z ✔ [4698/5195] Built Mathlib.Order.SupClosed:c.o (174ms)
build-full	Full build (resumable — a cold cache may need one re-run)	2026-09-27T21:06:44.2626181Z ✔ [4699/5195] Built Mathlib.Order.SupIndep:c.o (121ms)
build-full	Full build (resumable — a cold cache may need one re-run)	2026-09-27T21:06:44.3576129Z ✔ [4700/5195] Built Mathlib.Data.Finite.Set:c.o (152ms)
build-full	Full build (resumable — a cold cache may need one re-run)	2026-09-27T21:06:44.3577983Z ✔ [4701/5195] Built Mathlib.Algebra.Module.Torsion.Field:c.o (111ms)
build-full	Full build (resumable — a cold cache may need one re-run)	2026-09-27T21:06:44.4617692Z ✔ [4702/5195] Built Mathlib.Order.CompactlyGenerated.Basic:c.o (161ms)
build-full	Full build (resumable — a cold cache may need one re-run)	2026-09-27T21:06:44.4632943Z ✔ [4703/5195] Built Mathlib.LinearAlgebra.Span.Basic:c.o (123ms)
build-full	Full build (resumable — a cold cache may need one re-run)	2026-09-27T21:06:44.7602669Z ✔ [4704/5195] Built Mathlib.LinearAlgebra.Quotient.Defs:c.o (242ms)
build-full	Full build (resumable — a cold cache may need one re-run)	2026-09-27T21:06:44.8655519Z ✔ [4705/5195] Built Mathlib.LinearAlgebra.Pi:c.o (497ms)
build-full	Full build (resumable — a cold cache may need one re-run)	2026-09-27T21:06:44.9633606Z ✔ [4706/5195] Built Mathlib.LinearAlgebra.Prod:c.o (561ms)
build-full	Full build (resumable — a cold cache may need one re-run)	2026-09-27T21:06:44.9665771Z ✔ [4707/5195] Built Mathlib.LinearAlgebra.Quotient.Basic:c.o (205ms)
build-full	Full build (resumable — a cold cache may need one re-run)	2026-09-27T21:06:45.0632621Z ✔ [4708/5195] Built Mathlib.Algebra.Module.Submodule.Invariant:c.o (161ms)
build-full	Full build (resumable — a cold cache may need one re-run)	2026-09-27T21:06:45.0633338Z ✔ [4709/5195] Built Mathlib.LinearAlgebra.GeneralLinearGroup.Basic:c.o (126ms)
build-full	Full build (resumable — a cold cache may need one re-run)	2026-09-27T21:06:45.1645602Z ✔ [4710/5195] Built Mathlib.Order.Sublattice:c.o (273ms)
build-full	Full build (resumable — a cold cache may need one re-run)	2026-09-27T21:06:45.1675330Z ✔ [4711/5195] Built Mathlib.Algebra.GroupWithZero.Idempotent:c.o (99ms)
build-full	Full build (resumable — a cold cache may need one re-run)	2026-09-27T21:06:45.2646807Z ✔ [4712/5195] Built Mathlib.Algebra.Ring.Idempotent:c.o (141ms)
build-full	Full build (resumable — a cold cache may need one re-run)	2026-09-27T21:06:45.3629455Z ✔ [4713/5195] Built Mathlib.LinearAlgebra.Projection:c.o (161ms)
build-full	Full build (resumable — a cold cache may need one re-run)	2026-09-27T21:06:45.3634857Z ✔ [4714/5195] Built Mathlib.Data.Rat.BigOperators:c.o (145ms)
build-full	Full build (resumable — a cold cache may need one re-run)	2026-09-27T21:06:45.4642438Z ✔ [4715/5195] Built Mathlib.Data.Finsupp.Basic:c.o (202ms)
build-full	Full build (resumable — a cold cache may need one re-run)	2026-09-27T21:06:45.4643847Z ✔ [4716/5195] Built Mathlib.Data.Finsupp.Option:c.o (151ms)
build-full	Full build (resumable — a cold cache may need one re-run)	2026-09-27T21:06:45.4645562Z ✔ [4717/5195] Built Mathlib.Data.Finsupp.SMulWithZero:c.o (142ms)
build-full	Full build (resumable — a cold cache may need one re-run)	2026-09-27T21:06:45.5645859Z ✔ [4718/5195] Built Mathlib.Data.Finsupp.SMul:c.o (126ms)
build-full	Full build (resumable — a cold cache may need one re-run)	2026-09-27T21:06:45.5650523Z ✔ [4719/5195] Built Mathlib.LinearAlgebra.Finsupp.LSum:c.o (98ms)
build-full	Full build (resumable — a cold cache may need one re-run)	2026-09-27T21:06:45.6644895Z ✔ [4720/5195] Built Mathlib.LinearAlgebra.Finsupp.Defs:c.o (158ms)
build-full	Full build (resumable — a cold cache may need one re-run)	2026-09-27T21:06:45.6650453Z ✔ [4721/5195] Built Mathlib.LinearAlgebra.Finsupp.Supported:c.o (145ms)
build-full	Full build (resumable — a cold cache may need one re-run)	2026-09-27T21:06:45.7648118Z ✔ [4722/5195] Built Mathlib.LinearAlgebra.Finsupp.LinearCombination:c.o (184ms)
build-full	Full build (resumable — a cold cache may need one re-run)	2026-09-27T21:06:45.7675498Z ✔ [4723/5195] Built Mathlib.Topology.Algebra.Module.Basic:c.o (125ms)
build-full	Full build (resumable — a cold cache may need one re-run)	2026-09-27T21:06:45.8640762Z ✔ [4724/5195] Built Mathlib.Data.FunLike.Ring:c.o (172ms)
build-full	Full build (resumable — a cold cache may need one re-run)	2026-09-27T21:06:46.1643429Z ✔ [4725/5195] Built Mathlib.Topology.UniformSpace.AbstractCompletion:c.o (303ms)
build-full	Full build (resumable — a cold cache may need one re-run)	2026-09-27T21:06:46.2647018Z ✔ [4726/5195] Built Mathlib.Topology.UniformSpace.Completion:c.o (117ms)
build-full	Full build (resumable — a cold cache may need one re-run)	2026-09-27T21:06:46.3645998Z ✔ [4727/5195] Built Mathlib.Topology.Algebra.SeparationQuotient.Basic:c.o (609ms)
build-full	Full build (resumable — a cold cache may need one re-run)	2026-09-27T21:06:46.3651463Z ✔ [4728/5195] Built Mathlib.Topology.Algebra.UniformMulAction:c.o (98ms)
build-full	Full build (resumable — a cold cache may need one re-run)	2026-09-27T21:06:46.4645682Z ✔ [4729/5195] Built Mathlib.Order.Interval.Set.ProjIcc:c.o (123ms)
build-full	Full build (resumable — a cold cache may need one re-run)	2026-09-27T21:06:46.5648778Z ✔ [4730/5195] Built Mathlib.Topology.Bornology.Hom:c.o (179ms)
build-full	Full build (resumable — a cold cache may need one re-run)	2026-09-27T21:06:46.5650627Z ✔ [4731/5195] Built Mathlib.Topology.MetricSpace.Lipschitz:c.o (110ms)
build-full	Full build (resumable — a cold cache may need one re-run)	2026-09-27T21:06:46.6642078Z ✔ [4732/5195] Built Mathlib.Topology.MetricSpace.Algebra:c.o (148ms)
build-full	Full build (resumable — a cold cache may need one re-run)	2026-09-27T21:06:46.7641548Z ✔ [4733/5195] Built Mathlib.Topology.MetricSpace.IsometricSMul:c.o (149ms)
build-full	Full build (resumable — a cold cache may need one re-run)	2026-09-27T21:06:46.8665776Z ✔ [4734/5195] Built Mathlib.Topology.Algebra.Module.ContinuousLinearMap.Basic:c.o (1.1s)
build-full	Full build (resumable — a cold cache may need one re-run)	2026-09-27T21:06:46.8703879Z ✔ [4735/5195] Built Mathlib.Analysis.Normed.Group.Uniform:c.o (174ms)
build-full	Full build (resumable — a cold cache may need one re-run)	2026-09-27T21:06:47.0640581Z ✔ [4736/5195] Built Mathlib.GroupTheory.Congruence.Basic:c.o (202ms)
build-full	Full build (resumable — a cold cache may need one re-run)	2026-09-27T21:06:47.2651578Z ✔ [4737/5195] Built Mathlib.Algebra.Algebra.NonUnitalHom:c.o (549ms)
build-full	Full build (resumable — a cold cache may need one re-run)	2026-09-27T21:06:47.3659181Z ✔ [4738/5195] Built Mathlib.Algebra.Algebra.NonUnitalSubalgebra:c.o (495ms)
build-full	Full build (resumable — a cold cache may need one re-run)	2026-09-27T21:06:47.4657745Z ✔ [4739/5195] Built Mathlib.RingTheory.Congruence.Defs:c.o (418ms)
build-full	Full build (resumable — a cold cache may need one re-run)	2026-09-27T21:06:47.4659336Z ✔ [4740/5195] Built Mathlib.RingTheory.Congruence.Basic:c.o (179ms)
build-full	Full build (resumable — a cold cache may need one re-run)	2026-09-27T21:06:47.4660800Z ✔ [4741/5195] Built Mathlib.GroupTheory.Congruence.Opposite:c.o (177ms)
build-full	Full build (resumable — a cold cache may need one re-run)	2026-09-27T21:06:47.5655767Z ✔ [4742/5195] Built Mathlib.RingTheory.Congruence.Opposite:c.o (107ms)
build-full	Full build (resumable — a cold cache may need one re-run)	2026-09-27T21:06:47.6665874Z ✔ [4743/5195] Built Mathlib.RingTheory.TwoSidedIdeal.Lattice:c.o (217ms)
build-full	Full build (resumable — a cold cache may need one re-run)	2026-09-27T21:06:47.6685275Z ✔ [4744/5195] Built Mathlib.RingTheory.SimpleRing.Defs:c.o (92ms)
build-full	Full build (resumable — a cold cache may need one re-run)	2026-09-27T21:06:47.7653007Z ✔ [4745/5195] Built Mathlib.RingTheory.TwoSidedIdeal.Basic:c.o (255ms)
build-full	Full build (resumable — a cold cache may need one re-run)	2026-09-27T21:06:47.7658455Z ✔ [4746/5195] Built Mathlib.RingTheory.TwoSidedIdeal.Kernel:c.o (100ms)
build-full	Full build (resumable — a cold cache may need one re-run)	2026-09-27T21:06:47.7659729Z ✔ [4747/5195] Built Mathlib.RingTheory.SimpleRing.Basic:c.o (103ms)
build-full	Full build (resumable — a cold cache may need one re-run)	2026-09-27T21:06:47.9684673Z ✔ [4748/5195] Built Mathlib.Analysis.Normed.Group.Subgroup:c.o (216ms)
build-full	Full build (resumable — a cold cache may need one re-run)	2026-09-27T21:06:48.1660526Z ✔ [4749/5195] Built Mathlib.Analysis.Normed.Group.Submodule:c.o (109ms)
build-full	Full build (resumable — a cold cache may need one re-run)	2026-09-27T21:06:48.2659693Z ✔ [4750/5195] Built Mathlib.Algebra.Algebra.Subalgebra.Basic:c.o (566ms)
build-full	Full build (resumable — a cold cache may need one re-run)	2026-09-27T21:06:48.4674546Z ✔ [4751/5195] Built Mathlib.Analysis.Normed.Group.Constructions:c.o (719ms)
build-full	Full build (resumable — a cold cache may need one re-run)	2026-09-27T21:06:48.5680075Z ✔ [4752/5195] Built Mathlib.Topology.MetricSpace.Dilation:c.o (247ms)
build-full	Full build (resumable — a cold cache may need one re-run)	2026-09-27T21:06:48.6675321Z ✔ [4753/5195] Built Mathlib.Analysis.Normed.Ring.Lemmas:c.o (272ms)
build-full	Full build (resumable — a cold cache may need one re-run)	2026-09-27T21:06:48.6676698Z ✔ [4754/5195] Built Mathlib.Data.Fintype.Fin:c.o (153ms)
build-full	Full build (resumable — a cold cache may need one re-run)	2026-09-27T21:06:48.8680174Z ✔ [4755/5195] Built Mathlib.Data.Multiset.Sort:c.o (190ms)
build-full	Full build (resumable — a cold cache may need one re-run)	2026-09-27T21:06:49.0710429Z ✔ [4756/5195] Built Mathlib.Algebra.BigOperators.Fin:c.o (375ms)
build-full	Full build (resumable — a cold cache may need one re-run)	2026-09-27T21:06:49.1716813Z ✔ [4757/5195] Built Mathlib.Data.Finset.Sort:c.o (234ms)
build-full	Full build (resumable — a cold cache may need one re-run)	2026-09-27T21:06:49.2730476Z ✔ [4758/5195] Built Mathlib.Analysis.Normed.Ring.Basic:c.o (1.1s)
build-full	Full build (resumable — a cold cache may need one re-run)	2026-09-27T21:06:49.3736909Z ✔ [4759/5195] Built Mathlib.Algebra.Field.ZMod:c.o (174ms)
build-full	Full build (resumable — a cold cache may need one re-run)	2026-09-27T21:06:49.4736016Z ✔ [4760/5195] Built Clean.Utils.Vector:c.o (378ms)
build-full	Full build (resumable — a cold cache may need one re-run)	2026-09-27T21:06:49.5740969Z ✔ [4761/5195] Built Mathlib.Combinatorics.Enumerative.Composition:c.o (536ms)
build-full	Full build (resumable — a cold cache may need one re-run)	2026-09-27T21:06:49.5765702Z ✔ [4762/5195] Built Mathlib.Algebra.Order.Group.Opposite:c.o (150ms)
build-full	Full build (resumable — a cold cache may need one re-run)	2026-09-27T21:06:49.6762342Z ✔ [4763/5195] Built Mathlib.Algebra.Star.Rat:c.o (155ms)
build-full	Full build (resumable — a cold cache may need one re-run)	2026-09-27T21:06:49.7778722Z ✔ [4764/5195] Built Mathlib.Algebra.Field.Opposite:c.o (296ms)
build-full	Full build (resumable — a cold cache may need one re-run)	2026-09-27T21:06:50.0762713Z ✔ [4765/5195] Built Mathlib.Algebra.Star.SelfAdjoint:c.o (458ms)
build-full	Full build (resumable — a cold cache may need one re-run)	2026-09-27T21:06:50.0768448Z ✔ [4766/5195] Built Mathlib.Algebra.Star.StarRingHom:c.o (319ms)
build-full	Full build (resumable — a cold cache may need one re-run)	2026-09-27T21:06:50.0770005Z ✔ [4767/5195] Built Mathlib.Tactic.ContinuousFunctionalCalculus:c.o (304ms)
build-full	Full build (resumable — a cold cache may need one re-run)	2026-09-27T21:06:50.1762230Z ✔ [4768/5195] Built Mathlib.Algebra.Star.StarProjection:c.o (145ms)
build-full	Full build (resumable — a cold cache may need one re-run)	2026-09-27T21:06:50.1767579Z ✔ [4769/5195] Built Mathlib.Algebra.Order.Star.Basic:c.o (165ms)
build-full	Full build (resumable — a cold cache may need one re-run)	2026-09-27T21:06:50.3795452Z ✔ [4770/5195] Built Clean.Utils.Field:c.o (255ms)
build-full	Full build (resumable — a cold cache may need one re-run)	2026-09-27T21:06:50.3796381Z ✔ [4771/5195] Built Clean.Utils.FiniteField:c.o (174ms)
build-full	Full build (resumable — a cold cache may need one re-run)	2026-09-27T21:06:50.3797512Z ✔ [4772/5195] Built Clean.Circuit.CircuitType:c.o (237ms)
build-full	Full build (resumable — a cold cache may need one re-run)	2026-09-27T21:06:50.6805814Z ✔ [4773/5195] Built Clean.Circuit.Lookup:c.o (295ms)
build-full	Full build (resumable — a cold cache may need one re-run)	2026-09-27T21:06:51.6775206Z ✔ [4774/5195] Built Clean.Circuit.Provable:c.o (1.3s)
build-full	Full build (resumable — a cold cache may need one re-run)	2026-09-27T21:06:51.8780164Z ✔ [4775/5195] Built Clean.Circuit.Channel:c.o (254ms)
build-full	Full build (resumable — a cold cache may need one re-run)	2026-09-27T21:06:52.1796498Z ✔ [4776/5195] Built Clean.Circuit.WitnessIRSugar:c.o (1.5s)
build-full	Full build (resumable — a cold cache may need one re-run)	2026-09-27T21:06:52.7792141Z ✔ [4777/5195] Built Mathlib.Control.Monad.Writer:c.o (622ms)
build-full	Full build (resumable — a cold cache may need one re-run)	2026-09-27T21:06:54.0898253Z ✔ [4778/5195] Built Clean.Circuit.Operations:c.o (2.1s)
build-full	Full build (resumable — a cold cache may need one re-run)	2026-09-27T21:06:54.1851625Z ✔ [4779/5195] Built Clean.Circuit.WitnessIR:c.o (3.9s)
build-full	Full build (resumable — a cold cache may need one re-run)	2026-09-27T21:06:54.1856777Z ✔ [4780/5195] Built Clean.Circuit.Basic:c.o (1.4s)
build-full	Full build (resumable — a cold cache may need one re-run)	2026-09-27T21:06:54.4855904Z ✔ [4781/5195] Built Mathlib.Tactic.LinearCombination.Lemmas:c.o (312ms)
build-full	Full build (resumable — a cold cache may need one re-run)	2026-09-27T21:06:55.2863610Z ✔ [4782/5195] Built Clean.Circuit.StructEvalSimprocs:c.o (1.3s)
build-full	Full build (resumable — a cold cache may need one re-run)	2026-09-27T21:06:55.4858775Z ✔ [4783/5195] Built ToClean.Tactic.GetElemFastPath:c.o (156ms)
build-full	Full build (resumable — a cold cache may need one re-run)	2026-09-27T21:06:55.9867190Z ✔ [4784/5195] Built Mathlib.Tactic.Ring.Compare:c.o (1.8s)
build-full	Full build (resumable — a cold cache may need one re-run)	2026-09-27T21:06:56.4865274Z ✔ [4785/5195] Built Mathlib.Tactic.LinearCombination:c.o (2.0s)
build-full	Full build (resumable — a cold cache may need one re-run)	2026-09-27T21:06:56.5863993Z ✔ [4786/5195] Built SP1Clean.Math.Word:c.o (118ms)
build-full	Full build (resumable — a cold cache may need one re-run)	2026-09-27T21:06:56.6863751Z ✔ [4787/5195] Built Mathlib.Data.List.GetD:c.o (95ms)
build-full	Full build (resumable — a cold cache may need one re-run)	2026-09-27T21:06:56.7862638Z ✔ [4788/5195] Built Batteries.Data.Nat.Bitwise.Lemmas:c.o (84ms)
build-full	Full build (resumable — a cold cache may need one re-run)	2026-09-27T21:06:56.8861230Z ✔ [4789/5195] Built Batteries.Data.Nat.Bitwise:c.o (83ms)
build-full	Full build (resumable — a cold cache may need one re-run)	2026-09-27T21:06:56.9865823Z ✔ [4790/5195] Built Mathlib.Data.Nat.Bitwise:c.o (182ms)
build-full	Full build (resumable — a cold cache may need one re-run)	2026-09-27T21:06:57.1867778Z ✔ [4791/5195] Built Clean.Utils.Bitwise:c.o (194ms)
build-full	Full build (resumable — a cold cache may need one re-run)	2026-09-27T21:06:58.2898776Z ✔ [4792/5195] Built ToClean.Circuit.StructEvalLemmas:c.o (2.3s)
build-full	Full build (resumable — a cold cache may need one re-run)	2026-09-27T21:06:58.3976080Z ✔ [4793/5195] Built SP1Clean.Math.Bitwise:c.o (205ms)
build-full	Full build (resumable — a cold cache may need one re-run)	2026-09-27T21:06:58.7971222Z ✔ [4794/5195] Built SP1Clean.Model.SP1Constraint:c.o (334ms)
build-full	Full build (resumable — a cold cache may need one re-run)	2026-09-27T21:07:00.2013331Z ✔ [4795/5195] Built Mathlib.Tactic.IntervalCases:c.o (2.0s)
build-full	Full build (resumable — a cold cache may need one re-run)	2026-09-27T21:07:00.3011697Z ✔ [4796/5195] Built SP1Clean.Extracted.ExtractionDSL:c.o (1.5s)
build-full	Full build (resumable — a cold cache may need one re-run)	2026-09-27T21:07:00.3013197Z ✔ [4797/5195] Built SP1Clean.Extracted.IsZeroOperation:c.o (142ms)
build-full	Full build (resumable — a cold cache may need one re-run)	2026-09-27T21:07:00.4017723Z ✔ [4798/5195] Built SP1Clean.Native.Operations.IsZeroOperation.RawSpec:c.o (100ms)
build-full	Full build (resumable — a cold cache may need one re-run)	2026-09-27T21:07:00.5012993Z ✔ [4799/5195] Built SP1Clean.Native.Operations.IsZeroOperation.Populate:c.o (140ms)
build-full	Full build (resumable — a cold cache may need one re-run)	2026-09-27T21:07:00.7020722Z ✔ [4800/5195] Built ToClean.Circuit.IteDecide:c.o (323ms)
build-full	Full build (resumable — a cold cache may need one re-run)	2026-09-27T21:07:00.8031726Z ✔ [4801/5195] Built SP1Clean.Model.BusMessages:c.o (311ms)
build-full	Full build (resumable — a cold cache may need one re-run)	2026-09-27T21:07:00.8045492Z ✔ [4802/5195] Built Clean.Utils.Misc:c.o (157ms)
build-full	Full build (resumable — a cold cache may need one re-run)	2026-09-27T21:07:00.9034945Z ✔ [4803/5195] Built Clean.Circuit.ExplicitAttributes:c.o (109ms)
build-full	Full build (resumable — a cold cache may need one re-run)	2026-09-27T21:07:01.7055781Z ✔ [4804/5195] Built Clean.Circuit.Formal:c.o (761ms)
build-full	Full build (resumable — a cold cache may need one re-run)	2026-09-27T21:07:02.0063229Z ✔ [4805/5195] Built Clean.Circuit.Theorems:c.o (310ms)
build-full	Full build (resumable — a cold cache may need one re-run)	2026-09-27T21:07:02.3081041Z ✔ [4806/5195] Built Clean.Circuit.Subcircuit:c.o (322ms)
build-full	Full build (resumable — a cold cache may need one re-run)	2026-09-27T21:07:02.4085931Z ✔ [4807/5195] Built Clean.Utils.Tactics.ProvableStructDeriving:c.o (6.0s)
build-full	Full build (resumable — a cold cache may need one re-run)	2026-09-27T21:07:02.7091479Z ✔ [4808/5195] Built Clean.Utils.Tactics.SpecializeAuto:c.o (431ms)
build-full	Full build (resumable — a cold cache may need one re-run)	2026-09-27T21:07:02.7093155Z ✔ [4809/5195] Built Clean.Utils.Tactics.ProvableTacticUtils:c.o (249ms)
build-full	Full build (resumable — a cold cache may need one re-run)	2026-09-27T21:07:03.0103497Z ✔ [4810/5195] Built Clean.Utils.Tactics.ProvableStructNaming:c.o (344ms)
build-full	Full build (resumable — a cold cache may need one re-run)	2026-09-27T21:07:04.3136846Z ✔ [4811/5195] Built Clean.Utils.Tactics.ProvableStructSimp:c.o (1.6s)
build-full	Full build (resumable — a cold cache may need one re-run)	2026-09-27T21:07:04.5133479Z ✔ [4812/5195] Built Clean.Utils.Tactics:c.o (132ms)
build-full	Full build (resumable — a cold cache may need one re-run)	2026-09-27T21:07:04.6148643Z ✔ [4813/5195] Built Clean.Utils.Tactics.CircuitProofStart:c.o (1.6s)
build-full	Full build (resumable — a cold cache may need one re-run)	2026-09-27T21:07:04.7153703Z ✔ [4814/5195] Built SP1Clean.Math.Gate:c.o (78ms)
build-full	Full build (resumable — a cold cache may need one re-run)	2026-09-27T21:07:04.8158675Z ✔ [4815/5195] Built SP1Clean.Model.ByteTable:c.o (294ms)
build-full	Full build (resumable — a cold cache may need one re-run)	2026-09-27T21:07:04.8159964Z ✔ [4816/5195] Built SP1Clean.Model.Channels:c.o (105ms)
build-full	Full build (resumable — a cold cache may need one re-run)	2026-09-27T21:07:05.0197177Z ✔ [4817/5195] Built SP1Clean.Extracted.CPUState:c.o (202ms)
build-full	Full build (resumable — a cold cache may need one re-run)	2026-09-27T21:07:05.3208361Z ✔ [4818/5195] Built SP1Clean.Extracted.RTypeReader:c.o (558ms)
build-full	Full build (resumable — a cold cache may need one re-run)	2026-09-27T21:07:05.3212566Z ✔ [4819/5195] Built SP1Clean.Extracted.ALUTypeReader:c.o (327ms)
build-full	Full build (resumable — a cold cache may need one re-run)	2026-09-27T21:07:05.5221470Z ✔ [4820/5195] Built SP1Clean.Extracted.ITypeReader:c.o (263ms)
build-full	Full build (resumable — a cold cache may need one re-run)	2026-09-27T21:07:05.7228154Z ✔ [4821/5195] Built SP1Clean.Extracted.JTypeReader:c.o (374ms)
build-full	Full build (resumable — a cold cache may need one re-run)	2026-09-27T21:07:05.9241022Z ✔ [4822/5195] Built SP1Clean.Extracted.U16toU8OperationUnsafe:c.o (218ms)
build-full	Full build (resumable — a cold cache may need one re-run)	2026-09-27T21:07:06.1247060Z ✔ [4823/5195] Built SP1Clean.FormalModel.Contracts.Readers:c.o (580ms)
build-full	Full build (resumable — a cold cache may need one re-run)	2026-09-27T21:07:06.1251059Z ✔ [4824/5195] Built SP1Clean.Extracted.U16MSBOperation:c.o (204ms)
build-full	Full build (resumable — a cold cache may need one re-run)	2026-09-27T21:07:06.4251152Z ✔ [4825/5195] Built SP1Clean.Extracted.U16toU8OperationSafe:c.o (269ms)
build-full	Full build (resumable — a cold cache may need one re-run)	2026-09-27T21:07:06.6258839Z ✔ [4826/5195] Built SP1Clean.Extracted.U16CompareOperation:c.o (226ms)
build-full	Full build (resumable — a cold cache may need one re-run)	2026-09-27T21:07:06.7264740Z ✔ [4827/5195] Built SP1Clean.Extracted.MulOperation:c.o (576ms)
build-full	Full build (resumable — a cold cache may need one re-run)	2026-09-27T21:07:06.8270188Z ✔ [4828/5195] Built SP1Clean.Extracted.AddrAddOperation:c.o (238ms)
build-full	Full build (resumable — a cold cache may need one re-run)	2026-09-27T21:07:06.9266652Z ✔ [4829/5195] Built SP1Clean.Extracted.AddressOperation:c.o (222ms)
build-full	Full build (resumable — a cold cache may need one re-run)	2026-09-27T21:07:07.0260278Z ✔ [4830/5195] Built SP1Clean.Extracted.IsZeroWordOperation:c.o (199ms)
build-full	Full build (resumable — a cold cache may need one re-run)	2026-09-27T21:07:07.1263399Z ✔ [4831/5195] Built SP1Clean.Extracted.IsEqualWordOperation:c.o (238ms)
build-full	Full build (resumable — a cold cache may need one re-run)	2026-09-27T21:07:07.2269495Z ✔ [4832/5195] Built SP1Clean.Extracted.LtOperationUnsigned:c.o (194ms)
build-full	Full build (resumable — a cold cache may need one re-run)	2026-09-27T21:07:07.4285931Z ✔ [4833/5195] Built Clean.Circuit.Explicit:c.o (6.5s)
build-full	Full build (resumable — a cold cache may need one re-run)	2026-09-27T21:07:07.4287407Z ✔ [4834/5195] Built SP1Clean.Extracted.LtOperationSigned:c.o (297ms)
build-full	Full build (resumable — a cold cache may need one re-run)	2026-09-27T21:07:07.9284007Z ✔ [4835/5195] Built Clean.Gadgets.Equality:c.o (492ms)
build-full	Full build (resumable — a cold cache may need one re-run)	2026-09-27T21:07:08.0282141Z ✔ [4836/5195] Built SP1Clean.FormalModel.Contracts.Operations:c.o (769ms)
build-full	Full build (resumable — a cold cache may need one re-run)	2026-09-27T21:07:08.1317625Z ✔ [4837/5195] Built SP1Clean.Native.Operations.IsZeroOperation.Defs:c.o (220ms)
build-full	Full build (resumable — a cold cache may need one re-run)	2026-09-27T21:07:08.1330375Z ✔ [4838/5195] Built SP1Clean.Proofs.Operations.IsZeroOperation.Formal:c.o (114ms)
build-full	Full build (resumable — a cold cache may need one re-run)	2026-09-27T21:07:08.1331775Z ✔ [4839/5195] Built SP1Clean.Native.Operations.IsZeroWordOperation.RawSpec:c.o (82ms)
build-full	Full build (resumable — a cold cache may need one re-run)	2026-09-27T21:07:08.3306824Z ✔ [4840/5195] Built SP1Clean.Native.Operations.IsZeroWordOperation.Defs:c.o (170ms)
build-full	Full build (resumable — a cold cache may need one re-run)	2026-09-27T21:07:08.4308080Z ✔ [4841/5195] Built SP1Clean.Native.Operations.IsZeroWordOperation.Populate:c.o (293ms)
build-full	Full build (resumable — a cold cache may need one re-run)	2026-09-27T21:07:08.5322284Z ✔ [4842/5195] Built Clean.Circuit.Loops:c.o (1.1s)
build-full	Full build (resumable — a cold cache may need one re-run)	2026-09-27T21:07:08.5323763Z ✔ [4843/5195] Built SP1Clean.Proofs.Operations.IsZeroWordOperation.Formal:c.o (168ms)
build-full	Full build (resumable — a cold cache may need one re-run)	2026-09-27T21:07:08.6302193Z ✔ [4844/5195] Built Clean.Utils.Fin:c.o (94ms)
build-full	Full build (resumable — a cold cache may need one re-run)	2026-09-27T21:07:08.7310822Z ✔ [4845/5195] Built Clean.Gadgets.Boolean:c.o (270ms)
build-full	Full build (resumable — a cold cache may need one re-run)	2026-09-27T21:07:08.7312367Z ✔ [4846/5195] Built Clean.Utils.Bits:c.o (270ms)
build-full	Full build (resumable — a cold cache may need one re-run)	2026-09-27T21:07:08.7313525Z ✔ [4847/5195] Built Clean.Gadgets.Bits:c.o (147ms)
build-full	Full build (resumable — a cold cache may need one re-run)	2026-09-27T21:07:08.8317621Z ✔ [4848/5195] Built SP1Clean.Native.Operations.WordRangeCheck:c.o (134ms)
build-full	Full build (resumable — a cold cache may need one re-run)	2026-09-27T21:07:08.8319386Z ✔ [4849/5195] Built Mathlib.Algebra.Notation.Lemmas:c.o (132ms)
build-full	Full build (resumable — a cold cache may need one re-run)	2026-09-27T21:07:08.9311027Z ✔ [4850/5195] Built Mathlib.Algebra.Order.Pi:c.o (141ms)
build-full	Full build (resumable — a cold cache may need one re-run)	2026-09-27T21:07:08.9315859Z ✔ [4851/5195] Built Mathlib.Order.Preorder.Finsupp:c.o (113ms)
build-full	Full build (resumable — a cold cache may need one re-run)	2026-09-27T21:07:09.0309961Z ✔ [4852/5195] Built Mathlib.Data.Finsupp.Order:c.o (197ms)
build-full	Full build (resumable — a cold cache may need one re-run)	2026-09-27T21:07:09.0314869Z ✔ [4853/5195] Built Mathlib.Algebra.Order.Group.PiLex:c.o (88ms)
build-full	Full build (resumable — a cold cache may need one re-run)	2026-09-27T21:07:09.2320668Z ✔ [4854/5195] Built Mathlib.Order.PiLex:c.o (323ms)
build-full	Full build (resumable — a cold cache may need one re-run)	2026-09-27T21:07:09.2324972Z ✔ [4855/5195] Built Mathlib.Data.DFinsupp.Module:c.o (221ms)
build-full	Full build (resumable — a cold cache may need one re-run)	2026-09-27T21:07:09.4330993Z ✔ [4856/5195] Built Mathlib.Data.DFinsupp.NeLocus:c.o (171ms)
build-full	Full build (resumable — a cold cache may need one re-run)	2026-09-27T21:07:09.5338625Z ✔ [4857/5195] Built Mathlib.Data.DFinsupp.Defs:c.o (515ms)
build-full	Full build (resumable — a cold cache may need one re-run)	2026-09-27T21:07:09.5342912Z ✔ [4858/5195] Built Mathlib.Data.DFinsupp.Order:c.o (275ms)
build-full	Full build (resumable — a cold cache may need one re-run)	2026-09-27T21:07:09.6347567Z ✔ [4859/5195] Built Mathlib.Data.Finsupp.ToDFinsupp:c.o (154ms)
build-full	Full build (resumable — a cold cache may need one re-run)	2026-09-27T21:07:09.7356107Z ✔ [4860/5195] Built Mathlib.Data.DFinsupp.Lex:c.o (332ms)
build-full	Full build (resumable — a cold cache may need one re-run)	2026-09-27T21:07:09.7357685Z ✔ [4861/5195] Built Mathlib.Algebra.Module.BigOperators:c.o (97ms)
build-full	Full build (resumable — a cold cache may need one re-run)	2026-09-27T21:07:09.8342996Z ✔ [4862/5195] Built Mathlib.Algebra.Group.Action.TransferInstance:c.o (115ms)
build-full	Full build (resumable — a cold cache may need one re-run)	2026-09-27T21:07:09.9343738Z ✔ [4863/5195] Built Mathlib.Data.Finsupp.Lex:c.o (364ms)
build-full	Full build (resumable — a cold cache may need one re-run)	2026-09-27T21:07:09.9345497Z ✔ [4864/5195] Built Mathlib.Algebra.GroupWithZero.Action.TransferInstance:c.o (174ms)
build-full	Full build (resumable — a cold cache may need one re-run)	2026-09-27T21:07:09.9346742Z ✔ [4865/5195] Built Mathlib.Algebra.Module.TransferInstance:c.o (131ms)
build-full	Full build (resumable — a cold cache may need one re-run)	2026-09-27T21:07:10.0394927Z ✔ [4866/5195] Built Mathlib.Algebra.MonoidAlgebra.MapDomain:c.o (148ms)
build-full	Full build (resumable — a cold cache may need one re-run)	2026-09-27T21:07:10.0396613Z ✔ [4867/5195] Built Mathlib.Algebra.MonoidAlgebra.Lift:c.o (87ms)
build-full	Full build (resumable — a cold cache may need one re-run)	2026-09-27T21:07:10.2425005Z ✔ [4868/5195] Built Mathlib.Algebra.MonoidAlgebra.Defs:c.o (293ms)
build-full	Full build (resumable — a cold cache may need one re-run)	2026-09-27T21:07:10.2426615Z ✔ [4869/5195] Built Mathlib.LinearAlgebra.Basis.Defs:c.o (140ms)
build-full	Full build (resumable — a cold cache may need one re-run)	2026-09-27T21:07:10.2428019Z ✔ [4870/5195] Built Mathlib.Algebra.MonoidAlgebra.Module:c.o (174ms)
build-full	Full build (resumable — a cold cache may need one re-run)	2026-09-27T21:07:10.3428046Z ✔ [4871/5195] Built Mathlib.Algebra.MonoidAlgebra.Support:c.o (139ms)
build-full	Full build (resumable — a cold cache may need one re-run)	2026-09-27T21:07:10.3455880Z ✔ [4872/5195] Built Mathlib.Algebra.MonoidAlgebra.Degree:c.o (105ms)
build-full	Full build (resumable — a cold cache may need one re-run)	2026-09-27T21:07:10.3457318Z ✔ [4873/5195] Built Mathlib.Algebra.Group.Shrink:c.o (126ms)
build-full	Full build (resumable — a cold cache may need one re-run)	2026-09-27T21:07:10.4422237Z ✔ [4874/5195] Built Mathlib.Algebra.Module.Shrink:c.o (138ms)
build-full	Full build (resumable — a cold cache may need one re-run)	2026-09-27T21:07:10.4423727Z ✔ [4875/5195] Built Mathlib.Algebra.Module.Submodule.Bilinear:c.o (102ms)
build-full	Full build (resumable — a cold cache may need one re-run)	2026-09-27T21:07:10.6420184Z ✔ [4876/5195] Built Mathlib.LinearAlgebra.TensorProduct.Basic:c.o (207ms)
build-full	Full build (resumable — a cold cache may need one re-run)	2026-09-27T21:07:10.8428781Z ✔ [4877/5195] Built Mathlib.LinearAlgebra.BilinearMap:c.o (478ms)
build-full	Full build (resumable — a cold cache may need one re-run)	2026-09-27T21:07:10.9512380Z ✔ [4878/5195] Built Mathlib.LinearAlgebra.TensorProduct.Defs:c.o (559ms)
build-full	Full build (resumable — a cold cache may need one re-run)	2026-09-27T21:07:10.9514452Z ✔ [4879/5195] Built Mathlib.LinearAlgebra.TensorProduct.Map:c.o (234ms)
build-full	Full build (resumable — a cold cache may need one re-run)	2026-09-27T21:07:11.0495697Z ✔ [4880/5195] Built Mathlib.Algebra.Algebra.Bilinear:c.o (261ms)
build-full	Full build (resumable — a cold cache may need one re-run)	2026-09-27T21:07:11.1493595Z ✔ [4881/5195] Built Mathlib.Algebra.Algebra.Opposite:c.o (252ms)
build-full	Full build (resumable — a cold cache may need one re-run)	2026-09-27T21:07:11.1495870Z ✔ [4882/5195] Built Mathlib.Algebra.Group.Pointwise.Set.BigOperators:c.o (150ms)
build-full	Full build (resumable — a cold cache may need one re-run)	2026-09-27T21:07:11.1497479Z ✔ [4883/5195] Built Mathlib.Algebra.Module.Submodule.Finsupp:c.o (88ms)
build-full	Full build (resumable — a cold cache may need one re-run)	2026-09-27T21:07:11.2496818Z ✔ [4884/5195] Built Mathlib.Algebra.Ring.NonZeroDivisors:c.o (93ms)
build-full	Full build (resumable — a cold cache may need one re-run)	2026-09-27T21:07:11.3497550Z ✔ [4885/5195] Built Mathlib.Algebra.Ring.Submonoid.Pointwise:c.o (214ms)
build-full	Full build (resumable — a cold cache may need one re-run)	2026-09-27T21:07:11.3499320Z ✔ [4886/5195] Built Mathlib.Data.Set.Semiring:c.o (134ms)
build-full	Full build (resumable — a cold cache may need one re-run)	2026-09-27T21:07:11.4491369Z ✔ [4887/5195] Built Mathlib.GroupTheory.GroupAction.SubMulAction.Pointwise:c.o (115ms)
build-full	Full build (resumable — a cold cache may need one re-run)	2026-09-27T21:07:11.5491304Z ✔ [4888/5195] Built Mathlib.Algebra.Order.Kleene:c.o (438ms)
build-full	Full build (resumable — a cold cache may need one re-run)	2026-09-27T21:07:11.6495510Z ✔ [4889/5195] Built Mathlib.Algebra.Algebra.Operations:c.o (301ms)
build-full	Full build (resumable — a cold cache may need one re-run)	2026-09-27T21:07:11.7491953Z ✔ [4890/5195] Built Mathlib.Algebra.MonoidAlgebra.Basic:c.o (113ms)
build-full	Full build (resumable — a cold cache may need one re-run)	2026-09-27T21:07:11.8548108Z ✔ [4891/5195] Built Mathlib.Algebra.Algebra.Tower:c.o (261ms)
build-full	Full build (resumable — a cold cache may need one re-run)	2026-09-27T21:07:11.8552514Z ✔ [4892/5195] Built Mathlib.Algebra.Group.UniqueProds.Basic:c.o (138ms)
build-full	Full build (resumable — a cold cache may need one re-run)	2026-09-27T21:07:11.9546075Z ✔ [4893/5195] Built Mathlib.Algebra.Algebra.Subalgebra.Lattice:c.o (515ms)
build-full	Full build (resumable — a cold cache may need one re-run)	2026-09-27T21:07:11.9555810Z ✔ [4894/5195] Built Mathlib.Algebra.MonoidAlgebra.Opposite:c.o (143ms)
build-full	Full build (resumable — a cold cache may need one re-run)	2026-09-27T21:07:11.9557240Z ✔ [4895/5195] Built Mathlib.Algebra.MonoidAlgebra.NoZeroDivisors:c.o (93ms)
build-full	Full build (resumable — a cold cache may need one re-run)	2026-09-27T21:07:12.0616292Z ✔ [4896/5195] Built Mathlib.Algebra.Order.Group.Finset:c.o (106ms)
build-full	Full build (resumable — a cold cache may need one re-run)	2026-09-27T21:07:12.1590714Z ✔ [4897/5195] Built Mathlib.Algebra.Regular.Pow:c.o (142ms)
build-full	Full build (resumable — a cold cache may need one re-run)	2026-09-27T21:07:12.1592228Z ✔ [4898/5195] Built Mathlib.Data.Finsupp.Multiset:c.o (177ms)
build-full	Full build (resumable — a cold cache may need one re-run)	2026-09-27T21:07:12.1593752Z ✔ [4899/5195] Built Mathlib.Data.Finsupp.Antidiagonal:c.o (102ms)
build-full	Full build (resumable — a cold cache may need one re-run)	2026-09-27T21:07:12.3600865Z ✔ [4900/5195] Built Mathlib.Algebra.MvPolynomial.Eval:c.o (213ms)
build-full	Full build (resumable — a cold cache may need one re-run)	2026-09-27T21:07:12.4615674Z ✔ [4901/5195] Built Mathlib.Tactic.Polynomial.Core:c.o (397ms)
build-full	Full build (resumable — a cold cache may need one re-run)	2026-09-27T21:07:12.4616652Z ✔ [4902/5195] Built Mathlib.Algebra.MvPolynomial.Basic:c.o (271ms)
build-full	Full build (resumable — a cold cache may need one re-run)	2026-09-27T21:07:12.5613181Z ✔ [4903/5195] Built Mathlib.Algebra.MvPolynomial.Rename:c.o (132ms)
build-full	Full build (resumable — a cold cache may need one re-run)	2026-09-27T21:07:12.5617646Z ✔ [4904/5195] Built Mathlib.Algebra.MvPolynomial.Degrees:c.o (142ms)
build-full	Full build (resumable — a cold cache may need one re-run)	2026-09-27T21:07:12.6611788Z ✔ [4905/5195] Built Mathlib.Algebra.MvPolynomial.Variables:c.o (146ms)
build-full	Full build (resumable — a cold cache may need one re-run)	2026-09-27T21:07:12.6616322Z ✔ [4906/5195] Built Mathlib.Algebra.MvPolynomial.CommRing:c.o (147ms)
build-full	Full build (resumable — a cold cache may need one re-run)	2026-09-27T21:07:12.6617731Z ✔ [4907/5195] Built Mathlib.Data.Finsupp.Fin:c.o (91ms)
build-full	Full build (resumable — a cold cache may need one re-run)	2026-09-27T21:07:12.7610386Z ✔ [4908/5195] Built Mathlib.Algebra.BigOperators.Finsupp.Fin:c.o (143ms)
build-full	Full build (resumable — a cold cache may need one re-run)	2026-09-27T21:07:12.8618379Z ✔ [4909/5195] Built Mathlib.Algebra.Algebra.Pi:c.o (195ms)
build-full	Full build (resumable — a cold cache may need one re-run)	2026-09-27T21:07:13.0628364Z ✔ [4910/5195] Built Mathlib.Algebra.Polynomial.Eval.Defs:c.o (192ms)
build-full	Full build (resumable — a cold cache may need one re-run)	2026-09-27T21:07:13.1638139Z ✔ [4911/5195] Built Mathlib.Algebra.Group.AddChar:c.o (517ms)
build-full	Full build (resumable — a cold cache may need one re-run)	2026-09-27T21:07:13.1639842Z ✔ [4912/5195] Built Mathlib.Algebra.Polynomial.Basic:c.o (418ms)
build-full	Full build (resumable — a cold cache may need one re-run)	2026-09-27T21:07:13.1641300Z ✔ [4913/5195] Built Mathlib.Algebra.Polynomial.Eval.Algebra:c.o (92ms)
build-full	Full build (resumable — a cold cache may need one re-run)	2026-09-27T21:07:13.2633114Z ✔ [4914/5195] Built Mathlib.Data.Nat.Choose.Sum:c.o (102ms)
build-full	Full build (resumable — a cold cache may need one re-run)	2026-09-27T21:07:13.2665822Z ✔ [4915/5195] Built Mathlib.Data.Nat.Cast.WithTop:c.o (102ms)
build-full	Full build (resumable — a cold cache may need one re-run)	2026-09-27T21:07:13.3691676Z ✔ [4916/5195] Built Mathlib.Algebra.Polynomial.Coeff:c.o (166ms)
build-full	Full build (resumable — a cold cache may need one re-run)	2026-09-27T21:07:13.3692480Z ✔ [4917/5195] Built Mathlib.Algebra.Polynomial.Degree.Operations:c.o (113ms)
build-full	Full build (resumable — a cold cache may need one re-run)	2026-09-27T21:07:13.4686143Z ✔ [4918/5195] Built Mathlib.Algebra.Polynomial.Degree.Defs:c.o (200ms)
build-full	Full build (resumable — a cold cache may need one re-run)	2026-09-27T21:07:13.4687863Z ✔ [4919/5195] Built Mathlib.Algebra.Polynomial.Degree.Support:c.o (124ms)
build-full	Full build (resumable — a cold cache may need one re-run)	2026-09-27T21:07:13.4689725Z ✔ [4920/5195] Built Mathlib.Algebra.Polynomial.Degree.Domain:c.o (102ms)
build-full	Full build (resumable — a cold cache may need one re-run)	2026-09-27T21:07:13.5695774Z ✔ [4921/5195] Built Mathlib.Data.Nat.WithBot:c.o (130ms)
build-full	Full build (resumable — a cold cache may need one re-run)	2026-09-27T21:07:13.5696787Z ✔ [4922/5195] Built Mathlib.Algebra.Polynomial.Degree.SmallDegree:c.o (130ms)
build-full	Full build (resumable — a cold cache may need one re-run)	2026-09-27T21:07:13.5697778Z ✔ [4923/5195] Built Mathlib.Algebra.Polynomial.Degree.Units:c.o (91ms)
build-full	Full build (resumable — a cold cache may need one re-run)	2026-09-27T21:07:13.6695074Z ✔ [4924/5195] Built Mathlib.Algebra.Polynomial.Eval.Coeff:c.o (113ms)
build-full	Full build (resumable — a cold cache may need one re-run)	2026-09-27T21:07:13.7694433Z ✔ [4925/5195] Built Mathlib.Algebra.Polynomial.Eval.Degree:c.o (145ms)
build-full	Full build (resumable — a cold cache may need one re-run)	2026-09-27T21:07:13.7715695Z ✔ [4926/5195] Built Mathlib.Algebra.Polynomial.Monomial:c.o (146ms)
build-full	Full build (resumable — a cold cache may need one re-run)	2026-09-27T21:07:13.7755502Z ✔ [4927/5195] Built Mathlib.Algebra.Polynomial.AlgebraMap:c.o (125ms)
build-full	Full build (resumable — a cold cache may need one re-run)	2026-09-27T21:07:13.8697807Z ✔ [4928/5195] Built Mathlib.Algebra.Polynomial.Degree.Lemmas:c.o (128ms)
build-full	Full build (resumable — a cold cache may need one re-run)	2026-09-27T21:07:13.8701867Z ✔ [4929/5195] Built Mathlib.Algebra.MvPolynomial.Equiv:c.o (114ms)
build-full	Full build (resumable — a cold cache may need one re-run)	2026-09-27T21:07:13.9699553Z ✔ [4930/5195] Built Mathlib.Algebra.Polynomial.Degree.TrailingDegree:c.o (213ms)
build-full	Full build (resumable — a cold cache may need one re-run)	2026-09-27T21:07:13.9701422Z ✔ [4931/5195] Built Mathlib.Algebra.Polynomial.Degree.Monomial:c.o (91ms)
build-full	Full build (resumable — a cold cache may need one re-run)	2026-09-27T21:07:13.9702842Z ✔ [4932/5195] Built Mathlib.Algebra.Polynomial.EraseLead:c.o (149ms)
build-full	Full build (resumable — a cold cache may need one re-run)	2026-09-27T21:07:14.0691857Z ✔ [4933/5195] Built Mathlib.Algebra.Polynomial.Reverse:c.o (141ms)
build-full	Full build (resumable — a cold cache may need one re-run)	2026-09-27T21:07:14.0695586Z ✔ [4934/5195] Built Mathlib.Algebra.Polynomial.Monic:c.o (108ms)
build-full	Full build (resumable — a cold cache may need one re-run)	2026-09-27T21:07:14.1689822Z ✔ [4935/5195] Built Mathlib.Algebra.Order.SuccPred.PartialSups:c.o (86ms)
build-full	Full build (resumable — a cold cache may need one re-run)	2026-09-27T21:07:14.2699618Z ✔ [4936/5195] Built Mathlib.Algebra.Polynomial.BigOperators:c.o (155ms)
build-full	Full build (resumable — a cold cache may need one re-run)	2026-09-27T21:07:14.2701453Z ✔ [4937/5195] Built Mathlib.LinearAlgebra.Finsupp.Pi:c.o (112ms)
build-full	Full build (resumable — a cold cache may need one re-run)	2026-09-27T21:07:14.3693379Z ✔ [4938/5195] Built Mathlib.LinearAlgebra.LinearIndependent.Defs:c.o (354ms)
build-full	Full build (resumable — a cold cache may need one re-run)	2026-09-27T21:07:14.3697578Z ✔ [4939/5195] Built Mathlib.GroupTheory.Finiteness:c.o (99ms)
build-full	Full build (resumable — a cold cache may need one re-run)	2026-09-27T21:07:14.4760961Z ✔ [4940/5195] Built Mathlib.RingTheory.Ideal.Defs:c.o (109ms)
build-full	Full build (resumable — a cold cache may need one re-run)	2026-09-27T21:07:14.4764680Z ✔ [4941/5195] Built Mathlib.RingTheory.Ideal.Lattice:c.o (137ms)
build-full	Full build (resumable — a cold cache may need one re-run)	2026-09-27T21:07:14.5749313Z ✔ [4942/5195] Built Mathlib.RingTheory.Ideal.Span:c.o (149ms)
build-full	Full build (resumable — a cold cache may need one re-run)	2026-09-27T21:07:14.7757235Z ✔ [4943/5195] Built Mathlib.RingTheory.Finiteness.Defs:c.o (168ms)
build-full	Full build (resumable — a cold cache may need one re-run)	2026-09-27T21:07:14.8750973Z ✔ [4944/5195] Built Mathlib.GroupTheory.FreeGroup.Basic:c.o (655ms)
build-full	Full build (resumable — a cold cache may need one re-run)	2026-09-27T21:07:15.0757801Z ✔ [4945/5195] Built Mathlib.RingTheory.Finiteness.Basic:c.o (319ms)
build-full	Full build (resumable — a cold cache may need one re-run)	2026-09-27T21:07:15.0759274Z ✔ [4946/5195] Built Mathlib.RingTheory.Noetherian.Defs:c.o (147ms)
build-full	Full build (resumable — a cold cache may need one re-run)	2026-09-27T21:07:15.2754925Z ✔ [4947/5195] Built Mathlib.Order.Cofinal:c.o (166ms)
build-full	Full build (resumable — a cold cache may need one re-run)	2026-09-27T21:07:15.3785897Z ✔ [4948/5195] Built Mathlib.Algebra.Module.Congruence.Defs:c.o (391ms)
build-full	Full build (resumable — a cold cache may need one re-run)	2026-09-27T21:07:15.3815499Z ✔ [4949/5195] Built Mathlib.SetTheory.Cardinal.Cofinality.Basic:c.o (154ms)
build-full	Full build (resumable — a cold cache may need one re-run)	2026-09-27T21:07:15.4765725Z ✔ [4950/5195] Built Mathlib.Order.DirSupClosed:c.o (99ms)
build-full	Full build (resumable — a cold cache may need one re-run)	2026-09-27T21:07:15.5775792Z ✔ [4951/5195] Built Mathlib.Order.SuccPred.InitialSeg:c.o (155ms)
build-full	Full build (resumable — a cold cache may need one re-run)	2026-09-27T21:07:15.5776719Z ✔ [4952/5195] Built Mathlib.Order.IsNormal:c.o (96ms)
build-full	Full build (resumable — a cold cache may need one re-run)	2026-09-27T21:07:15.6765106Z ✔ [4953/5195] Built Mathlib.SetTheory.Ordinal.Arithmetic:c.o (94ms)
build-full	Full build (resumable — a cold cache may need one re-run)	2026-09-27T21:07:15.7768086Z ✔ [4954/5195] Built Mathlib.SetTheory.Ordinal.Family:c.o (111ms)
build-full	Full build (resumable — a cold cache may need one re-run)	2026-09-27T21:07:15.8765612Z ✔ [4955/5195] Built Mathlib.SetTheory.Ordinal.Basic:c.o (379ms)
build-full	Full build (resumable — a cold cache may need one re-run)	2026-09-27T21:07:15.8769149Z ✔ [4956/5195] Built Mathlib.SetTheory.Ordinal.Univ:c.o (88ms)
build-full	Full build (resumable — a cold cache may need one re-run)	2026-09-27T21:07:15.9765355Z ✔ [4957/5195] Built Mathlib.SetTheory.Cardinal.Cofinality.Enum:c.o (92ms)
build-full	Full build (resumable — a cold cache may need one re-run)	2026-09-27T21:07:16.0768466Z ✔ [4958/5195] Built Mathlib.SetTheory.Ordinal.Enum:c.o (144ms)
build-full	Full build (resumable — a cold cache may need one re-run)	2026-09-27T21:07:16.0772367Z ✔ [4959/5195] Built Mathlib.Logic.Small.List:c.o (90ms)
build-full	Full build (resumable — a cold cache may need one re-run)	2026-09-27T21:07:16.1778559Z ✔ [4960/5195] Built Mathlib.SetTheory.Ordinal.Exponential:c.o (97ms)
build-full	Full build (resumable — a cold cache may need one re-run)	2026-09-27T21:07:16.1780195Z ✔ [4961/5195] Built Mathlib.SetTheory.Ordinal.FixedPoint:c.o (141ms)
build-full	Full build (resumable — a cold cache may need one re-run)	2026-09-27T21:07:16.2795605Z ✔ [4962/5195] Built Mathlib.SetTheory.Ordinal.Principal:c.o (94ms)
build-full	Full build (resumable — a cold cache may need one re-run)	2026-09-27T21:07:16.2796996Z ✔ [4963/5195] Built Mathlib.SetTheory.Cardinal.Arithmetic:c.o (85ms)
build-full	Full build (resumable — a cold cache may need one re-run)	2026-09-27T21:07:16.3776424Z ✔ [4964/5195] Built Mathlib.SetTheory.Cardinal.Cofinality.Ordinal:c.o (89ms)
build-full	Full build (resumable — a cold cache may need one re-run)	2026-09-27T21:07:16.4773898Z ✔ [4965/5195] Built Mathlib.SetTheory.Cardinal.Aleph:c.o (254ms)
build-full	Full build (resumable — a cold cache may need one re-run)	2026-09-27T21:07:16.4777461Z ✔ [4966/5195] Built Mathlib.SetTheory.Cardinal.Ordinal:c.o (97ms)
build-full	Full build (resumable — a cold cache may need one re-run)	2026-09-27T21:07:16.5787575Z ✔ [4967/5195] Built Mathlib.SetTheory.Ordinal.FundamentalSequence:c.o (148ms)
build-full	Full build (resumable — a cold cache may need one re-run)	2026-09-27T21:07:16.5815395Z ✔ [4968/5195] Built Mathlib.SetTheory.Cardinal.Regular:c.o (96ms)
build-full	Full build (resumable — a cold cache may need one re-run)	2026-09-27T21:07:16.7772764Z ✔ [4969/5195] Built Mathlib.SetTheory.Cardinal.Pigeonhole:c.o (143ms)
build-full	Full build (resumable — a cold cache may need one re-run)	2026-09-27T21:07:16.7776633Z ✔ [4970/5195] Built Mathlib.LinearAlgebra.Basis.Cardinality:c.o (165ms)
build-full	Full build (resumable — a cold cache may need one re-run)	2026-09-27T21:07:16.8772493Z ✔ [4971/5195] Built Mathlib.Data.DFinsupp.Ext:c.o (142ms)
build-full	Full build (resumable — a cold cache may need one re-run)	2026-09-27T21:07:16.8786010Z ✔ [4972/5195] Built Mathlib.Data.DFinsupp.BigOperators:c.o (149ms)
build-full	Full build (resumable — a cold cache may need one re-run)	2026-09-27T21:07:16.9775774Z ✔ [4973/5195] Built Mathlib.Data.DFinsupp.Submonoid:c.o (140ms)
build-full	Full build (resumable — a cold cache may need one re-run)	2026-09-27T21:07:17.0769695Z ✔ [4974/5195] Built Mathlib.Data.List.Pi:c.o (186ms)
build-full	Full build (resumable — a cold cache may need one re-run)	2026-09-27T21:07:17.1778167Z ✔ [4975/5195] Built Mathlib.Tactic.Algebraize:c.o (2.7s)
build-full	Full build (resumable — a cold cache may need one re-run)	2026-09-27T21:07:17.2783397Z ✔ [4976/5195] Built Mathlib.Data.Fintype.Quotient:c.o (242ms)
build-full	Full build (resumable — a cold cache may need one re-run)	2026-09-27T21:07:17.2784959Z ✔ [4977/5195] Built Mathlib.Data.DFinsupp.Sigma:c.o (230ms)
build-full	Full build (resumable — a cold cache may need one re-run)	2026-09-27T21:07:17.2785961Z ✔ [4978/5195] Built Mathlib.LinearAlgebra.Finsupp.SumProd:c.o (92ms)
build-full	Full build (resumable — a cold cache may need one re-run)	2026-09-27T21:07:17.3798885Z ✔ [4979/5195] Built Mathlib.Logic.Equiv.Fin.Rotate:c.o (122ms)
build-full	Full build (resumable — a cold cache may need one re-run)	2026-09-27T21:07:17.4782284Z ✔ [4980/5195] Built Mathlib.LinearAlgebra.LinearIndependent.Basic:c.o (88ms)
build-full	Full build (resumable — a cold cache may need one re-run)	2026-09-27T21:07:17.5779517Z ✔ [4981/5195] Built Mathlib.LinearAlgebra.Dual.Defs:c.o (248ms)
build-full	Full build (resumable — a cold cache may need one re-run)	2026-09-27T21:07:17.7788917Z ✔ [4982/5195] Built Mathlib.LinearAlgebra.LinearIndependent.Lemmas:c.o (201ms)
build-full	Full build (resumable — a cold cache may need one re-run)	2026-09-27T21:07:18.0815972Z ✔ [4983/5195] Built Mathlib.LinearAlgebra.DFinsupp:c.o (322ms)
build-full	Full build (resumable — a cold cache may need one re-run)	2026-09-27T21:07:18.1805974Z ✔ [4984/5195] Built Mathlib.LinearAlgebra.Quotient.Card:c.o (143ms)
build-full	Full build (resumable — a cold cache may need one re-run)	2026-09-27T21:07:18.3801334Z ✔ [4985/5195] Built Mathlib.LinearAlgebra.Isomorphisms:c.o (199ms)
build-full	Full build (resumable — a cold cache may need one re-run)	2026-09-27T21:07:18.5819934Z ✔ [4986/5195] Built Mathlib.Data.Fin.Tuple.Reflection:c.o (1.3s)
build-full	Full build (resumable — a cold cache may need one re-run)	2026-09-27T21:07:18.5835978Z ✔ [4987/5195] Built Mathlib.GroupTheory.Abelianization.Defs:c.o (199ms)
build-full	Full build (resumable — a cold cache may need one re-run)	2026-09-27T21:07:18.6823414Z ✔ [4988/5195] Built Mathlib.Algebra.FreeAbelianGroup.Finsupp:c.o (90ms)
build-full	Full build (resumable — a cold cache may need one re-run)	2026-09-27T21:07:18.7855745Z ✔ [4989/5195] Built Mathlib.Data.Finsupp.Fintype:c.o (94ms)
build-full	Full build (resumable — a cold cache may need one re-run)	2026-09-27T21:07:18.8838725Z ✔ [4990/5195] Built Mathlib.LinearAlgebra.Basis.Basic:c.o (139ms)
build-full	Full build (resumable — a cold cache may need one re-run)	2026-09-27T21:07:18.9842323Z ✔ [4991/5195] Built Mathlib.LinearAlgebra.FreeModule.Basic:c.o (99ms)
build-full	Full build (resumable — a cold cache may need one re-run)	2026-09-27T21:07:19.0848634Z ✔ [4992/5195] Built Mathlib.LinearAlgebra.Finsupp.Span:c.o (88ms)
build-full	Full build (resumable — a cold cache may need one re-run)	2026-09-27T21:07:19.1843100Z ✔ [4993/5195] Built Mathlib.LinearAlgebra.Finsupp.VectorSpace:c.o (105ms)
build-full	Full build (resumable — a cold cache may need one re-run)	2026-09-27T21:07:19.2848738Z ✔ [4994/5195] Built Mathlib.GroupTheory.FreeAbelianGroup:c.o (750ms)
build-full	Full build (resumable — a cold cache may need one re-run)	2026-09-27T21:07:19.2850543Z ✔ [4995/5195] Built Mathlib.LinearAlgebra.StdBasis:c.o (93ms)
build-full	Full build (resumable — a cold cache may need one re-run)	2026-09-27T21:07:19.3856240Z ✔ [4996/5195] Built Mathlib.RingTheory.Finiteness.Cardinality:c.o (103ms)
build-full	Full build (resumable — a cold cache may need one re-run)	2026-09-27T21:07:19.3865874Z ✔ [4997/5195] Built Mathlib.Algebra.Exact.Basic:c.o (128ms)
build-full	Full build (resumable — a cold cache may need one re-run)	2026-09-27T21:07:19.4848188Z ✔ [4998/5195] Built Mathlib.RingTheory.Finiteness.Finsupp:c.o (100ms)
build-full	Full build (resumable — a cold cache may need one re-run)	2026-09-27T21:07:19.5841881Z ✔ [4999/5195] Built Mathlib.Algebra.Order.SuccPred.WithBot:c.o (123ms)
build-full	Full build (resumable — a cold cache may need one re-run)	2026-09-27T21:07:19.5845439Z ✔ [5000/5195] Built Mathlib.Data.ENat.Lattice:c.o (104ms)
build-full	Full build (resumable — a cold cache may need one re-run)	2026-09-27T21:07:19.6841843Z ✔ [5001/5195] Built Mathlib.Order.KrullDimension:c.o (145ms)
build-full	Full build (resumable — a cold cache may need one re-run)	2026-09-27T21:07:19.8848606Z ✔ [5002/5195] Built Mathlib.RingTheory.Coprime.Basic:c.o (160ms)
build-full	Full build (resumable — a cold cache may need one re-run)	2026-09-27T21:07:19.9865848Z ✔ [5003/5195] Built Mathlib.Order.RelSeries:c.o (423ms)
build-full	Full build (resumable — a cold cache may need one re-run)	2026-09-27T21:07:19.9867133Z ✔ [5004/5195] Built Mathlib.RingTheory.Coprime.Lemmas:c.o (146ms)
build-full	Full build (resumable — a cold cache may need one re-run)	2026-09-27T21:07:20.0846998Z ✔ [5005/5195] Built Mathlib.Algebra.Field.IsField:c.o (137ms)
build-full	Full build (resumable — a cold cache may need one re-run)	2026-09-27T21:07:20.0848678Z ✔ [5006/5195] Built Mathlib.RingTheory.Ideal.Prime:c.o (91ms)
build-full	Full build (resumable — a cold cache may need one re-run)	2026-09-27T21:07:20.1840692Z ✔ [5007/5195] Built Mathlib.RingTheory.Ideal.Maximal:c.o (91ms)
build-full	Full build (resumable — a cold cache may need one re-run)	2026-09-27T21:07:20.2868172Z ✔ [5008/5195] Built Mathlib.RingTheory.Ideal.Basic:c.o (144ms)
build-full	Full build (resumable — a cold cache may need one re-run)	2026-09-27T21:07:20.3854646Z ✔ [5009/5195] Built Mathlib.RingTheory.Ideal.Operations:c.o (147ms)
build-full	Full build (resumable — a cold cache may need one re-run)	2026-09-27T21:07:20.3857053Z ✔ [5010/5195] Built Mathlib.RingTheory.Ideal.Prod:c.o (95ms)
build-full	Full build (resumable — a cold cache may need one re-run)	2026-09-27T21:07:20.4850658Z ✔ [5011/5195] Built Mathlib.RingTheory.Ideal.Maps:c.o (250ms)
build-full	Full build (resumable — a cold cache may need one re-run)	2026-09-27T21:07:20.4853117Z ✔ [5012/5195] Built Mathlib.RingTheory.Noetherian.Basic:c.o (105ms)
build-full	Full build (resumable — a cold cache may need one re-run)	2026-09-27T21:07:20.6850535Z ✔ [5013/5195] Built Mathlib.RingTheory.Polynomial.Basic:c.o (159ms)
build-full	Full build (resumable — a cold cache may need one re-run)	2026-09-27T21:07:20.6852188Z ✔ [5014/5195] Built Mathlib.Tactic.NormNum.PowMod:c.o (194ms)
build-full	Full build (resumable — a cold cache may need one re-run)	2026-09-27T21:07:20.7854533Z ✔ [5015/5195] Built Mathlib.Tactic.ReduceModChar.Ext:c.o (153ms)
build-full	Full build (resumable — a cold cache may need one re-run)	2026-09-27T21:07:20.9852831Z ✔ [5016/5195] Built Mathlib.Algebra.MonoidAlgebra.Division:c.o (223ms)
build-full	Full build (resumable — a cold cache may need one re-run)	2026-09-27T21:07:21.1852015Z ✔ [5017/5195] Built Mathlib.Algebra.Polynomial.Inductions:c.o (137ms)
build-full	Full build (resumable — a cold cache may need one re-run)	2026-09-27T21:07:21.2896331Z ✔ [5018/5195] Built Mathlib.RingTheory.Multiplicity:c.o (184ms)
build-full	Full build (resumable — a cold cache may need one re-run)	2026-09-27T21:07:21.5885157Z ✔ [5019/5195] Built Mathlib.Algebra.Polynomial.Div:c.o (244ms)
build-full	Full build (resumable — a cold cache may need one re-run)	2026-09-27T21:07:22.2895621Z ✔ [5020/5195] Built Mathlib.Tactic.ReduceModChar:c.o (1.6s)
build-full	Full build (resumable — a cold cache may need one re-run)	2026-09-27T21:07:22.3897168Z ✔ [5021/5195] Built Mathlib.Algebra.Polynomial.RingDivision:c.o (91ms)
build-full	Full build (resumable — a cold cache may need one re-run)	2026-09-27T21:07:22.4890509Z ✔ [5022/5195] Built Mathlib.Algebra.Field.Equiv:c.o (88ms)
build-full	Full build (resumable — a cold cache may need one re-run)	2026-09-27T21:07:22.6898919Z ✔ [5023/5195] Built Mathlib.Algebra.Field.Subfield.Basic:c.o (211ms)
build-full	Full build (resumable — a cold cache may need one re-run)	2026-09-27T21:07:22.7906886Z ✔ [5024/5195] Built Mathlib.Algebra.Order.GroupWithZero.Submonoid:c.o (91ms)
build-full	Full build (resumable — a cold cache may need one re-run)	2026-09-27T21:07:22.9902459Z ✔ [5025/5195] Built Mathlib.GroupTheory.OreLocalization.OreSet:c.o (144ms)
build-full	Full build (resumable — a cold cache may need one re-run)	2026-09-27T21:07:23.4907467Z ✔ [5026/5195] Built Mathlib.GroupTheory.OreLocalization.Basic:c.o (529ms)
build-full	Full build (resumable — a cold cache may need one re-run)	2026-09-27T21:07:23.6915926Z ✔ [5027/5195] Built Mathlib.Tactic.ComputeDegree:c.o (2.1s)
build-full	Full build (resumable — a cold cache may need one re-run)	2026-09-27T21:07:23.7901612Z ✔ [5028/5195] Built Mathlib.GroupTheory.MonoidLocalization.Basic:c.o (284ms)
build-full	Full build (resumable — a cold cache may need one re-run)	2026-09-27T21:07:23.8905858Z ✔ [5029/5195] Built Mathlib.GroupTheory.MonoidLocalization.Maps:c.o (199ms)
build-full	Full build (resumable — a cold cache may need one re-run)	2026-09-27T21:07:23.9908613Z ✔ [5030/5195] Built Mathlib.RingTheory.OreLocalization.Basic:c.o (221ms)
build-full	Full build (resumable — a cold cache may need one re-run)	2026-09-27T21:07:23.9911285Z ✔ [5031/5195] Built Mathlib.GroupTheory.MonoidLocalization.MonoidWithZero:c.o (139ms)
build-full	Full build (resumable — a cold cache may need one re-run)	2026-09-27T21:07:24.0916324Z ✔ [5032/5195] Built Mathlib.GroupTheory.MonoidLocalization.Divisibility:c.o (91ms)
build-full	Full build (resumable — a cold cache may need one re-run)	2026-09-27T21:07:24.1909431Z ✔ [5033/5195] Built Mathlib.RingTheory.OreLocalization.NonZeroDivisors:c.o (137ms)
build-full	Full build (resumable — a cold cache may need one re-run)	2026-09-27T21:07:24.1911920Z ✔ [5034/5195] Built Mathlib.RingTheory.OreLocalization.Ring:c.o (166ms)
build-full	Full build (resumable — a cold cache may need one re-run)	2026-09-27T21:07:24.2915981Z ✔ [5035/5195] Built Mathlib.Tactic.Module:c.o (6.7s)
build-full	Full build (resumable — a cold cache may need one re-run)	2026-09-27T21:07:24.2918917Z ✔ [5036/5195] Built Mathlib.RingTheory.Localization.Defs:c.o (192ms)
build-full	Full build (resumable — a cold cache may need one re-run)	2026-09-27T21:07:24.3915925Z ✔ [5037/5195] Built Mathlib.RingTheory.Localization.Basic:c.o (130ms)
build-full	Full build (resumable — a cold cache may need one re-run)	2026-09-27T21:07:24.3917027Z ✔ [5038/5195] Built Mathlib.RingTheory.Localization.FractionRing:c.o (176ms)
build-full	Full build (resumable — a cold cache may need one re-run)	2026-09-27T21:07:24.4926008Z ✔ [5039/5195] Built Mathlib.Algebra.Group.TypeTags.Pointwise:c.o (141ms)
build-full	Full build (resumable — a cold cache may need one re-run)	2026-09-27T21:07:24.4935836Z ✔ [5040/5195] Built Mathlib.Data.Finsupp.Weight:c.o (104ms)
build-full	Full build (resumable — a cold cache may need one re-run)	2026-09-27T21:07:24.5925853Z ✔ [5041/5195] Built Mathlib.Order.Filter.TendstoCofinite:c.o (148ms)
build-full	Full build (resumable — a cold cache may need one re-run)	2026-09-27T21:07:24.5946005Z ✔ [5042/5195] Built Mathlib.Algebra.Polynomial.Roots:c.o (116ms)
build-full	Full build (resumable — a cold cache may need one re-run)	2026-09-27T21:07:24.5947447Z ✔ [5043/5195] Built Mathlib.Data.Fintype.Inv:c.o (141ms)
build-full	Full build (resumable — a cold cache may need one re-run)	2026-09-27T21:07:24.6926257Z ✔ [5044/5195] Built Mathlib.Algebra.Group.TypeTags.Finite:c.o (160ms)
build-full	Full build (resumable — a cold cache may need one re-run)	2026-09-27T21:07:24.6927892Z ✔ [5045/5195] Built Mathlib.Data.Nat.Cast.Field:c.o (98ms)
build-full	Full build (resumable — a cold cache may need one re-run)	2026-09-27T21:07:24.7935051Z ✔ [5046/5195] Built Mathlib.Data.Nat.MaxPowDiv:c.o (143ms)
build-full	Full build (resumable — a cold cache may need one re-run)	2026-09-27T21:07:24.8923751Z ✔ [5047/5195] Built Mathlib.Algebra.Order.Hom.TypeTags:c.o (314ms)
build-full	Full build (resumable — a cold cache may need one re-run)	2026-09-27T21:07:24.8927094Z ✔ [5048/5195] Built Mathlib.NumberTheory.Padics.PadicVal.Defs:c.o (147ms)
build-full	Full build (resumable — a cold cache may need one re-run)	2026-09-27T21:07:24.9921227Z ✔ [5049/5195] Built Mathlib.Data.Nat.Factorization.Defs:c.o (177ms)
build-full	Full build (resumable — a cold cache may need one re-run)	2026-09-27T21:07:24.9923737Z ✔ [5050/5195] Built Mathlib.Data.Nat.Factorization.Basic:c.o (153ms)
build-full	Full build (resumable — a cold cache may need one re-run)	2026-09-27T21:07:25.0929655Z ✔ [5051/5195] Built Mathlib.Data.Nat.Factorization.Induction:c.o (226ms)
build-full	Full build (resumable — a cold cache may need one re-run)	2026-09-27T21:07:25.0945876Z ✔ [5052/5195] Built Mathlib.Data.Int.Order.Units:c.o (90ms)
build-full	Full build (resumable — a cold cache may need one re-run)	2026-09-27T21:07:25.1922612Z ✔ [5053/5195] Built Mathlib.Data.ZMod.IntUnitsPower:c.o (158ms)
build-full	Full build (resumable — a cold cache may need one re-run)	2026-09-27T21:07:25.2926167Z ✔ [5054/5195] Built Mathlib.Algebra.Ring.NegOnePow:c.o (208ms)
build-full	Full build (resumable — a cold cache may need one re-run)	2026-09-27T21:07:25.2928875Z ✔ [5055/5195] Built Mathlib.Algebra.Ring.Periodic:c.o (157ms)
build-full	Full build (resumable — a cold cache may need one re-run)	2026-09-27T21:07:25.2930430Z ✔ [5056/5195] Built Mathlib.Algebra.Group.Nat.Range:c.o (97ms)
build-full	Full build (resumable — a cold cache may need one re-run)	2026-09-27T21:07:25.3922991Z ✔ [5057/5195] Built Mathlib.Data.Nat.Count:c.o (163ms)
build-full	Full build (resumable — a cold cache may need one re-run)	2026-09-27T21:07:25.3925489Z ✔ [5058/5195] Built Mathlib.Data.Nat.Periodic:c.o (162ms)
build-full	Full build (resumable — a cold cache may need one re-run)	2026-09-27T21:07:25.5921218Z ✔ [5059/5195] Built Mathlib.Algebra.Group.Units.Opposite:c.o (188ms)
build-full	Full build (resumable — a cold cache may need one re-run)	2026-09-27T21:07:25.5923623Z ✔ [5060/5195] Built Mathlib.Algebra.Ring.AddAut:c.o (177ms)
build-full	Full build (resumable — a cold cache may need one re-run)	2026-09-27T21:07:25.6982329Z ✔ [5061/5195] Built Mathlib.Data.Nat.Totient:c.o (358ms)
build-full	Full build (resumable — a cold cache may need one re-run)	2026-09-27T21:07:25.6987554Z ✔ [5062/5195] Built Mathlib.Data.Nat.GCD.BigOperators:c.o (148ms)
build-full	Full build (resumable — a cold cache may need one re-run)	2026-09-27T21:07:25.6988699Z ✔ [5063/5195] Built Mathlib.Data.Nat.Factorization.LCM:c.o (86ms)
build-full	Full build (resumable — a cold cache may need one re-run)	2026-09-27T21:07:25.7971484Z ✔ [5064/5195] Built Mathlib.Data.ZMod.Aut:c.o (233ms)
build-full	Full build (resumable — a cold cache may need one re-run)	2026-09-27T21:07:25.8977702Z ✔ [5065/5195] Built Mathlib.GroupTheory.Exponent:c.o (140ms)
build-full	Full build (resumable — a cold cache may need one re-run)	2026-09-27T21:07:25.9973917Z ✔ [5066/5195] Built Mathlib.GroupTheory.SpecificGroups.Cyclic.Basic:c.o (106ms)
build-full	Full build (resumable — a cold cache may need one re-run)	2026-09-27T21:07:26.0970763Z ✔ [5067/5195] Built Mathlib.Data.ZMod.QuotientGroup:c.o (306ms)
build-full	Full build (resumable — a cold cache may need one re-run)	2026-09-27T21:07:26.0972657Z ✔ [5068/5195] Built Mathlib.GroupTheory.Subgroup.Simple:c.o (88ms)
build-full	Full build (resumable — a cold cache may need one re-run)	2026-09-27T21:07:26.1975001Z ✔ [5069/5195] Built Mathlib.GroupTheory.SpecificGroups.Cyclic:c.o (116ms)
build-full	Full build (resumable — a cold cache may need one re-run)	2026-09-27T21:07:26.2983197Z ✔ [5074/5195] Built Mathlib.RingTheory.IntegralDomain:c.o (241ms)
build-full	Full build (resumable — a cold cache may need one re-run)	2026-09-27T21:07:26.2985297Z ✔ [5075/5195] Built Mathlib.NumberTheory.LucasPrimality:c.o (88ms)
build-full	Full build (resumable — a cold cache may need one re-run)	2026-09-27T21:07:27.3032040Z ✔ [5078/5195] Built Clean.Backends.Circom.Ast:c.o (1.1s)
build-full	Full build (resumable — a cold cache may need one re-run)	2026-09-27T21:07:27.8030929Z ✔ [5079/5195] Built Mathlib.Tactic.Peel:c.o (2.0s)
build-full	Full build (resumable — a cold cache may need one re-run)	2026-09-27T21:07:28.2045593Z ✔ [5113/5195] Built CompPoly.Fields.PrattCertificate:c.o (1.8s)
build-full	Full build (resumable — a cold cache may need one re-run)	2026-09-27T21:07:28.6047796Z ✔ [5185/5195] Built Clean.Backends.Circom.Binary (1.3s)
build-full	Full build (resumable — a cold cache may need one re-run)	2026-09-27T21:07:29.7077646Z ✔ [5186/5195] Built Clean.Backends.Circom.Binary:c.o (1.0s)
build-full	Full build (resumable — a cold cache may need one re-run)	2026-09-27T21:07:30.2090373Z ✔ [5187/5195] Built CompPoly.Fields.BN254.Basic (2.4s)
build-full	Full build (resumable — a cold cache may need one re-run)	2026-09-27T21:07:30.3125842Z ✔ [5188/5195] Built CompPoly.Fields.BN254.Basic:c.o (92ms)
build-full	Full build (resumable — a cold cache may need one re-run)	2026-09-27T21:07:33.3159356Z ✔ [5189/5195] Built Clean.Backends.Circom.Compile (4.6s)
build-full	Full build (resumable — a cold cache may need one re-run)	2026-09-27T21:07:34.9251405Z ✔ [5190/5195] Built Clean.Backends.Circom.R1CS (1.6s)
build-full	Full build (resumable — a cold cache may need one re-run)	2026-09-27T21:07:35.8261985Z ✔ [5191/5195] Built Clean.Backends.Circom.R1CS:c.o (915ms)
build-full	Full build (resumable — a cold cache may need one re-run)	2026-09-27T21:07:36.9275456Z ✔ [5192/5195] Built Clean.Backends.Circom.Compile:c.o (3.7s)
build-full	Full build (resumable — a cold cache may need one re-run)	2026-09-27T21:07:38.6295101Z ✔ [5193/5195] Built scripts.backendGadgets (3.7s)
build-full	Full build (resumable — a cold cache may need one re-run)	2026-09-27T21:07:43.1337349Z ✔ [5194/5195] Built scripts.backendGadgets:c.o (4.5s)
build-full	Full build (resumable — a cold cache may need one re-run)	2026-09-27T21:07:44.3359742Z ✔ [5195/5195] Built backendGadgets:exe (1.1s)
build-full	Full build (resumable — a cold cache may need one re-run)	2026-09-27T21:07:44.3538047Z Build completed successfully (5195 jobs).
build-full	Full test library (lake build SP1CleanTest)	﻿2026-09-27T21:07:44.3972162Z ##[group]Run timeout 5h lake build --wfail --iofail SP1CleanTest
build-full	Full test library (lake build SP1CleanTest)	2026-09-27T21:07:44.3972693Z ^[[36;1mtimeout 5h lake build --wfail --iofail SP1CleanTest^[[0m
build-full	Full test library (lake build SP1CleanTest)	2026-09-27T21:07:44.4055782Z shell: /usr/bin/bash -e {0}
build-full	Full test library (lake build SP1CleanTest)	2026-09-27T21:07:44.4056058Z env:
build-full	Full test library (lake build SP1CleanTest)	2026-09-27T21:07:44.4056263Z   SP1_CACHE_VERSION: v2
build-full	Full test library (lake build SP1CleanTest)	2026-09-27T21:07:44.4057221Z   CACHE_PATHS: .lake/build
build-full	Full test library (lake build SP1CleanTest)	.lake/packages/*
build-full	Full test library (lake build SP1CleanTest)	!.lake/packages/mathlib
build-full	Full test library (lake build SP1CleanTest)	!.lake/packages/batteries
build-full	Full test library (lake build SP1CleanTest)	!.lake/packages/aesop
build-full	Full test library (lake build SP1CleanTest)	!.lake/packages/Qq
build-full	Full test library (lake build SP1CleanTest)	!.lake/packages/proofwidgets
build-full	Full test library (lake build SP1CleanTest)	!.lake/packages/importGraph
build-full	Full test library (lake build SP1CleanTest)	!.lake/packages/LeanSearchClient
build-full	Full test library (lake build SP1CleanTest)	!.lake/packages/plausible
build-full	Full test library (lake build SP1CleanTest)	
build-full	Full test library (lake build SP1CleanTest)	2026-09-27T21:07:44.4060957Z   GH_TOKEN: ***
build-full	Full test library (lake build SP1CleanTest)	2026-09-27T21:07:44.4061183Z   LEAN_NUM_THREADS: 3
build-full	Full test library (lake build SP1CleanTest)	2026-09-27T21:07:44.4061409Z ##[endgroup]
build-full	Full test library (lake build SP1CleanTest)	2026-09-27T21:07:46.7907606Z Build completed successfully (3254 jobs).
build-full	Save the alignment build cache	﻿2026-09-27T21:07:46.8339250Z ##[group]Run actions/cache/save@v4
build-full	Save the alignment build cache	2026-09-27T21:07:46.8339554Z with:
build-full	Save the alignment build cache	2026-09-27T21:07:46.8340456Z   path: .lake/build
build-full	Save the alignment build cache	.lake/packages/*
build-full	Save the alignment build cache	!.lake/packages/mathlib
build-full	Save the alignment build cache	!.lake/packages/batteries
build-full	Save the alignment build cache	!.lake/packages/aesop
build-full	Save the alignment build cache	!.lake/packages/Qq
build-full	Save the alignment build cache	!.lake/packages/proofwidgets
build-full	Save the alignment build cache	!.lake/packages/importGraph
build-full	Save the alignment build cache	!.lake/packages/LeanSearchClient
build-full	Save the alignment build cache	!.lake/packages/plausible
build-full	Save the alignment build cache	
build-full	Save the alignment build cache	2026-09-27T21:07:46.8341858Z   key: sp1-v2-Linux-1d1af8e4bb8545c94cdccacb2678423a00445d109d914342d3490bbc0d068f1b-align-pr104-698bec03cf75327921a694c55a219d340a77ea47-36349817969-1
build-full	Save the alignment build cache	2026-09-27T21:07:46.8342586Z   enableCrossOsArchive: false
build-full	Save the alignment build cache	2026-09-27T21:07:46.8342836Z env:
build-full	Save the alignment build cache	2026-09-27T21:07:46.8343029Z   SP1_CACHE_VERSION: v2
build-full	Save the alignment build cache	2026-09-27T21:07:46.8343973Z   CACHE_PATHS: .lake/build
build-full	Save the alignment build cache	.lake/packages/*
build-full	Save the alignment build cache	!.lake/packages/mathlib
build-full	Save the alignment build cache	!.lake/packages/batteries
build-full	Save the alignment build cache	!.lake/packages/aesop
build-full	Save the alignment build cache	!.lake/packages/Qq
build-full	Save the alignment build cache	!.lake/packages/proofwidgets
build-full	Save the alignment build cache	!.lake/packages/importGraph
build-full	Save the alignment build cache	!.lake/packages/LeanSearchClient
build-full	Save the alignment build cache	!.lake/packages/plausible
build-full	Save the alignment build cache	
build-full	Save the alignment build cache	2026-09-27T21:07:46.8347508Z   GH_TOKEN: ***
build-full	Save the alignment build cache	2026-09-27T21:07:46.8347763Z   LEAN_NUM_THREADS: 3
build-full	Save the alignment build cache	2026-09-27T21:07:46.8348026Z ##[endgroup]
build-full	Save the alignment build cache	2026-09-27T21:07:47.0857106Z (node:7039) [DEP0040] DeprecationWarning: The `punycode` module is deprecated. Please use a userland alternative instead.
build-full	Save the alignment build cache	2026-09-27T21:07:47.0859376Z (Use `node --trace-deprecation ...` to show where the warning was created)
build-full	Save the alignment build cache	2026-09-27T21:07:47.1227066Z [command]/usr/bin/tar --posix -cf cache.tzst --exclude cache.tzst -P -C /home/runner/work/sp1-lean/sp1-lean --files-from manifest.txt --use-compress-program zstdmt
build-full	Save the alignment build cache	2026-09-27T21:07:57.8366466Z (node:7039) [DEP0169] DeprecationWarning: `url.parse()` behavior is not standardized and prone to errors that have security implications. Use the WHATWG URL API instead. CVEs are not issued for `url.parse()` vulnerabilities.
build-full	Save the alignment build cache	2026-09-27T21:07:58.8201146Z Sent 0 of 725083238 (0.0%), 0.0 MBs/sec
build-full	Save the alignment build cache	2026-09-27T21:07:59.7765842Z Sent 725083238 of 725083238 (100.0%), 353.2 MBs/sec
build-full	Save the alignment build cache	2026-09-27T21:07:59.9520259Z Cache saved with key: sp1-v2-Linux-1d1af8e4bb8545c94cdccacb2678423a00445d109d914342d3490bbc0d068f1b-align-pr104-698bec03cf75327921a694c55a219d340a77ea47-36349817969-1
build-full	Environment linters (lake lint = batteries/runLinter over the four roots)	﻿2026-09-27T21:07:59.9665704Z ##[group]Run lake lint -- --no-build
build-full	Environment linters (lake lint = batteries/runLinter over the four roots)	2026-09-27T21:07:59.9666089Z ^[[36;1mlake lint -- --no-build^[[0m
build-full	Environment linters (lake lint = batteries/runLinter over the four roots)	2026-09-27T21:07:59.9734903Z shell: /usr/bin/bash -e {0}
build-full	Environment linters (lake lint = batteries/runLinter over the four roots)	2026-09-27T21:07:59.9735193Z env:
build-full	Environment linters (lake lint = batteries/runLinter over the four roots)	2026-09-27T21:07:59.9735401Z   SP1_CACHE_VERSION: v2
build-full	Environment linters (lake lint = batteries/runLinter over the four roots)	2026-09-27T21:07:59.9736373Z   CACHE_PATHS: .lake/build
build-full	Environment linters (lake lint = batteries/runLinter over the four roots)	.lake/packages/*
build-full	Environment linters (lake lint = batteries/runLinter over the four roots)	!.lake/packages/mathlib
build-full	Environment linters (lake lint = batteries/runLinter over the four roots)	!.lake/packages/batteries
build-full	Environment linters (lake lint = batteries/runLinter over the four roots)	!.lake/packages/aesop
build-full	Environment linters (lake lint = batteries/runLinter over the four roots)	!.lake/packages/Qq
build-full	Environment linters (lake lint = batteries/runLinter over the four roots)	!.lake/packages/proofwidgets
build-full	Environment linters (lake lint = batteries/runLinter over the four roots)	!.lake/packages/importGraph
build-full	Environment linters (lake lint = batteries/runLinter over the four roots)	!.lake/packages/LeanSearchClient
build-full	Environment linters (lake lint = batteries/runLinter over the four roots)	!.lake/packages/plausible
build-full	Environment linters (lake lint = batteries/runLinter over the four roots)	
build-full	Environment linters (lake lint = batteries/runLinter over the four roots)	2026-09-27T21:07:59.9739804Z   GH_TOKEN: ***
build-full	Environment linters (lake lint = batteries/runLinter over the four roots)	2026-09-27T21:07:59.9740040Z   LEAN_NUM_THREADS: 3
build-full	Environment linters (lake lint = batteries/runLinter over the four roots)	2026-09-27T21:07:59.9740271Z ##[endgroup]
build-full	Environment linters (lake lint = batteries/runLinter over the four roots)	2026-09-27T21:08:03.0029020Z ✔ [50/52] Built runLinter (1.9s)
build-full	Environment linters (lake lint = batteries/runLinter over the four roots)	2026-09-27T21:08:04.1041929Z ✔ [51/52] Built runLinter:c.o (1.1s)
build-full	Environment linters (lake lint = batteries/runLinter over the four roots)	2026-09-27T21:08:06.2075674Z ✔ [52/52] Built runLinter:exe (2.1s)
build-full	Environment linters (lake lint = batteries/runLinter over the four roots)	2026-09-27T21:08:49.9941247Z Running linter on specified modules: [SP1Clean, ToClean, ToMathlib, ToPolyFun]
build-full	Environment linters (lake lint = batteries/runLinter over the four roots)	2026-09-27T21:08:49.9956896Z -- Linting passed for SP1Clean.
build-full	Environment linters (lake lint = batteries/runLinter over the four roots)	2026-09-27T21:08:49.9966152Z -- Linting passed for ToClean.
build-full	Environment linters (lake lint = batteries/runLinter over the four roots)	2026-09-27T21:08:49.9966481Z -- Linting passed for ToMathlib.
build-full	Environment linters (lake lint = batteries/runLinter over the four roots)	2026-09-27T21:08:49.9966820Z -- Linting passed for ToPolyFun.
build-full	Whole-ensemble export identity	﻿2026-09-27T21:08:50.7957127Z ##[group]Run bash scripts/check_ensemble_export.sh
build-full	Whole-ensemble export identity	2026-09-27T21:08:50.7965184Z ^[[36;1mbash scripts/check_ensemble_export.sh^[[0m
build-full	Whole-ensemble export identity	2026-09-27T21:08:50.8511440Z shell: /usr/bin/bash -e {0}
build-full	Whole-ensemble export identity	2026-09-27T21:08:50.8515045Z env:
build-full	Whole-ensemble export identity	2026-09-27T21:08:50.8515480Z   SP1_CACHE_VERSION: v2
build-full	Whole-ensemble export identity	2026-09-27T21:08:50.8518526Z   CACHE_PATHS: .lake/build
build-full	Whole-ensemble export identity	.lake/packages/*
build-full	Whole-ensemble export identity	!.lake/packages/mathlib
build-full	Whole-ensemble export identity	!.lake/packages/batteries
build-full	Whole-ensemble export identity	!.lake/packages/aesop
build-full	Whole-ensemble export identity	!.lake/packages/Qq
build-full	Whole-ensemble export identity	!.lake/packages/proofwidgets
build-full	Whole-ensemble export identity	!.lake/packages/importGraph
build-full	Whole-ensemble export identity	!.lake/packages/LeanSearchClient
build-full	Whole-ensemble export identity	!.lake/packages/plausible
build-full	Whole-ensemble export identity	
build-full	Whole-ensemble export identity	2026-09-27T21:08:50.8542137Z   GH_TOKEN: ***
build-full	Whole-ensemble export identity	2026-09-27T21:08:50.8545662Z   LEAN_NUM_THREADS: 3
build-full	Whole-ensemble export identity	2026-09-27T21:08:50.8549457Z ##[endgroup]
build-full	Whole-ensemble export identity	2026-09-27T21:08:55.0637687Z PASS: whole-ensemble export fixture is byte-identical
build-full	Witgen export matches a fresh regeneration	﻿2026-09-27T21:08:55.0775832Z ##[group]Run scripts/check_witgen_export.sh --regen
build-full	Witgen export matches a fresh regeneration	2026-09-27T21:08:55.0778827Z ^[[36;1mscripts/check_witgen_export.sh --regen^[[0m
build-full	Witgen export matches a fresh regeneration	2026-09-27T21:08:55.0850761Z shell: /usr/bin/bash -e {0}
build-full	Witgen export matches a fresh regeneration	2026-09-27T21:08:55.0852974Z env:
build-full	Witgen export matches a fresh regeneration	2026-09-27T21:08:55.0855090Z   SP1_CACHE_VERSION: v2
build-full	Witgen export matches a fresh regeneration	2026-09-27T21:08:55.0858083Z   CACHE_PATHS: .lake/build
build-full	Witgen export matches a fresh regeneration	.lake/packages/*
build-full	Witgen export matches a fresh regeneration	!.lake/packages/mathlib
build-full	Witgen export matches a fresh regeneration	!.lake/packages/batteries
build-full	Witgen export matches a fresh regeneration	!.lake/packages/aesop
build-full	Witgen export matches a fresh regeneration	!.lake/packages/Qq
build-full	Witgen export matches a fresh regeneration	!.lake/packages/proofwidgets
build-full	Witgen export matches a fresh regeneration	!.lake/packages/importGraph
build-full	Witgen export matches a fresh regeneration	!.lake/packages/LeanSearchClient
build-full	Witgen export matches a fresh regeneration	!.lake/packages/plausible
build-full	Witgen export matches a fresh regeneration	
build-full	Witgen export matches a fresh regeneration	2026-09-27T21:08:55.0866026Z   GH_TOKEN: ***
build-full	Witgen export matches a fresh regeneration	2026-09-27T21:08:55.0868350Z   LEAN_NUM_THREADS: 3
build-full	Witgen export matches a fresh regeneration	2026-09-27T21:08:55.0868755Z ##[endgroup]
build-full	Witgen export matches a fresh regeneration	2026-09-27T21:08:55.1990101Z check_witgen_export: export/witgen structurally clean (25 payloads + 25 manifests + index).
build-full	Witgen export matches a fresh regeneration	2026-09-27T21:08:55.2564488Z check_witgen_export: export/testdata structurally clean (25 fixtures, rows consistent with manifests).
build-full	Witgen export matches a fresh regeneration	2026-09-27T21:08:55.2952541Z check_witgen_export: export/sp1dump structurally clean (25 dumps, rows match width x height).
build-full	Witgen export matches a fresh regeneration	2026-09-27T21:10:29.8129059Z check_witgen_export: /tmp/tmp.oJ6I4ZQ9XM/witgen structurally clean (25 payloads + 25 manifests + index).
build-full	Witgen export matches a fresh regeneration	2026-09-27T21:10:29.8587990Z check_witgen_export: /tmp/tmp.oJ6I4ZQ9XM/testdata structurally clean (25 fixtures, rows consistent with manifests).
build-full	Witgen export matches a fresh regeneration	2026-09-27T21:10:29.8687922Z check_witgen_export (--regen): committed export matches a fresh regeneration byte-for-byte.
build-full	Pinned Node for backend conformance	﻿2026-09-27T21:10:29.8901812Z ##[group]Run actions/setup-node@v4
build-full	Pinned Node for backend conformance	2026-09-27T21:10:29.8902270Z with:
build-full	Pinned Node for backend conformance	2026-09-27T21:10:29.8902526Z   node-version: 22.16.0
build-full	Pinned Node for backend conformance	2026-09-27T21:10:29.8902804Z   cache: npm
build-full	Pinned Node for backend conformance	2026-09-27T21:10:29.8903139Z   cache-dependency-path: tools/backend-gadgets/package-lock.json
build-full	Pinned Node for backend conformance	2026-09-27T21:10:29.8903530Z   always-auth: false
build-full	Pinned Node for backend conformance	2026-09-27T21:10:29.8903778Z   check-latest: false
build-full	Pinned Node for backend conformance	2026-09-27T21:10:29.8906859Z   token: ***
build-full	Pinned Node for backend conformance	2026-09-27T21:10:29.8907082Z env:
build-full	Pinned Node for backend conformance	2026-09-27T21:10:29.8907296Z   SP1_CACHE_VERSION: v2
build-full	Pinned Node for backend conformance	2026-09-27T21:10:29.8908268Z   CACHE_PATHS: .lake/build
build-full	Pinned Node for backend conformance	.lake/packages/*
build-full	Pinned Node for backend conformance	!.lake/packages/mathlib
build-full	Pinned Node for backend conformance	!.lake/packages/batteries
build-full	Pinned Node for backend conformance	!.lake/packages/aesop
build-full	Pinned Node for backend conformance	!.lake/packages/Qq
build-full	Pinned Node for backend conformance	!.lake/packages/proofwidgets
build-full	Pinned Node for backend conformance	!.lake/packages/importGraph
build-full	Pinned Node for backend conformance	!.lake/packages/LeanSearchClient
build-full	Pinned Node for backend conformance	!.lake/packages/plausible
build-full	Pinned Node for backend conformance	
build-full	Pinned Node for backend conformance	2026-09-27T21:10:29.8911439Z   GH_TOKEN: ***
build-full	Pinned Node for backend conformance	2026-09-27T21:10:29.8911672Z   LEAN_NUM_THREADS: 3
build-full	Pinned Node for backend conformance	2026-09-27T21:10:29.8911899Z ##[endgroup]
build-full	Pinned Node for backend conformance	2026-09-27T21:10:30.0525535Z Attempting to download 22.16.0...
build-full	Pinned Node for backend conformance	2026-09-27T21:10:30.0637960Z (node:7507) [DEP0040] DeprecationWarning: The `punycode` module is deprecated. Please use a userland alternative instead.
build-full	Pinned Node for backend conformance	2026-09-27T21:10:30.0642342Z (Use `node --trace-deprecation ...` to show where the warning was created)
build-full	Pinned Node for backend conformance	2026-09-27T21:10:30.6413031Z Acquiring 22.16.0 - x64 from https://github.com/actions/node-versions/releases/download/22.16.0-15177438473/node-22.16.0-linux-x64.tar.gz
build-full	Pinned Node for backend conformance	2026-09-27T21:10:31.1207341Z Extracting ...
build-full	Pinned Node for backend conformance	2026-09-27T21:10:31.1372235Z [command]/usr/bin/tar xz --strip 1 --warning=no-unknown-keyword --overwrite -C /home/runner/work/_temp/5b6fca83-b553-4c64-9861-143e1957a92b -f /home/runner/work/_temp/757fb206-609f-4744-9cfc-87d952a8c977
build-full	Pinned Node for backend conformance	2026-09-27T21:10:32.3291750Z Adding to the cache ...
build-full	Pinned Node for backend conformance	2026-09-27T21:10:34.3852654Z ##[group]Environment details
build-full	Pinned Node for backend conformance	2026-09-27T21:10:34.6105158Z node: v22.16.0
build-full	Pinned Node for backend conformance	2026-09-27T21:10:34.6105711Z npm: 10.9.2
build-full	Pinned Node for backend conformance	2026-09-27T21:10:34.6106128Z yarn: 1.22.22
build-full	Pinned Node for backend conformance	2026-09-27T21:10:34.6107310Z ##[endgroup]
build-full	Pinned Node for backend conformance	2026-09-27T21:10:34.6129522Z [command]/opt/hostedtoolcache/node/22.16.0/x64/bin/npm config get cache
build-full	Pinned Node for backend conformance	2026-09-27T21:10:34.7071477Z /home/runner/.npm
build-full	Pinned Node for backend conformance	2026-09-27T21:10:34.8118484Z npm cache is not found
build-full	Install pinned backend checker	﻿2026-09-27T21:10:34.8378070Z ##[group]Run npm ci --prefix tools/backend-gadgets
build-full	Install pinned backend checker	2026-09-27T21:10:34.8381146Z ^[[36;1mnpm ci --prefix tools/backend-gadgets^[[0m
build-full	Install pinned backend checker	2026-09-27T21:10:34.8452099Z shell: /usr/bin/bash -e {0}
build-full	Install pinned backend checker	2026-09-27T21:10:34.8455102Z env:
build-full	Install pinned backend checker	2026-09-27T21:10:34.8458104Z   SP1_CACHE_VERSION: v2
build-full	Install pinned backend checker	2026-09-27T21:10:34.8461241Z   CACHE_PATHS: .lake/build
build-full	Install pinned backend checker	.lake/packages/*
build-full	Install pinned backend checker	!.lake/packages/mathlib
build-full	Install pinned backend checker	!.lake/packages/batteries
build-full	Install pinned backend checker	!.lake/packages/aesop
build-full	Install pinned backend checker	!.lake/packages/Qq
build-full	Install pinned backend checker	!.lake/packages/proofwidgets
build-full	Install pinned backend checker	!.lake/packages/importGraph
build-full	Install pinned backend checker	!.lake/packages/LeanSearchClient
build-full	Install pinned backend checker	!.lake/packages/plausible
build-full	Install pinned backend checker	
build-full	Install pinned backend checker	2026-09-27T21:10:34.8467535Z   GH_TOKEN: ***
build-full	Install pinned backend checker	2026-09-27T21:10:34.8470535Z   LEAN_NUM_THREADS: 3
build-full	Install pinned backend checker	2026-09-27T21:10:34.8470944Z ##[endgroup]
build-full	Install pinned backend checker	2026-09-27T21:10:36.3602155Z 
build-full	Install pinned backend checker	2026-09-27T21:10:36.3612270Z added 35 packages, and audited 36 packages in 1s
build-full	Install pinned backend checker	2026-09-27T21:10:36.3614866Z 
build-full	Install pinned backend checker	2026-09-27T21:10:36.3615180Z 1 package is looking for funding
build-full	Install pinned backend checker	2026-09-27T21:10:36.3617903Z   run `npm fund` for details
build-full	Install pinned backend checker	2026-09-27T21:10:36.3625443Z 
build-full	Install pinned backend checker	2026-09-27T21:10:36.3627810Z 3 high severity vulnerabilities
build-full	Install pinned backend checker	2026-09-27T21:10:36.3629739Z 
build-full	Install pinned backend checker	2026-09-27T21:10:36.3630036Z To address all issues, run:
build-full	Install pinned backend checker	2026-09-27T21:10:36.3632287Z   npm audit fix
build-full	Install pinned backend checker	2026-09-27T21:10:36.3632491Z 
build-full	Install pinned backend checker	2026-09-27T21:10:36.3634327Z Run `npm audit` for details.
build-full	Clean WASM and R1CS gadget conformance	﻿2026-09-27T21:10:36.4216038Z ##[group]Run scripts/check_backend_gadgets.sh
build-full	Clean WASM and R1CS gadget conformance	2026-09-27T21:10:36.4219153Z ^[[36;1mscripts/check_backend_gadgets.sh^[[0m
build-full	Clean WASM and R1CS gadget conformance	2026-09-27T21:10:36.4286034Z shell: /usr/bin/bash -e {0}
build-full	Clean WASM and R1CS gadget conformance	2026-09-27T21:10:36.4288388Z env:
build-full	Clean WASM and R1CS gadget conformance	2026-09-27T21:10:36.4290542Z   SP1_CACHE_VERSION: v2
build-full	Clean WASM and R1CS gadget conformance	2026-09-27T21:10:36.4291668Z   CACHE_PATHS: .lake/build
build-full	Clean WASM and R1CS gadget conformance	.lake/packages/*
build-full	Clean WASM and R1CS gadget conformance	!.lake/packages/mathlib
build-full	Clean WASM and R1CS gadget conformance	!.lake/packages/batteries
build-full	Clean WASM and R1CS gadget conformance	!.lake/packages/aesop
build-full	Clean WASM and R1CS gadget conformance	!.lake/packages/Qq
build-full	Clean WASM and R1CS gadget conformance	!.lake/packages/proofwidgets
build-full	Clean WASM and R1CS gadget conformance	!.lake/packages/importGraph
build-full	Clean WASM and R1CS gadget conformance	!.lake/packages/LeanSearchClient
build-full	Clean WASM and R1CS gadget conformance	!.lake/packages/plausible
build-full	Clean WASM and R1CS gadget conformance	
build-full	Clean WASM and R1CS gadget conformance	2026-09-27T21:10:36.4297322Z   GH_TOKEN: ***
build-full	Clean WASM and R1CS gadget conformance	2026-09-27T21:10:36.4299856Z   LEAN_NUM_THREADS: 3
build-full	Clean WASM and R1CS gadget conformance	2026-09-27T21:10:36.4301842Z ##[endgroup]
build-full	Clean WASM and R1CS gadget conformance	2026-09-27T21:10:39.3558571Z Build completed successfully (4004 jobs).
build-full	Clean WASM and R1CS gadget conformance	2026-09-27T21:10:39.4732856Z Exported 3 unchanged gadget constraint systems to .lake/backend-gadgets.lEr62v/generated
build-full	Clean WASM and R1CS gadget conformance	2026-09-27T21:10:39.5170045Z PASS deterministic backend artifact regeneration
build-full	Clean WASM and R1CS gadget conformance	2026-09-27T21:11:03.2416903Z PASS is-zero: 2 Lean witness cells, 6 R1CS constraints, 7 total signals
build-full	Clean WASM and R1CS gadget conformance	2026-09-27T21:11:03.2421367Z PASS is-zero-word: 11 Lean witness cells, 33 R1CS constraints, 32 total signals
build-full	Clean WASM and R1CS gadget conformance	2026-09-27T21:11:03.2425072Z PASS word-range-check: 64 Lean witness cells, 132 R1CS constraints, 133 total signals
build-full	Clean WASM and R1CS gadget conformance	2026-09-27T21:11:03.2428661Z PASS 29 generated witnesses and 26 explicit mutations; every original Lean cell compared and full R1CS checked
build-full	Compiled trust-checker regression fixtures	﻿2026-09-27T21:11:03.2648241Z ##[group]Run lake env python3 scripts/test_trust_integration.py
build-full	Compiled trust-checker regression fixtures	2026-09-27T21:11:03.2648789Z ^[[36;1mlake env python3 scripts/test_trust_integration.py^[[0m
build-full	Compiled trust-checker regression fixtures	2026-09-27T21:11:03.2711919Z shell: /usr/bin/bash -e {0}
build-full	Compiled trust-checker regression fixtures	2026-09-27T21:11:03.2712216Z env:
build-full	Compiled trust-checker regression fixtures	2026-09-27T21:11:03.2712436Z   SP1_CACHE_VERSION: v2
build-full	Compiled trust-checker regression fixtures	2026-09-27T21:11:03.2713468Z   CACHE_PATHS: .lake/build
build-full	Compiled trust-checker regression fixtures	.lake/packages/*
build-full	Compiled trust-checker regression fixtures	!.lake/packages/mathlib
build-full	Compiled trust-checker regression fixtures	!.lake/packages/batteries
build-full	Compiled trust-checker regression fixtures	!.lake/packages/aesop
build-full	Compiled trust-checker regression fixtures	!.lake/packages/Qq
build-full	Compiled trust-checker regression fixtures	!.lake/packages/proofwidgets
build-full	Compiled trust-checker regression fixtures	!.lake/packages/importGraph
build-full	Compiled trust-checker regression fixtures	!.lake/packages/LeanSearchClient
build-full	Compiled trust-checker regression fixtures	!.lake/packages/plausible
build-full	Compiled trust-checker regression fixtures	
build-full	Compiled trust-checker regression fixtures	2026-09-27T21:11:03.2717208Z   GH_TOKEN: ***
build-full	Compiled trust-checker regression fixtures	2026-09-27T21:11:03.2717461Z   LEAN_NUM_THREADS: 3
build-full	Compiled trust-checker regression fixtures	2026-09-27T21:11:03.2717707Z ##[endgroup]
build-full	Compiled trust-checker regression fixtures	2026-09-27T21:11:14.7517479Z PASS: compiled trust fixtures (private/transitive/type/mutual/native/coverage)
build-full	Release audit and compiled-library trust policy	﻿2026-09-27T21:11:14.7991841Z ##[group]Run scripts/run_audit.sh
build-full	Release audit and compiled-library trust policy	2026-09-27T21:11:14.7992212Z ^[[36;1mscripts/run_audit.sh^[[0m
build-full	Release audit and compiled-library trust policy	2026-09-27T21:11:14.8076005Z shell: /usr/bin/bash -e {0}
build-full	Release audit and compiled-library trust policy	2026-09-27T21:11:14.8076296Z env:
build-full	Release audit and compiled-library trust policy	2026-09-27T21:11:14.8076505Z   SP1_CACHE_VERSION: v2
build-full	Release audit and compiled-library trust policy	2026-09-27T21:11:14.8077496Z   CACHE_PATHS: .lake/build
build-full	Release audit and compiled-library trust policy	.lake/packages/*
build-full	Release audit and compiled-library trust policy	!.lake/packages/mathlib
build-full	Release audit and compiled-library trust policy	!.lake/packages/batteries
build-full	Release audit and compiled-library trust policy	!.lake/packages/aesop
build-full	Release audit and compiled-library trust policy	!.lake/packages/Qq
build-full	Release audit and compiled-library trust policy	!.lake/packages/proofwidgets
build-full	Release audit and compiled-library trust policy	!.lake/packages/importGraph
build-full	Release audit and compiled-library trust policy	!.lake/packages/LeanSearchClient
build-full	Release audit and compiled-library trust policy	!.lake/packages/plausible
build-full	Release audit and compiled-library trust policy	
build-full	Release audit and compiled-library trust policy	2026-09-27T21:11:14.8081066Z   GH_TOKEN: ***
build-full	Release audit and compiled-library trust policy	2026-09-27T21:11:14.8081303Z   LEAN_NUM_THREADS: 3
build-full	Release audit and compiled-library trust policy	2026-09-27T21:11:14.8081530Z ##[endgroup]
build-full	Release audit and compiled-library trust policy	2026-09-27T21:11:14.8204755Z == A0 pins ==
build-full	Release audit and compiled-library trust policy	2026-09-27T21:11:14.8222479Z sp1-lean:  6d6a6238dc80c7007bff7c498cd64072b3b87b8c
build-full	Release audit and compiled-library trust policy	2026-09-27T21:11:14.8234920Z toolchain: leanprover/lean4:v4.33.1
build-full	Release audit and compiled-library trust policy	2026-09-27T21:11:14.8523965Z PolyFun:   997828ce4c04ccdc01f5f199069e26a6195ef6e7
build-full	Release audit and compiled-library trust policy	2026-09-27T21:11:14.8525060Z Sail:      bde9ecc665b663bbdb29afb11fb6634870fdc7df
build-full	Release audit and compiled-library trust policy	2026-09-27T21:11:14.8525896Z Clean:     fba2a29f5e36420d797c1de118ac9f11f23b819e
build-full	Release audit and compiled-library trust policy	2026-09-27T21:11:14.8526658Z mathlib:   0df444a360eaa60ab8c11dca51a86af692955474
build-full	Release audit and compiled-library trust policy	2026-09-27T21:11:14.8575313Z 
build-full	Release audit and compiled-library trust policy	2026-09-27T21:11:14.8575755Z == A1 recorded-pin cross-checks (gate) ==
build-full	Release audit and compiled-library trust policy	2026-09-27T21:11:14.9680604Z PASS: recorded pins and Lake configuration agree
build-full	Release audit and compiled-library trust policy	2026-09-27T21:11:14.9735520Z 
build-full	Release audit and compiled-library trust policy	2026-09-27T21:11:14.9735931Z == A1 root-index completeness (gate) ==
build-full	Release audit and compiled-library trust policy	2026-09-27T21:11:15.0471055Z PASS: root indices import all 1039 modules across SP1Clean/ToClean/ToMathlib/ToPolyFun, no dangling imports
build-full	Release audit and compiled-library trust policy	2026-09-27T21:11:15.0473019Z 
build-full	Release audit and compiled-library trust policy	2026-09-27T21:11:15.0473425Z == A1 maintained documentation (gate) ==
build-full	Release audit and compiled-library trust policy	2026-09-27T21:11:15.2981652Z PASS: maintained documentation is current (30 Markdown files, 1048 hand-written Lean module docstrings)
build-full	Release audit and compiled-library trust policy	2026-09-27T21:11:15.3044175Z 
build-full	Release audit and compiled-library trust policy	2026-09-27T21:11:15.3044789Z == A1 report citations (gate) ==
build-full	Release audit and compiled-library trust policy	2026-09-27T21:11:15.8952557Z PASS: report citations resolve
build-full	Release audit and compiled-library trust policy	2026-09-27T21:11:15.8953721Z 
build-full	Release audit and compiled-library trust policy	2026-09-27T21:11:15.8954060Z == A1 layering contract (gate) ==
build-full	Release audit and compiled-library trust policy	2026-09-27T21:11:16.2907853Z check_layering: PASS (1043 modules, 24 stratum rules, 7 import + 8 namespace exception(s); core index = 578 modules)
build-full	Release audit and compiled-library trust policy	2026-09-27T21:11:16.2955168Z 
build-full	Release audit and compiled-library trust policy	2026-09-27T21:11:16.2955659Z == A1 SP1 field singleton (gate) ==
build-full	Release audit and compiled-library trust policy	2026-09-27T21:11:16.3360721Z SP1 field singleton OK: SP1Clean/Model/SP1Field.lean is the sole Lean owner
build-full	Release audit and compiled-library trust policy	2026-09-27T21:11:16.3362058Z 
build-full	Release audit and compiled-library trust policy	2026-09-27T21:11:16.3362445Z == A1 shared relation vocabulary (gate) ==
build-full	Release audit and compiled-library trust policy	2026-09-27T21:11:16.6085488Z Shared vocabulary OK: statement, decode, transition, syscall message, support, and capacity each have one owner
build-full	Release audit and compiled-library trust policy	2026-09-27T21:11:16.6086400Z 
build-full	Release audit and compiled-library trust policy	2026-09-27T21:11:16.6086973Z == A1 audit-surface index (gate) ==
build-full	Release audit and compiled-library trust policy	2026-09-27T21:11:16.9859717Z check_audit_surface: PASS (222 declarations resolve)
build-full	Release audit and compiled-library trust policy	2026-09-27T21:11:16.9862156Z 
build-full	Release audit and compiled-library trust policy	2026-09-27T21:11:16.9862456Z == A1 25-chip release surface (gate) ==
build-full	Release audit and compiled-library trust policy	2026-09-27T21:11:17.0185060Z PASS: 25-chip release surface is complete (identity/order, native definitions, formal/bridge/completeness proofs, whole-chip oracles, faithfulness anchors, real-row models, dumps, and witgen artifacts)
build-full	Release audit and compiled-library trust policy	2026-09-27T21:11:17.0221630Z 
build-full	Release audit and compiled-library trust policy	2026-09-27T21:11:17.0222158Z == A1 compiled capstone contract (gate) ==
build-full	Release audit and compiled-library trust policy	2026-09-27T21:11:20.0814514Z PASS: capstone target types and 1396 definition dependencies
build-full	Release audit and compiled-library trust policy	2026-09-27T21:11:20.0881524Z 
build-full	Release audit and compiled-library trust policy	2026-09-27T21:11:20.0882220Z == A2 proof-deferral inventory (gate: none) ==
build-full	Release audit and compiled-library trust policy	2026-09-27T21:11:20.2476285Z PASS: no proof deferrals
build-full	Release audit and compiled-library trust policy	2026-09-27T21:11:20.2477072Z 
build-full	Release audit and compiled-library trust policy	2026-09-27T21:11:20.2477938Z == A2 axiom declarations (gate: none in project proof/test libraries) ==
build-full	Release audit and compiled-library trust policy	2026-09-27T21:11:20.2737096Z PASS: no axiom declarations
build-full	Release audit and compiled-library trust policy	2026-09-27T21:11:20.2737530Z 
build-full	Release audit and compiled-library trust policy	2026-09-27T21:11:20.2738119Z == A2 skipKernelTC guard (gate: none in SP1Clean/) ==
build-full	Release audit and compiled-library trust policy	2026-09-27T21:11:20.3110038Z PASS: no skipKernelTC usage
build-full	Release audit and compiled-library trust policy	2026-09-27T21:11:20.3110467Z 
build-full	Release audit and compiled-library trust policy	2026-09-27T21:11:20.3111057Z == A2 native_decide guard (gate: none in SP1Clean/) ==
build-full	Release audit and compiled-library trust policy	2026-09-27T21:11:20.3443897Z PASS: no native_decide in the main library
build-full	Release audit and compiled-library trust policy	2026-09-27T21:11:20.3444582Z 
build-full	Release audit and compiled-library trust policy	2026-09-27T21:11:20.3448480Z == A2 witness-generation escape-hatch gate (enforced — the witgen cutover is complete) ==
build-full	Release audit and compiled-library trust policy	2026-09-27T21:11:20.3793277Z check_no_witness_native: clean (0 escape-hatch witness sites in SP1Clean/ + ToClean/).
build-full	Release audit and compiled-library trust policy	2026-09-27T21:11:20.3794536Z 
build-full	Release audit and compiled-library trust policy	2026-09-27T21:11:20.3794882Z == A2 witgen export structural (gate) ==
build-full	Release audit and compiled-library trust policy	2026-09-27T21:11:20.4352997Z check_witgen_export: export/witgen structurally clean (25 payloads + 25 manifests + index).
build-full	Release audit and compiled-library trust policy	2026-09-27T21:11:20.4807407Z check_witgen_export: export/testdata structurally clean (25 fixtures, rows consistent with manifests).
build-full	Release audit and compiled-library trust policy	2026-09-27T21:11:20.5120080Z check_witgen_export: export/sp1dump structurally clean (25 dumps, rows match width x height).
build-full	Release audit and compiled-library trust policy	2026-09-27T21:11:20.5155784Z 
build-full	Release audit and compiled-library trust policy	2026-09-27T21:11:20.5156613Z == A2 elaboration-budget escape-hatch gate (allowlist, not a budget) ==
build-full	Release audit and compiled-library trust policy	2026-09-27T21:11:20.5967262Z check_option_escapes: PASS (3 allowlisted site(s), 0 unlisted)
build-full	Release audit and compiled-library trust policy	2026-09-27T21:11:20.5982108Z PASS: every maxHeartbeats/maxRecDepth site is allowlisted with a measured ladder
build-full	Release audit and compiled-library trust policy	2026-09-27T21:11:20.5982916Z 
build-full	Release audit and compiled-library trust policy	2026-09-27T21:11:20.5983402Z == A3 compiled-library trust policy ==
build-full	Release audit and compiled-library trust policy	2026-09-27T21:13:01.5548595Z trust (main): 38601 declarations / 1043 modules; 0 forbidden dependencies
build-full	Release audit and compiled-library trust policy	2026-09-27T21:13:01.5554810Z   report: .lake/build/trust/main.json
build-full	Release audit and compiled-library trust policy	2026-09-27T21:13:57.5621947Z trust (test): 1603 declarations / 67 modules; 0 forbidden dependencies
build-full	Release audit and compiled-library trust policy	2026-09-27T21:13:57.5622869Z   report: .lake/build/trust/test.json
build-full	Release audit and compiled-library trust policy	2026-09-27T21:13:57.5690500Z 
build-full	Release audit and compiled-library trust policy	2026-09-27T21:13:57.5690831Z == AUDIT PASS ==
build-full	Upload trust diagnostics	﻿2026-09-27T21:13:57.5830541Z ##[group]Run actions/upload-artifact@v4
build-full	Upload trust diagnostics	2026-09-27T21:13:57.5830974Z with:
build-full	Upload trust diagnostics	2026-09-27T21:13:57.5833185Z   name: trust-policy-36349817969-1
build-full	Upload trust diagnostics	2026-09-27T21:13:57.5833605Z   path: .lake/build/trust/
build-full	Upload trust diagnostics	2026-09-27T21:13:57.5835535Z   if-no-files-found: ignore
build-full	Upload trust diagnostics	2026-09-27T21:13:57.5837441Z   retention-days: 14
build-full	Upload trust diagnostics	2026-09-27T21:13:57.5839434Z   compression-level: 6
build-full	Upload trust diagnostics	2026-09-27T21:13:57.5841352Z   overwrite: false
build-full	Upload trust diagnostics	2026-09-27T21:13:57.5841645Z   include-hidden-files: false
build-full	Upload trust diagnostics	2026-09-27T21:13:57.5843472Z env:
build-full	Upload trust diagnostics	2026-09-27T21:13:57.5843771Z   SP1_CACHE_VERSION: v2
build-full	Upload trust diagnostics	2026-09-27T21:13:57.5845169Z   CACHE_PATHS: .lake/build
build-full	Upload trust diagnostics	.lake/packages/*
build-full	Upload trust diagnostics	!.lake/packages/mathlib
build-full	Upload trust diagnostics	!.lake/packages/batteries
build-full	Upload trust diagnostics	!.lake/packages/aesop
build-full	Upload trust diagnostics	!.lake/packages/Qq
build-full	Upload trust diagnostics	!.lake/packages/proofwidgets
build-full	Upload trust diagnostics	!.lake/packages/importGraph
build-full	Upload trust diagnostics	!.lake/packages/LeanSearchClient
build-full	Upload trust diagnostics	!.lake/packages/plausible
build-full	Upload trust diagnostics	
build-full	Upload trust diagnostics	2026-09-27T21:13:57.5850388Z   GH_TOKEN: ***
build-full	Upload trust diagnostics	2026-09-27T21:13:57.5852269Z   LEAN_NUM_THREADS: 3
build-full	Upload trust diagnostics	2026-09-27T21:13:57.5854391Z ##[endgroup]
build-full	Upload trust diagnostics	2026-09-27T21:13:57.7592079Z (node:9858) [DEP0040] DeprecationWarning: The `punycode` module is deprecated. Please use a userland alternative instead.
build-full	Upload trust diagnostics	2026-09-27T21:13:57.7595131Z (Use `node --trace-deprecation ...` to show where the warning was created)
build-full	Upload trust diagnostics	2026-09-27T21:13:57.7689292Z With the provided path, there will be 4 files uploaded
build-full	Upload trust diagnostics	2026-09-27T21:13:57.7692394Z Artifact name is valid!
build-full	Upload trust diagnostics	2026-09-27T21:13:57.7693219Z Root directory input is valid!
build-full	Upload trust diagnostics	2026-09-27T21:13:58.0112622Z Beginning upload of artifact content to blob storage
build-full	Upload trust diagnostics	2026-09-27T21:13:58.1986933Z (node:9858) [DEP0169] DeprecationWarning: `url.parse()` behavior is not standardized and prone to errors that have security implications. Use the WHATWG URL API instead. CVEs are not issued for `url.parse()` vulnerabilities.
build-full	Upload trust diagnostics	2026-09-27T21:13:58.4466440Z Uploaded bytes 618197
build-full	Upload trust diagnostics	2026-09-27T21:13:58.4830931Z Finished uploading artifact content to blob storage!
build-full	Upload trust diagnostics	2026-09-27T21:13:58.4831967Z SHA256 digest of uploaded artifact zip is 236918155d057888790c55e44450c30b4d477c34ce5fb05d17064fdc90a5899a
build-full	Upload trust diagnostics	2026-09-27T21:13:58.4834062Z Finalizing artifact upload
build-full	Upload trust diagnostics	2026-09-27T21:13:58.6911715Z Artifact trust-policy-36349817969-1.zip successfully finalized. Artifact ID 10942655331
build-full	Upload trust diagnostics	2026-09-27T21:13:58.6913504Z Artifact trust-policy-36349817969-1 has been successfully uploaded! Final size is 618197 bytes. Artifact ID is 10942655331
build-full	Upload trust diagnostics	2026-09-27T21:13:58.6919953Z Artifact download URL: https://github.com/dtumad/sp1-lean/actions/runs/36349817969/artifacts/10942655331
build-full	Drop this PR's older alignment entries	﻿2026-09-27T21:13:58.7081478Z ##[group]Run python3 scripts/ci/cache_gc.py --repo "dtumad/sp1-lean" --prefix "sp1-v2-Linux-1d1af8e4bb8545c94cdccacb2678423a00445d109d914342d3490bbc0d068f1b" \
build-full	Drop this PR's older alignment entries	2026-09-27T21:13:58.7082656Z ^[[36;1mpython3 scripts/ci/cache_gc.py --repo "dtumad/sp1-lean" --prefix "sp1-v2-Linux-1d1af8e4bb8545c94cdccacb2678423a00445d109d914342d3490bbc0d068f1b" \^[[0m
build-full	Drop this PR's older alignment entries	2026-09-27T21:13:58.7083392Z ^[[36;1m  --only-ref "refs/pull/104/merge" --apply^[[0m
build-full	Drop this PR's older alignment entries	2026-09-27T21:13:58.7146385Z shell: /usr/bin/bash -e {0}
build-full	Drop this PR's older alignment entries	2026-09-27T21:13:58.7146832Z env:
build-full	Drop this PR's older alignment entries	2026-09-27T21:13:58.7147047Z   SP1_CACHE_VERSION: v2
build-full	Drop this PR's older alignment entries	2026-09-27T21:13:58.7148020Z   CACHE_PATHS: .lake/build
build-full	Drop this PR's older alignment entries	.lake/packages/*
build-full	Drop this PR's older alignment entries	!.lake/packages/mathlib
build-full	Drop this PR's older alignment entries	!.lake/packages/batteries
build-full	Drop this PR's older alignment entries	!.lake/packages/aesop
build-full	Drop this PR's older alignment entries	!.lake/packages/Qq
build-full	Drop this PR's older alignment entries	!.lake/packages/proofwidgets
build-full	Drop this PR's older alignment entries	!.lake/packages/importGraph
build-full	Drop this PR's older alignment entries	!.lake/packages/LeanSearchClient
build-full	Drop this PR's older alignment entries	!.lake/packages/plausible
build-full	Drop this PR's older alignment entries	
build-full	Drop this PR's older alignment entries	2026-09-27T21:13:58.7151298Z   GH_TOKEN: ***
build-full	Drop this PR's older alignment entries	2026-09-27T21:13:58.7151536Z   LEAN_NUM_THREADS: 3
build-full	Drop this PR's older alignment entries	2026-09-27T21:13:58.7151773Z ##[endgroup]
build-full	Drop this PR's older alignment entries	2026-09-27T21:13:59.0827222Z 13 entries, 8.94 GB; plan deletes 0 entries, 0.00 GB (APPLY)
build-full	Drop this PR's older alignment entries	2026-09-27T21:13:59.0827753Z deleted 0 entries
build-full	Post Pinned Node for backend conformance	﻿2026-09-27T21:13:59.0963264Z Post job cleanup.
build-full	Post Pinned Node for backend conformance	2026-09-27T21:13:59.2249032Z (node:9882) [DEP0040] DeprecationWarning: The `punycode` module is deprecated. Please use a userland alternative instead.
build-full	Post Pinned Node for backend conformance	2026-09-27T21:13:59.2250565Z (Use `node --trace-deprecation ...` to show where the warning was created)
build-full	Post Pinned Node for backend conformance	2026-09-27T21:13:59.2479699Z [command]/usr/bin/tar --posix -cf cache.tzst --exclude cache.tzst -P -C /home/runner/work/sp1-lean/sp1-lean --files-from manifest.txt --use-compress-program zstdmt
build-full	Post Pinned Node for backend conformance	2026-09-27T21:13:59.4721905Z (node:9882) [DEP0169] DeprecationWarning: `url.parse()` behavior is not standardized and prone to errors that have security implications. Use the WHATWG URL API instead. CVEs are not issued for `url.parse()` vulnerabilities.
build-full	Post Pinned Node for backend conformance	2026-09-27T21:14:00.0465785Z Sent 23461834 of 23461834 (100.0%), 38.3 MBs/sec
build-full	Post Pinned Node for backend conformance	2026-09-27T21:14:00.1648093Z Cache saved with the key: node-cache-Linux-x64-npm-78ae8b1b3da03b386a102c05b9321cf4dffb87341f2bbca4a6f0ac8cf860ec6f
build-full	Post Run actions/checkout@v4	﻿2026-09-27T21:14:00.1815332Z Post job cleanup.
build-full	Post Run actions/checkout@v4	2026-09-27T21:14:00.2705856Z [command]/usr/bin/git version
build-full	Post Run actions/checkout@v4	2026-09-27T21:14:00.2753380Z git version 2.55.0
build-full	Post Run actions/checkout@v4	2026-09-27T21:14:00.2796570Z Temporarily overriding HOME='/home/runner/work/_temp/1f683b82-99b7-4ffc-b0fd-8c74d8a1e802' before making global git config changes
build-full	Post Run actions/checkout@v4	2026-09-27T21:14:00.2798582Z Adding repository directory to the temporary git global config as a safe directory
build-full	Post Run actions/checkout@v4	2026-09-27T21:14:00.2802885Z [command]/usr/bin/git config --global --add safe.directory /home/runner/work/sp1-lean/sp1-lean
build-full	Post Run actions/checkout@v4	2026-09-27T21:14:00.2847258Z [command]/usr/bin/git config --local --name-only --get-regexp core\.sshCommand
build-full	Post Run actions/checkout@v4	2026-09-27T21:14:00.2884596Z [command]/usr/bin/git submodule foreach --recursive sh -c "git config --local --name-only --get-regexp 'core\.sshCommand' && git config --local --unset-all 'core.sshCommand' || :"
build-full	Post Run actions/checkout@v4	2026-09-27T21:14:00.3181497Z [command]/usr/bin/git config --local --name-only --get-regexp http\.https\:\/\/github\.com\/\.extraheader
build-full	Post Run actions/checkout@v4	2026-09-27T21:14:00.3206588Z http.https://github.com/.extraheader
build-full	Post Run actions/checkout@v4	2026-09-27T21:14:00.3218816Z [command]/usr/bin/git config --local --unset-all http.https://github.com/.extraheader
build-full	Post Run actions/checkout@v4	2026-09-27T21:14:00.3259057Z [command]/usr/bin/git submodule foreach --recursive sh -c "git config --local --name-only --get-regexp 'http\.https\:\/\/github\.com\/\.extraheader' && git config --local --unset-all 'http.https://github.com/.extraheader' || :"
build-full	Post Run actions/checkout@v4	2026-09-27T21:14:00.3527101Z [command]/usr/bin/git config --local --name-only --get-regexp ^includeIf\.gitdir:
build-full	Post Run actions/checkout@v4	2026-09-27T21:14:00.3570999Z [command]/usr/bin/git submodule foreach --recursive git config --local --show-origin --name-only --get-regexp remote.origin.url
build-full	Complete job	﻿2026-09-27T21:14:00.4011768Z Cleaning up orphan processes
build-full	Complete job	2026-09-27T21:14:00.4462672Z ##[warning]Node.js 20 is deprecated. The following actions target Node.js 20 but are being forced to run on Node.js 24: actions/cache/restore@v4, actions/cache/save@v4, actions/checkout@v4, actions/setup-node@v4, actions/upload-artifact@v4. For more information see: https://github.blog/changelog/2025-09-19-deprecation-of-node-20-on-github-actions-runners/
